tree
version=v4
num_class=1
num_tree_per_iteration=1
label_index=0
max_feature_idx=19
objective=binary sigmoid:1
feature_names=return_1 return_2 return_3 return_6 return_12 return_24 return_48 ma_5 ma_10 ma_20 ma_60 rolling_std_12 rolling_std_24 rolling_std_48 high_low_range volume_zscore_20 trade_count_change_1 body_ratio upper_shadow_ratio lower_shadow_ratio
feature_infos=[-0.073381578862939834:0.040815670958649353] [-0.091423178590933962:0.042864331380368714] [-0.096354565681583404:0.070814441820102214] [-0.11049235696906867:0.087801175010286281] [-0.1095873248370608:0.088853059852892047] [-0.10813448792208258:0.091532370034365762] [-0.11933578052488047:0.1056526642373381] [50022.758000000002:125850.242] [50156.214:125751.86200000001] [50473.117500000008:125573.1335] [51358.473333333335:125359.32249999999] [5.5404113410234905e-05:0.02841141552832532] [9.8782208962951086e-05:0.019922433246192309] [0.00013082230875795353:0.014141769087424379] [8.1747560177143908e-08:0.083778775835713221] [-2.5393999740277975:4.2469116631925541] [-0.92855532453217771:35.63405873653074] [0:1] [0:1] [0:1]
tree_sizes=3580 3555 3571 3568 3585 3588 3583 3582 3580 3573 3561 3586 3580 3577 3579 3588 3592 3593 3570 3576 3589 3590 3588 3593 3580 3579 3597 3595 3581 3591 3606 3592 3601 3604 3583 3584 3593 3587 3599 3581 3610 3602 3587 3592 3594 3591 3588 3560 3586 3586 3593 3589 3574 3579 3563 3597 3595 3569 3599 3570 3571 3597 3586 3551 3584 3564 3543 3584 3592 3589 3571 3594 3557 3573 3553 3572 3584 3552 3566 3573 3604 3561 3556 3570 3538 3611 3558 3592 3580 3588 3533 3579 3551 3594 3592 3526 3602 3554 3563 3547 3571 3597 3583 3589 3566 3587 3542 3550 3581 3590 3581 3539 3604 3516 3576 3579 3546 3546 3563 3542 3549 3562 3545 3492 3547 3535 3565 3552 3517

Tree=0
num_leaves=31
num_cat=0
split_feature=12 11 13 14 14 14 11 13 12 13 12 5 11 14 13 12 11 9 5 9 7 14 14 9 13 8 6 5 12 5
split_gain=13351.5 2368.75 2319.8 545.501 432.274 394.702 286.92 141.936 140.603 119.67 103.532 102.637 90.2186 82.7416 75.5324 71.3824 71.1803 64.9752 61.0191 57.9831 54.3875 54.1077 51.3769 48.5517 44.7152 42.0561 41.0447 41.453 40.575 40.4595
threshold=0.00097556777077584115 0.0015685173936536621 0.00066651012267614446 0.0015842165854716781 0.003475768497969912 0.0011567348833449547 0.00055461665600805698 0.00086392500765472265 0.0011967701259586845 0.0015962174911624946 0.0012695452170527694 -0.0050578086138919334 0.0031238244834826952 0.001131540735620209 0.00046750788417634085 0.00062762073478707934 0.00097375596383162137 104209.62550000001 -0.0018407867813128307 105250.63025000002 108113.65100000001 0.002761044833673388 0.0015158153373611264 104344.85225000001 0.0020299866069163237 115193.49850000003 0.0095458612831947915 -0.0013510212745291292 0.00079867633717018436 0.0027794048955460675
decision_type=2 2 2 2 2 2 2 2 2 2 2 2 2 2 2 2 2 2 2 2 2 2 2 2 2 2 2 2 2 2
left_child=2 3 6 8 9 7 14 15 16 -3 18 28 -6 -8 29 -4 20 24 -5 -10 -2 23 -11 -13 -12 -17 27 -9 -7 -1
right_child=1 4 5 10 12 11 13 26 19 22 17 21 -14 -15 -16 25 -18 -19 -20 -21 -22 -23 -24 -25 -26 -27 -28 -29 -30 -31
leaf_value=-0.047464102504521037 -0.0049678320936764175 0.016168478141384449 -0.028900412174497934 0.015044615020810127 0.032763055251212196 -0.005939594210892205 -0.031095935201957227 -0.0071746284843331671 0.0081948791938521344 0.01610853403821224 0.017543786363916847 -0.0047947717055748882 0.04349939608345639 -0.017706077483663842 -0.03766819161037812 -0.017175557913760034 0.00046489207170706027 0.0085889204784192121 0.005949063369544403 -0.001667884528300435 -0.018529870455428754 0.0093971221506308107 0.026859628137979149 -0.01231938217480397 0.027683200607602161 -0.02834996958214105 0.0037594024380315011 -0.015368557425670688 0.014277990005539559 -0.020028384318910852
leaf_weight=1459.3590080291033 1061.3110987097025 1851.5608462095261 808.6907499730587 1077.6986670196056 2248.4696689993143 123.39113990962505 1533.1059676259756 814.29187573492527 2176.4420500248671 458.95459768176079 2018.1865285784006 2171.1122880280018 1032.0513620376587 572.10095809400082 2038.9203629940748 2255.2710143476725 1943.711331948638 609.81682904064655 1733.5437948852777 711.28631280362606 355.63933674991131 180.00581336021423 3229.8179890215397 1199.3948618471622 487.86070428788662 351.66398918628693 142.15499003231525 1762.7691109478474 321.52738121151924 50.639592051506042
leaf_count=6819 4320 6982 3566 4081 7950 504 6808 3340 8453 1731 7571 8832 3492 2432 9244 9570 7762 2365 6788 2862 1516 696 11690 5007 1760 1548 561 7435 1221 217
internal_value=4.6127e-08 0.0156718 -0.0208464 0.00709467 0.0275104 -0.0122536 -0.0362409 -0.0170326 0.000909489 0.0223978 0.0136145 -0.00491457 0.0361428 -0.0274596 -0.0414482 -0.0211054 -0.00326148 0.0173819 0.00943735 0.00576454 -0.00837494 -0.00661717 0.0255233 -0.00747358 0.0195199 -0.0186851 -0.0119151 -0.012781 0.00866415 -0.0465474
internal_weight=36780.8 20996.4 15784.4 12175.5 8820.85 10130.3 5654.13 6134.84 6248.39 5540.33 5927.11 3995.43 3280.52 2105.21 3548.92 3415.63 3360.66 3115.86 2811.24 2887.73 1416.95 3550.51 3688.77 3370.51 2506.05 2606.94 2719.22 2577.06 444.919 1510
internal_count=147123 79323 67800 47478 31845 42280 25520 26020 24913 20403 22565 16260 11442 9240 16280 14684 13598 11696 10869 11315 5836 14535 13421 13839 9331 11118 11336 10775 1725 7036
is_linear=0
shrinkage=1


Tree=1
num_leaves=31
num_cat=0
split_feature=13 13 13 13 4 3 13 13 13 5 7 3 5 7 8 1 15 8 5 15 4 2 4 3 15 13 5 3 5 6
split_gain=11747.1 2538.77 1774.82 636.398 390.925 235.687 198.546 180.981 164.224 139.897 118.577 113.754 104.891 98.3117 81.5006 73.1026 70.1937 64.3469 57.5202 55.9673 54.1474 53.4918 42.2221 42.0683 41.092 40.2794 39.6802 37.7351 43.949 37.6799
threshold=0.0009398277551855086 0.0014207478014663585 0.00064948489652214491 0.0021010940198595953 -0.0045224635976653374 -0.003321558592284612 0.00046750788417634085 0.00078519737472450225 0.0011122730847201573 -0.0055382390528797001 105126.982 -0.0067560172787827213 0.0028895620528633929 105026.98400000001 97065.652000000016 0.0027625572786571522 0.64852500826228898 104202.05250000002 -0.003204166476985459 0.15788861538104926 -0.0026351725460120874 0.0037566146855755327 0.001444435966828417 -0.0067560172787827213 0.88164658926631101 0.0026241499810997679 -0.0030672418912272566 0.002008307840244306 -0.0018407867813128307 -0.00067164911859340915
decision_type=2 2 2 2 2 2 2 2 2 2 2 2 2 2 2 2 2 2 2 2 2 2 2 2 2 2 2 2 2 2
left_child=2 4 6 5 24 23 22 16 10 -9 -6 -5 20 19 25 18 -4 21 -10 -11 -8 26 -1 -3 -2 -13 -7 28 29 -15
right_child=1 3 7 11 8 17 12 9 15 13 -12 14 -14 27 -16 -17 -18 -19 -20 -21 -22 -23 -24 -25 -26 -27 -28 -29 -30 -31
leaf_value=-0.046474789940059311 0.014850067072713644 0.036435026450726271 -0.021035364836264073 0.043567814376983073 -0.00010109545378403291 0.019721063056409364 -0.020729108223817558 0.0080239487899145239 0.0095032816200216301 -0.010794448555548468 -0.010506340046550378 0.028620637503631016 -0.01766275216731578 -0.0046491210708211345 0.022162013783118027 0.016924821745092324 -0.010901009661189374 0.008424088767047368 0.0017003401955975404 -0.0015584283971643018 -0.035055133253096879 0.025371503928137955 -0.031067890687431137 0.02486420216450827 0.026551737040160211 0.035663436729521214 0.013220453693300454 -0.0064267817590289052 -0.022753836533130817 -0.025495612034085558
leaf_weight=1437.0730360597372 798.32598060369492 402.88324545323849 2729.7920283228159 591.36412264406681 2993.288148984313 1163.7805862128735 259.81798210740089 367.84797669947147 1060.6030941456556 1802.7735541760921 1469.96212233603 1543.4017553478479 403.79863055050373 271.96389240026474 1028.6577428728342 376.43862365186214 796.30844870209694 1250.9787425398827 4293.8157814592123 879.33508294820786 2969.5227716863155 499.68347552418709 182.55660428106785 969.34726813435555 410.53603206574917 1409.6248943060637 3121.1382551491261 245.89680622518063 935.77402624487877 109.65895229578018
leaf_count=6726 3022 1399 11757 1992 11979 4321 1119 1429 4096 7495 6102 5531 1722 1107 3781 1413 3313 4849 17065 3539 13399 1814 814 3528 1485 4908 11881 1007 4051 479
internal_value=0 0.0128313 -0.0224045 0.0224749 0.0026986 0.0170411 -0.0359996 -0.0136302 0.000785401 -0.00971747 -0.00352887 0.0312758 -0.0321004 -0.0112556 0.0294484 0.00414593 -0.0187479 0.0144881 0.00324666 -0.00776769 -0.0339041 0.0160728 -0.0447421 0.028266 0.0188284 0.0319846 0.0149871 -0.0172368 -0.0192516 -0.0106523
internal_weight=36775.9 23383.8 13392.1 11980.9 11403 7407.81 5252.77 8139.35 10194.1 4613.25 4463.25 4573.05 3633.14 4245.4 3981.68 5730.86 3526.1 6035.58 5354.42 2682.11 3229.34 4784.6 1619.63 1372.23 1208.86 2953.03 4284.92 1563.29 1317.4 381.623
internal_count=147123 89166 57957 44004 45162 27792 23780 34177 40655 19107 18081 16212 16240 17678 14220 22574 15070 22865 21161 11034 14518 18016 7540 4927 4507 10439 16202 6644 5637 1586
is_linear=0
shrinkage=0.03


Tree=2
num_leaves=31
num_cat=0
split_feature=12 11 12 14 14 14 13 4 12 3 7 14 12 12 11 12 8 14 13 11 12 14 13 14 5 13 5 7 7 13
split_gain=11893 2129.66 2074.35 499.37 420.748 391.054 247.1 135.485 127.34 122.524 110.98 106.38 100.197 94.3755 81.3237 73.5567 71.0979 68.0745 58.9148 57.569 55.3862 51.7571 47.1534 43.4055 39.3489 38.6059 38.3315 37.8866 37.7056 37.2717
threshold=0.00097556777077584115 0.0015685173936536621 0.00058467844625117321 0.001388556565732282 0.0011908229862556145 0.003475768497969912 0.00074157992038469546 -0.0039090221862881349 0.00040998856650436769 -0.0028785825286137263 104930.39500000003 0.0018313997132282649 0.0012109050773425724 0.0013583234432204166 0.0031238244834826952 0.00081255715391342703 57902.651000000013 0.0010341568814612302 0.0010118303015152232 0.00096854124519611944 0.0023992559874640418 0.00069781333037181837 0.00062777428671502271 0.002761044833673388 0.0027794048955460675 0.0019890151577546373 0.0025017875240256342 95515.358000000007 93596.019000000015 0.00056294368488964206
decision_type=2 2 2 2 2 2 2 2 2 2 2 2 2 2 2 2 2 2 2 2 2 2 2 2 2 2 2 2 2 2
left_child=2 3 8 12 6 11 26 -5 -1 -6 13 -3 19 -9 -7 -11 -10 22 21 -2 27 -8 24 28 -18 -15 29 -13 -17 -4
right_child=1 5 4 7 9 14 18 10 16 15 -12 20 -14 25 -16 23 17 -19 -20 -21 -22 -23 -24 -25 -26 -27 -28 -29 -30 -31
leaf_value=-0.044369368121830045 -0.0091921083699538029 0.014734748825666907 -0.038606421820155917 0.020014716579996865 0.0090021987205876168 0.031029600762647509 -0.019809065800063166 0.008317338332919106 0.023504430447873554 -0.011636588054384259 0.0019067389715121581 0.024505075352240134 0.0043670686632518996 0.014657489202307304 0.04123036861684172 0.00076073064162161818 -0.039419865728968023 -0.023781331662331283 -0.0074232366857092651 -0.00062528224410276026 0.029711852523728141 -0.01227813758822926 -0.029092034040289566 0.013670067671750856 -0.024232823280388529 0.024814694230155115 -0.017523905810203983 0.017416499409138357 -0.0079542602880494917 -0.025418988126069637
leaf_weight=1365.0799964666367 1231.4426998198032 1636.7524948269129 219.63523536920547 1417.2299752235413 490.19161167740822 2246.4654193073511 1322.5553016215563 2691.300827011466 19.500884741544724 1653.7177772074938 1291.1896208971739 1700.6173837184906 2070.8406108468771 1366.5322463065386 1030.4766241163015 778.6735632866621 1792.3175661712885 517.75363206863403 1203.9755939245224 1656.2616444528103 1061.4690819233656 2180.798433855176 718.91714881360531 130.41800613701344 169.76833210885525 449.0795251429081 491.80803401768208 1138.7975313812494 1046.3422061502934 1673.5321355760098
leaf_count=6380 5091 6184 1006 5249 1899 7950 5680 10433 72 6905 5126 6184 8143 5167 3492 3108 8238 2259 4948 6639 3777 9129 3189 496 742 1630 2100 4258 4310 7339
internal_value=0 0.0147928 -0.0196817 0.00666087 -0.0127193 0.0260234 -0.0171418 0.0116978 -0.0366813 -0.00506706 0.00966405 0.0211604 -0.00066797 0.0118857 0.0342394 -0.00697897 -0.0334181 -0.0337668 -0.0131541 -0.00427978 0.0238553 -0.0151225 -0.0356931 -0.00303807 -0.0381086 0.0171727 -0.0250103 0.0216638 -0.00423438 -0.0269525
internal_weight=36763.4 20988.5 15775 12173.9 11191.6 8814.58 7092.3 7215.33 4583.34 4099.34 5798.1 5537.64 4958.54 4506.91 3276.94 3609.15 3218.26 3198.76 4707.33 2887.7 3900.88 3503.35 2681 1955.43 1962.09 1815.61 2384.98 2839.41 1825.02 1893.17
internal_count=147123 79323 67800 47478 46920 31845 30202 27605 20880 16718 22356 20403 19873 17230 11442 14819 14500 14428 19757 11730 14219 14809 12169 7914 8980 6797 10445 10442 7418 8345
is_linear=0
shrinkage=0.03


Tree=3
num_leaves=31
num_cat=0
split_feature=12 11 12 14 14 14 13 13 12 3 3 14 9 11 12 11 12 7 14 13 12 10 9 5 13 14 10 2 5 11
split_gain=11197.3 2007.36 1958.99 473.201 396.261 369.617 233.066 122.267 118.35 115.293 107.655 100.323 92.1463 77.1094 69.232 68.6665 65.0057 62.416 60.0915 55.4802 52.3108 50.4106 49.9818 42.9015 41.4547 40.8452 38.5096 37.5725 36.1699 35.8381
threshold=0.00097556777077584115 0.0015685173936536621 0.00058467844625117321 0.0015842165854716781 0.0011908229862556145 0.003475768497969912 0.00074157992038469546 0.00046750788417634085 0.0012617436421484541 -0.0028785825286137263 -0.0035942136485044847 0.0018313997132282649 104209.62550000001 0.0031238244834826952 0.00081255715391342703 0.00096299773784547173 0.0013583234432204166 58469.245000000003 0.0011484853701847545 0.0010118303015152232 0.0023992559874640418 107456.18000000002 105382.49375000001 -0.0024943840426477344 0.00062777428671502271 0.002761044833673388 103133.599 -0.0045111074987689284 0.0025017875240256342 0.00067410959916185944
decision_type=2 2 2 2 2 2 2 2 2 2 2 2 2 2 2 2 2 2 2 2 2 2 2 2 2 2 2 2 2 2
left_child=2 3 7 8 6 11 28 -1 15 -6 -5 -3 16 27 29 22 -12 -9 24 21 -13 -8 -2 -17 -19 -16 -10 -7 -4 -11
right_child=1 5 4 10 9 13 19 17 26 14 12 20 -14 -15 25 23 -18 18 -20 -21 -22 -23 -24 -25 -26 -27 -28 -29 -30 -31
leaf_value=-0.042301097996739347 -0.0037569878846415469 0.014297101911453877 -0.026168510063701581 0.022089114494686788 0.00873225862594414 0.037322487057881985 -0.012174452309106576 0.0091583326356908974 0.0088640456517458978 -0.017996164656215362 0.0097366543701952451 0.02102612087570338 0.0035397055759674736 0.040075868590078674 -0.0041074826342672194 0.0070021416349780969 0.017652604820359411 -0.036526721130167576 -0.020384034841237832 -0.0072009334603203605 0.028851401041055682 -0.019871207166348822 -0.015504514938733591 -0.0017661044942034693 -0.028264084083570708 0.013261515994000172 0.00033130820845534635 0.028018994304954623 -0.017006496103943988 -0.0083724841703044801
leaf_weight=1611.9544077068567 1060.5444521456957 1636.2594138383865 1891.4233938902617 900.87241321802139 490.18766567111015 509.3914480805397 2366.0635822415352 32.611890330910683 1545.7070368379354 500.68983832001686 2207.9460953623056 2837.8030846565962 1193.4908164143562 1028.3903945088387 1824.942405372858 699.03201501071453 1622.1767346411943 1808.2926377803087 329.92665445804596 1203.9138761013746 1060.351126357913 1136.3266110420227 471.22569282352924 1782.2703478932381 792.70334346592426 130.40599493682384 688.93998108804226 1734.4894419163465 491.57424737513065 1152.7520695477724
leaf_count=7533 4302 6184 8345 3304 1899 1752 9917 127 5972 2139 8504 10442 4706 3492 7418 2724 6051 8273 1427 4948 3777 4892 1994 7172 3520 496 2749 6198 2100 4766
internal_value=0 0.0143558 -0.0191053 0.006462 -0.0123416 0.0252658 -0.0166348 -0.035643 0.000701437 -0.00491546 0.0125362 0.0205378 0.0108221 0.0332605 -0.00677027 -0.00237915 0.0130905 -0.0320192 -0.0324787 -0.0127624 0.0231562 -0.014673 -0.00737367 0.000703058 -0.0340109 -0.00294696 0.00623488 0.0301339 -0.0242806 -0.0112894
internal_weight=36742.7 20978.9 15763.8 12172.2 11188.3 8806.68 7089.3 4575.49 6247.72 4098.98 5924.49 5534.41 5023.61 3272.27 3608.79 4013.07 3830.12 2963.53 2930.92 4706.3 3898.15 3502.39 1531.77 2481.3 2601 1955.35 2234.65 2243.88 2383 1653.44
internal_count=147123 79323 67800 47478 46920 31845 30202 20880 24913 16718 22565 20403 19261 11442 14819 16192 14555 13347 13220 19757 14219 14809 6296 9896 11793 7914 8721 7950 10445 6905
is_linear=0
shrinkage=0.03


Tree=4
num_leaves=31
num_cat=0
split_feature=11 13 11 11 13 11 11 3 4 9 4 10 13 3 2 13 13 13 13 10 3 3 13 11 5 13 10 8 5 9
split_gain=10463.1 2075.23 1740.15 361.674 309.84 277.411 210.175 129.897 129.375 119.297 100.397 91.9771 89.1251 86.9926 74.2351 73.2573 72.9712 71.1045 60.8028 59.8894 55.2832 53.8369 52.7354 48.7693 48.1639 47.0202 42.8631 37.6575 37.1498 35.7129
threshold=0.00096299773784547173 0.00068360336293240252 0.0017395785243959128 0.0012311219805144918 0.00091593088512147516 0.00055461665600805698 0.0030182305929653207 -0.0023097741705397352 -0.0035667044848905478 104823.48575000001 -0.0046421169745090576 104349.09433333334 0.0013122979653969792 -0.0067560172787827213 0.0017901092177825542 0.00088765635312890525 0.0020535484351261756 0.0016086028413831133 0.00046750788417634085 58678.127000000008 -0.003089825751134367 -0.003321558592284612 0.00056294368488964206 0.00085018158918218534 -0.0051729677909217999 0.0010168581954896349 103914.93508333334 97184.611000000019 0.0027794048955460675 68220.991750000001
decision_type=2 2 2 2 2 2 2 2 2 2 2 2 2 2 2 2 2 2 2 2 2 2 2 2 2 2 2 2 2 2
left_child=1 5 3 7 9 18 13 24 -6 21 -5 15 19 -4 22 -9 26 -15 28 -10 -11 -3 -7 -21 -2 -26 29 -19 -1 -12
right_child=2 4 6 10 8 14 -8 11 12 20 16 -13 -14 17 -16 -17 -18 27 -20 23 -22 -23 -24 -25 25 -27 -28 -29 -30 -31
leaf_value=-0.042483118740605542 0.020391203941030327 0.01093523844228163 0.034790700452606731 0.021043514597019641 0.0096207914665409292 -0.032312756471962779 0.036437970741342231 -0.0076682508571369722 0.0072228027460791884 0.0043343252953692629 0.0075421893991930123 -0.0054271455157112666 0.0017112693527423634 0.016781315972335308 -0.0041273002699153257 0.0051084137687419278 0.020221739632287926 0.026729250867136106 -0.033710181576493331 -0.01149235134460205 -0.021321901992601307 -0.011863559283821308 -0.02198580726744381 -0.0040777957878903549 -0.0038499159907970249 0.012421045547545865 0.0052765279917712689 0.01993886528977994 -0.016146875742662322 0.013722501570073058
leaf_weight=1447.8949059545994 393.09077082574368 95.977684065699577 584.25698980689049 1110.1126299202442 514.9720956236124 640.84086354076862 1513.2612647712231 466.5739528387785 212.7186136841774 78.246458172798157 1295.0855024158955 1539.8730251789093 1020.3789460062981 1394.6145919412374 163.83666098117828 2995.3081820458174 705.82434038817883 2562.4119271934032 2160.697609230876 2516.6023814678192 2051.7202811539173 3017.4092218577862 1477.6524762064219 1171.7306572943926 230.50620493292809 519.27033193409443 1323.7183757126331 1039.5431767404079 50.417200699448586 2419.8628519028425
leaf_count=6819 1452 369 2027 4081 1987 2901 5211 1924 830 309 5020 6287 4053 5211 672 11740 2601 9194 9839 10509 8900 12656 6449 4764 936 1979 5185 3833 217 9168
internal_value=-4.40655e-08 -0.0176088 0.0145657 0.00804333 -0.00970176 -0.0318212 0.0265167 0.00275741 -0.00468251 -0.014905 0.0127812 0.000671662 -0.00617996 0.0238254 -0.0236076 0.0033854 0.0111837 0.0225419 -0.0369428 -0.00824479 -0.0203778 -0.0111594 -0.0251125 -0.00913784 0.0118822 0.00741496 0.00991664 0.024771 -0.0416001 0.011569
internal_weight=36714.4 16621.1 20093.3 12999.2 10679.8 5941.34 7094.09 6144.62 5436.4 5243.35 6854.6 5001.76 4921.43 5580.83 2282.33 3461.88 5744.49 4996.57 3659.01 3901.05 2129.97 3113.39 2118.49 3688.33 1142.87 749.777 5038.67 3601.96 1498.31 3714.95
internal_count=147123 71274 75849 50373 44377 26897 25476 24318 22143 22234 26055 19951 20156 20265 10022 13664 21974 18238 16875 16103 9209 13025 9350 15273 4367 2915 19373 13027 7036 14188
is_linear=0
shrinkage=0.03


Tree=5
num_leaves=31
num_cat=0
split_feature=12 11 12 14 14 14 13 13 3 9 3 14 12 8 14 8 11 8 12 13 12 14 6 8 11 8 14 14 12 6
split_gain=9949.46 1787.74 1761.49 434.125 340.186 326.091 162.861 157.057 118.395 97.1951 95.3659 92.2773 87.6905 85.1111 76.9785 75.4268 69.0546 57.9165 54.8894 51.5613 47.3736 46.8519 46.807 47.0962 41.5218 41.4829 39.9069 34.8872 34.507 34.4119
threshold=0.00097556777077584115 0.0015685173936536621 0.00061187499133408209 0.0013784550177157451 0.003475768497969912 0.0011567348833449547 0.00074157992038469546 0.00046750788417634085 -0.0035942136485044847 104209.62550000001 -0.0028785825286137263 0.0018313997132282649 0.0013844158983316553 105654.29000000002 0.0011155732392981357 57902.651000000013 0.0031238244834826952 94757.715000000011 0.0011770883854707408 0.00062777428671502271 0.0026049057837776706 0.0021712085492365304 0.0062985459917300765 110713.58000000002 0.00097891277940900844 97184.611000000019 0.0028309636865445228 0.0010341568814612302 0.00080771688519521204 0.0059399358847369585
decision_type=2 2 2 2 2 2 2 2 2 2 2 2 2 2 2 2 2 2 2 2 2 2 2 2 2 2 2 2 2 2
left_child=2 3 7 13 11 6 -4 27 -5 12 -7 -3 21 18 15 -9 -6 28 -2 29 25 -10 23 -8 -15 -13 -19 -1 -12 -17
right_child=1 4 5 8 16 10 22 14 9 -11 17 20 -14 24 -16 19 -18 26 -20 -21 -22 -23 -24 -25 -26 -27 -28 -29 -30 -31
leaf_value=-0.041283088933290087 -0.0020654082501028372 0.013328814133395926 -0.022493651497696381 0.020348267025151166 0.028581066621135392 0.0079151028180503291 -0.011478727855099867 0.027215906215065724 0.0053638480523313867 0.0026857062250970859 -0.0074259931595344261 0.022715403902216626 0.016628806937321237 -0.013839729226572488 -0.018186504879995399 -0.034479327930369903 0.038014497389339055 -0.010247627793236109 0.0054252149199826849 -0.025668244390148205 0.028808485190902944 0.013230941843978107 -0.0041561347293099099 -0.019517857941581233 -0.0030648610160668396 0.015455329230214717 0.0094278778505036184 -0.023180516452994765 0.0017268833424002898 -0.0088834133157291682
leaf_weight=1497.7135923951864 1778.9178200513124 1634.4622586965561 1943.6000678092241 995.73034904897213 2236.5478381067514 493.0650483071804 2944.7028017044067 20.031512022018433 1901.3817899227142 1549.3708807379007 598.26138919591904 2095.8023919314146 1770.8337360024452 521.42716410756111 525.87735314667225 1949.9330960512161 1022.2353447675705 2033.0932714939117 1742.3041892796755 1068.8170275390148 716.99019061028957 1063.8138152211905 586.12693074345589 846.17775338888168 843.57315304875374 1076.8470801413059 96.978267952799797 103.66154454648495 973.43327827751637 48.85659171640873
leaf_count=7077 7172 6184 8523 3667 7950 1914 12339 73 7435 6128 2471 7635 6618 2198 2270 8957 3492 8477 6813 4736 2546 4037 2394 3652 3410 4038 375 461 3875 206
internal_value=-9.18126e-08 0.0135385 -0.0180315 0.0060925 0.0238533 -0.0109612 -0.0152651 -0.0322872 0.0107346 0.00921085 -0.00447515 0.0193164 0.0113448 -0.000824345 -0.0288165 -0.0306253 0.0315422 -0.00612648 0.00164016 -0.0310049 0.0218313 0.00818766 -0.0120542 -0.0132744 -0.00718375 0.0202527 -0.00935003 -0.0401147 -0.00175548 -0.0338557
internal_weight=36680.6 20950.2 15730.3 12167.4 8782.89 10515.4 6320.61 5214.89 7281.13 6285.4 4194.83 5524.1 4736.03 4886.22 3613.52 3087.64 3258.78 3701.77 3521.22 3067.61 3889.64 2965.2 4377.01 3790.88 1365 3172.65 2130.07 1601.38 1571.69 1998.79
internal_count=147123 79323 67800 47478 31845 44020 26908 23780 27885 24218 17112 20403 18090 19593 16242 13972 11442 15198 13985 13899 14219 11472 18385 15991 5608 11673 8852 7538 6346 9163
is_linear=0
shrinkage=0.03


Tree=6
num_leaves=31
num_cat=0
split_feature=12 12 12 14 14 14 13 11 14 12 3 7 12 3 8 8 14 17 12 5 13 6 14 5 7 5 13 5 13 14
split_gain=9373.15 1694.78 1673.04 388.746 372.05 343.365 185.257 130.817 110.946 108.486 101.991 75.5019 71.1296 69.5611 60.7362 58.6904 57.8601 56.1287 51.6885 49.8335 50.2066 47.2025 43.7531 42.4565 40.5198 38.406 36.4576 36.2628 35.3544 34.1459
threshold=0.00097556777077584115 0.0015531223872100629 0.00058467844625117321 0.001938778374721226 0.003251021468619606 0.0011074027849828844 0.00074157992038469546 0.0011709716373509819 0.0016928341394664254 0.00040998856650436769 -0.0026939909304423133 105520.03999999999 0.0027275666882357013 -0.0037985475612744009 57902.651000000013 94757.715000000011 0.0010341568814612302 0.53597573289896971 0.0023992559874640418 -0.0017942814360355495 0.0010325440874167445 0.0097882540050113782 0.00069781333037181837 0.0028325676401592674 96866.508000000016 -0.002805109861436061 0.00061710423859249661 -0.0076378359845919444 0.00088252922710377638 0.0028309636865445228
decision_type=2 2 2 2 2 2 2 2 2 2 2 2 2 2 2 2 2 2 2 2 2 2 2 2 2 2 2 2 2 2
left_child=2 3 9 7 8 6 -4 11 -3 -1 27 -2 -6 -5 -11 28 23 -15 24 -13 -21 22 -8 26 -10 -9 -16 -7 -12 -17
right_child=1 4 5 13 12 10 21 25 18 14 15 19 -14 17 16 29 -18 -19 -20 20 -22 -23 -24 -25 -26 -27 -28 -29 -30 -31
leaf_value=-0.040030277994041602 0.00061627659745629442 0.011382625303573547 -0.022792584013369338 0.022017849436722265 0.026892238972776622 0.02381749310628152 -0.016538949553909922 0.011011610067410142 0.021177357231953929 0.022730483992120888 -0.0073733389175687034 0.0011108741871154076 0.035611955904406599 0.016320648683772254 -0.035589473370820274 -0.010594360111076576 -0.020957346279993322 0.0081306824151983446 0.026347777968675885 -0.023603617182773647 -0.0075261221016790876 0.0040865051682236293 -0.010185370952558734 -0.020423746587607056 0.013995357720905368 0.0039629276811604464 -0.02738275343678245 0.0032764789922443199 0.0012667823422577312 0.0077215499944298981
leaf_weight=1346.1641490906477 3131.8719297349453 1668.45037715137 2219.1758887916803 675.73503041267395 2220.5349769294262 91.07861901819706 1621.6615503877401 982.47055402398109 1978.159248650074 19.510614916682243 769.97441683709621 364.90682628750801 1365.3535639047623 1255.3798818290234 1704.838134303689 2288.5195359289646 515.0510665923357 1889.6561416089535 1040.4332088679075 244.886828109622 614.29965905845165 156.03539256751537 2462.1480279117823 260.4211657345295 1106.9708453118801 2392.2424824386835 691.03626258671284 514.29162676632404 953.49458612501621 95.165563866496086
leaf_count=6380 12484 6361 9783 2468 7942 332 6936 3757 7245 72 3182 1456 4711 4702 7928 9572 2259 7298 3729 1068 2528 618 10290 1143 4173 9401 3098 2033 3804 370
internal_value=-1.59937e-07 0.0131446 -0.0175155 0.00545183 0.0226179 -0.0112756 -0.0157683 0.0015823 0.0179157 -0.0328787 -0.00511707 -0.00185213 0.0302141 0.0132801 -0.0298595 -0.00681182 -0.0301847 0.0114012 0.0205567 -0.00816958 -0.0121143 -0.0120905 -0.0127094 -0.0319719 0.0186019 0.00601614 -0.0332249 0.00637528 -0.00259173 -0.00986157
internal_weight=36639.9 20931.4 15708.6 11551.4 9379.9 11171.5 6459.02 7730.68 5794.01 4537.02 4712.52 4355.97 3585.89 3820.77 3190.86 4107.15 3171.35 3145.04 4125.56 1224.09 859.186 4239.84 4083.81 2656.3 3085.13 3374.71 2395.87 605.37 1723.47 2383.69
internal_count=147123 79323 67800 45162 34161 46920 27627 30694 21508 20880 19293 17536 12653 14468 14500 16928 14428 12000 15147 5052 3596 17844 17226 12169 11418 13158 11026 2365 6986 9942
is_linear=0
shrinkage=0.03


Tree=7
num_leaves=31
num_cat=0
split_feature=12 12 12 14 14 14 13 4 14 12 3 14 4 12 8 12 14 7 6 8 14 7 2 13 7 13 4 13 13 6
split_gain=8831.63 1600.66 1587.31 366.114 353.372 323.76 175.23 127.951 104.888 104.047 95.9916 91.9674 70.7527 68.5639 57.3756 55.9923 55.3848 49.205 44.4525 43.5658 41.253 40.3914 39.9931 39.8117 36.962 35.2144 34.3296 34.1682 34.1104 33.6894
threshold=0.00097556777077584115 0.0015531223872100629 0.00058467844625117321 0.001938778374721226 0.003251021468619606 0.0011074027849828844 0.00074157992038469546 -0.002423532612663037 0.0016928341394664254 0.00040998856650436769 -0.0026939909304423133 0.0010588101542396082 -0.0040882002967403954 0.0029607861990862223 57902.651000000013 0.00078443611882360288 0.0011237270657978007 97185.58100000002 0.0097882540050113782 105830.42350000002 0.00069781333037181837 94627.012000000017 -0.0045111074987689284 0.00062777428671502271 105026.98400000001 0.0010828228517179067 -0.0053431986789395638 0.0026241499810997679 0.00076648152371418005 0.0059399358847369585
decision_type=2 2 2 2 2 2 2 2 2 2 2 2 2 2 2 2 2 2 2 2 2 2 2 2 2 2 2 2 2 2
left_child=2 3 9 7 8 6 -4 25 -3 -1 26 -9 -5 22 -11 -12 23 27 20 -13 -8 28 -6 29 -14 -2 -7 -10 -17 -16
right_child=1 4 5 12 13 10 18 11 17 14 15 19 24 -15 16 21 -18 -19 -20 -21 -22 -23 -24 -25 -26 -27 -28 -29 -30 -31
leaf_value=-0.039042829473492448 0.0024647733224065693 0.011046519942082122 -0.022149427085128251 0.020233096685108622 0.033943587580776403 0.018784883644172086 -0.016055045354254463 -0.0054807251885538978 0.020700718586727056 0.022046332369752918 -0.01097891420907505 0.0039854128696649926 0.012391779387230305 0.03568061002337438 -0.033675289415094678 -0.01749010981259783 -0.018844853186133995 0.015249321783358118 0.0039636898035882587 -0.0033992905727146298 -0.0098836222389415158 -0.0072719451805362762 0.024641013385427527 -0.024968980746019196 0.0041841937513814624 0.012031357400053053 0.0021258442548215094 0.029433432181820755 0.0019036482177319551 -0.0073666748736009383
leaf_weight=1338.9156705588102 504.53635221719742 1667.6538936644793 2215.1693882793188 902.64195711910725 532.81155033409595 147.2212997674942 1620.4440489411354 2129.9908320903778 2282.0905016362667 19.515609323978424 1606.9099560528994 3044.0312861353159 2284.1027550399303 1090.7374407798052 1967.7397195547819 88.429524749517441 395.36534732580185 1344.1332588344812 156.04698534309864 940.80994200706482 2461.2154491692781 1365.8851880729198 1951.3437041193247 752.83806584775448 631.73343873023987 1110.5301162600517 458.07919715344906 493.22747553884983 1044.9204277545214 45.169583082199097
leaf_count=6380 1997 6361 9783 3318 1851 547 6936 8691 8365 72 6749 11963 8671 3764 9151 378 1726 5037 618 3811 10290 5642 7038 3360 2479 4232 1818 1745 4159 191
internal_value=-2.23556e-07 0.0127635 -0.0170175 0.00528977 0.0219822 -0.0109446 -0.0153101 0.00153499 0.0173994 -0.0320178 -0.00496466 -0.000448206 0.0128897 0.0293993 -0.0290585 -0.00660911 -0.0293756 0.0199701 -0.0117338 0.00224111 -0.0123348 -0.00379797 0.0266388 -0.0308792 0.0106148 0.00904501 0.00618505 0.0222548 0.000386396 -0.0330868
internal_weight=36594.2 20910.4 15683.9 11548.4 9362 11164.3 6452.88 7729.9 5787.11 4519.54 4711.45 6114.83 3818.48 3574.89 3180.63 4106.15 3161.11 4119.45 4237.71 3984.84 4081.66 2499.24 2484.16 2765.75 2915.84 1615.07 605.3 2775.32 1133.35 2012.91
internal_count=147123 79323 67800 45162 34161 46920 27627 30694 21508 20880 19293 24465 14468 12653 14500 16928 14428 15147 17844 15774 17226 10179 8889 12702 11150 6229 2365 10110 4537 9342
is_linear=0
shrinkage=0.03


Tree=8
num_leaves=31
num_cat=0
split_feature=11 13 12 14 14 14 11 13 12 11 13 4 7 11 6 4 10 4 8 13 14 2 4 2 14 10 11 14 14 12
split_gain=8330.74 1672.79 1406.93 312.207 301.944 291.191 185.237 170.88 130.878 83.9495 83.8988 71.168 67.4784 66.3194 63.3384 58.666 53.4987 52.9198 48.7679 44.9856 43.9436 42.6866 42.5532 40.7444 40.5137 39.1952 37.2617 37.1945 34.9734 34.3946
threshold=0.00096299773784547173 0.00066651012267614446 0.0015531223872100629 0.003251021468619606 0.0013496628139485017 0.0021924362418896865 0.0005105047125374423 0.00086392500765472265 0.0010883914604229172 0.001848404133867538 0.0013276841233806189 -0.0044156021255983826 105260.83600000002 0.0032532842785262376 0.0055883807096259739 -0.002423532612663037 102977.01016666669 -0.0053431986789395638 97184.611000000019 0.00034444809460778414 0.0014407509147919167 0.0020270571402954967 -0.0033251803093476968 -0.0045111074987689284 0.0010506541082119154 103914.93508333334 0.00062641462759064812 0.0016928341394664254 0.0012085350117973812 0.003063864875755707
decision_type=2 2 2 2 2 2 2 2 2 2 2 2 2 2 2 2 2 2 2 2 2 2 2 2 2 2 2 2 2 2
left_child=1 6 5 9 7 8 19 16 28 27 11 -6 22 23 20 25 -3 -7 -11 -1 -8 -21 -9 -5 -17 -10 -18 -4 -2 -20
right_child=2 4 3 13 10 17 14 12 15 18 -12 -13 -14 -15 -16 24 26 -19 29 21 -22 -23 -24 -25 -26 -27 -28 -29 -30 -31
leaf_value=-0.042947030637327722 -0.0056747234231603969 -0.013360226792818734 0.0091431033460934955 0.033480624870582135 0.012503787860860951 0.022409432843035777 -0.026063877273695458 0.0072994273091978963 0.015257146664734251 0.023671406526760627 0.01017582922998703 -0.004814008121735369 -0.013343811038903634 0.035467635944674343 -0.0051399359826090748 -0.0018163755159766046 -0.025666292776945685 0.011883902767444448 0.013427489814019212 -0.033013434169173878 -0.013356473798942746 0.033105096155665405 -0.0064640429985128841 0.024227394661300354 0.0055778046570639376 0.0035702974415145528 -0.016861352080140782 0.01627097316940292 0.00082382349808688283 0.033497901633442774
leaf_weight=469.18518632650375 1417.3173346370459 1851.5601380467415 1062.3712886571884 543.69685807824135 234.59087707102299 525.10752138495445 2096.7012900561094 218.68185555934906 806.66535548865795 1895.3448289036751 499.20158755779266 2365.5751886516809 1458.3746414482594 937.56207796931267 161.65809561312199 869.35600434243679 764.33620820939541 2397.2211344987154 844.38232351839542 2478.1660457104445 278.8629554361105 8.6986711770296079 2635.9136093854904 2075.5928299874067 2855.3571780025959 381.09462857246399 1007.7615221142769 1748.0688922852278 1570.4042825102806 84.783824250102043
leaf_count=2287 5820 7886 4080 1893 893 1912 9478 854 3029 6863 1916 9671 6176 3243 674 3493 3414 9120 3183 11598 1189 32 10852 7497 11141 1497 4354 6519 6264 295
internal_value=-2.88837e-07 -0.015762 0.0130167 0.0216476 -0.00902817 0.0056859 -0.0292892 -0.0121291 0.00269246 0.0172529 -0.00108633 -0.00325 -0.0080926 0.0286082 -0.0233373 0.0057039 -0.0169324 0.0137769 0.0209079 -0.0343958 -0.0245741 -0.0327796 -0.0054084 0.0261505 0.00385118 0.0115105 -0.020662 0.0135781 -0.00225804 0.0152655
internal_weight=36543.6 16529.3 20014.3 9191.8 11036 10822.5 5493.27 7936.63 7900.19 5634.95 3099.37 2600.17 4312.97 3556.85 2537.22 4912.47 3623.66 2922.33 2824.51 2956.05 2375.56 2486.86 2854.6 2619.29 3724.71 1187.76 1772.1 2810.44 2987.72 929.166
internal_count=147123 71274 75849 33573 46016 42276 25258 33536 31244 20940 12480 10564 17882 12633 11341 19160 15654 11032 10341 13917 10667 11630 11706 9390 14634 4526 7768 10599 12084 3478
is_linear=0
shrinkage=0.03


Tree=9
num_leaves=31
num_cat=0
split_feature=13 13 14 14 14 13 14 13 9 13 14 13 4 4 13 5 14 3 4 14 14 4 17 8 6 13 8 13 17 10
split_gain=7396.04 1813.03 1326.29 427.631 327.799 199.535 175.137 144.382 140.419 113.936 96.6517 91.8828 80.8235 70.3069 60.2777 57.9625 54.1003 53.141 52.926 46.5136 40.7763 38.182 37.4093 35.466 34.0169 33.8972 35.2504 32.0767 34.3636 30.551
threshold=0.0010828228517179067 0.00066651012267614446 0.00249334913266715 0.0013496628139485017 0.0013784550177157451 0.0022329128487608286 0.001131540735620209 0.0015962174911624946 104926.01525000001 0.00047748775364007007 0.001938778374721226 0.00087803706365960127 -0.0051815973319508926 -0.002581918302371033 0.0014207478014663585 0.0028325676401592674 0.0052501291522619791 -0.0028158548210717167 -0.0029188842669014554 0.0005392271138802109 0.0043061855351572186 -0.0053431986789395638 0.46957469217742159 57902.651000000013 0.004954792677604348 0.00059932848766249003 62108.475000000013 0.0011954722919726038 0.56149132917992739 123484.74150000002
decision_type=2 2 2 2 2 2 2 2 2 2 2 2 2 2 2 2 2 2 2 2 2 2 2 2 2 2 2 2 2 2
left_child=1 6 4 8 13 12 9 18 11 -1 -5 -3 -4 -2 -15 23 -7 -10 -6 -19 -14 -12 -9 -11 -8 -25 -27 -20 -29 -16
right_child=2 3 5 10 7 16 24 22 17 15 21 -13 20 14 29 -17 -18 19 27 -21 -22 -23 -24 25 -26 26 -28 28 -30 -31
leaf_value=-0.037013957487303566 0.0087975833058704499 -0.012238670083520703 0.026060570016444337 -0.0034454163420581775 0.013414167533884453 0.026982708430677092 -0.017412747877929426 0.018951450588532145 0.0011534956481367179 0.014557634060427033 0.017915043046403373 -0.0038367112569237505 0.015113780792989131 -0.0035281684942833347 0.0043197386057684624 -0.015476489936918809 0.036371541229564992 -0.024674002750081088 0.00012199322758578158 -0.015475841870609998 0.023716293275372106 0.0042491168608455856 0.012441283520833964 -0.031417943742770203 0.0020388071555690534 0.0018334955279334909 -0.025708055571162142 0.01064452776625428 0.0032500010257748694 -0.058013334467733331
leaf_weight=1602.275106459856 843.31830075383186 2533.8644461035728 1168.2242592722178 2386.9809034466743 938.51327538490295 1877.4338469058275 685.95317356288433 1610.6052477359772 145.00695902109146 16.889310911297798 211.36448794603348 2181.2513969391584 2525.5624038130045 2556.8022398650646 1506.371047064662 341.36450093984604 788.58435237407684 629.61424785852432 804.94983594119549 2344.3088024258614 619.66951061785221 1429.453903183341 1578.3549814969301 1750.5079617351294 91.40392954647541 43.423796564340591 1000.5992426872253 1179.8608699291945 1089.4807740449905 7.0042529851198188
leaf_count=7719 3255 10762 4191 9702 3544 6714 2990 5946 583 65 784 8900 9463 10376 5908 1491 2721 2805 3210 10067 2244 5625 5975 8164 370 180 4541 4512 4282 34
internal_value=-3.45774e-07 -0.0141516 0.0128905 -0.00753656 0.006889 0.0233075 -0.0283337 0.010965 -0.0116209 -0.0304926 0.000406726 -0.00835265 0.0193168 0.000914052 -0.000718811 -0.0271764 0.0297622 -0.0165602 0.00717664 -0.017425 0.0168103 0.00601233 0.0157307 -0.0285954 -0.0151218 -0.0288577 -0.0245596 0.00527112 0.00709614 0.00402545
internal_weight=36489 17394.3 19094.7 11861.8 12115.3 6979.47 5532.42 7201.76 7834.05 4755.06 4027.8 4715.12 4313.46 4913.5 4070.18 3152.78 2666.02 3118.93 4012.8 2973.92 3145.23 1640.82 3188.96 2811.42 777.357 2794.53 1044.02 3074.29 2269.34 1513.38
internal_count=147123 74748 72375 49228 47042 25333 25520 27469 33117 22160 16111 19662 15898 19573 16318 14441 9435 13455 15548 12872 11707 6409 11921 12950 3360 12885 4721 12004 8794 5942
is_linear=0
shrinkage=0.03


Tree=10
num_leaves=31
num_cat=0
split_feature=11 13 11 14 14 11 14 12 4 4 13 13 12 2 13 9 12 11 17 13 7 9 14 9 7 12 9 14 5 5
split_gain=7451.66 1498.76 1261.98 331.146 243.69 218.97 177.172 110.695 110.49 91.8479 89.3482 84.8112 76.46 65.0309 57.6282 51.4264 49.4838 47.464 44.254 43.0786 39.93 39.2298 37.98 35.7947 34.9118 34.2796 33.0321 34.1232 32.7203 32.1867
threshold=0.00096299773784547173 0.00068360336293240252 0.001756435583163648 0.0016928341394664254 0.0010425687285357647 0.00055461665600805698 0.003475768497969912 0.0011133126106448923 -0.0033251803093476968 -0.0046421169745090576 0.00086392500765472265 0.0013352462185953421 0.0013407704041435301 0.0017220650875289236 0.0013931134698195117 102526.97325000002 0.00042974967148308869 0.0032532842785262376 0.53597573289896971 0.00056294368488964206 109515.605 104209.62550000001 0.0010095831020366119 58930.447500000002 97185.58100000002 0.003063864875755707 115191.13575 0.00037554119203724739 -0.0023191858922354531 0.0027794048955460675
decision_type=2 2 2 2 2 2 2 2 2 2 2 2 2 2 2 2 2 2 2 2 2 2 2 2 2 2 2 2 2 2
left_child=1 5 3 7 10 16 14 -2 -6 -5 26 15 18 19 -4 -10 -1 -8 -11 -7 28 -14 -9 -18 -16 -26 27 -3 -12 -25
right_child=2 4 6 9 8 13 17 22 11 12 20 -13 21 -15 24 -17 23 -19 -20 -21 -22 -23 -24 29 25 -27 -28 -29 -30 -31
leaf_value=-0.035898376221623923 -0.0026473908001089712 -0.026076311257307586 0.0090630134519921381 0.019178361732658931 0.0075088249889249548 -0.027951947261099314 0.025826086130834425 0.00023022551323862572 -0.0041814061332096824 0.011451590812813741 9.8194892202675105e-05 0.0050432097839431343 0.015347047507523406 -0.0025271235083671054 0.022091997339459702 -0.011275667133338906 0.0096888725836585862 0.034161511041477445 0.00351808302681255 -0.018508508634459436 -0.015087073386135345 0.0056375015092446929 0.0069910449518674417 -0.030391482743445886 0.013921379526420615 0.032086177902706021 -0.025203438457632628 -0.014060524693467089 -0.0089111739878883732 -0.017534807597625105
leaf_weight=1529.2135875076056 2622.3299264609814 239.33606788516045 497.8105510622263 1197.8161684274673 699.08268573880196 624.91370685398579 2013.5501495450735 999.93833813071251 2352.4298304021358 1005.6349605023861 460.01179206371307 613.76710426807404 2150.0001167953014 179.78534366190434 2327.0450256615877 1512.2476368844509 21.429878979921341 892.46156886219978 1711.3913460224867 1449.3360154032707 736.93818913400173 454.96405702829361 2976.9459155350924 1819.4645282775164 1009.1469238549471 103.38269326090813 358.23791171610355 1971.9136619120836 1705.1941853761673 195.75617623329163
leaf_count=7404 10638 1075 1908 4415 2719 2880 7237 3984 9609 3836 1854 2403 8042 745 8478 6368 85 3118 6725 6397 3155 1769 11543 8519 3794 362 1609 8480 7105 867
internal_value=-4.23832e-07 -0.0149381 0.0123231 0.00687477 -0.00824714 -0.0271802 0.0227669 0.00213663 -0.00358093 0.01167 -0.0126618 -0.00531283 0.00997926 -0.0198559 0.0186168 -0.00695839 -0.0318085 0.0283881 0.00645588 -0.0213562 -0.00905187 0.0136527 0.00529192 -0.0287345 0.0199983 0.0156148 -0.0167375 -0.0153635 -0.00699577 -0.029145
internal_weight=36431.5 16469.1 19962.4 13119 10649.2 5819.9 6843.4 6599.21 5177.53 6519.81 5471.63 4478.44 5321.99 2254.04 3937.39 3864.68 3565.86 2906.01 2717.03 2074.25 2902.14 2604.96 3976.88 2036.65 3439.57 1112.53 2569.49 2211.25 2165.21 2015.22
internal_count=147123 71274 75849 50952 44377 26897 24897 26165 21099 24787 23278 18380 20372 10022 14542 15977 16875 10355 10561 9277 12114 9811 15527 9471 12634 4156 11164 9555 8959 9386
is_linear=0
shrinkage=0.03


Tree=11
num_leaves=31
num_cat=0
split_feature=11 13 11 14 14 11 14 13 13 4 4 7 5 13 8 13 13 4 8 13 11 13 11 17 5 4 8 8 11 7
split_gain=7025.26 1399.97 1212.85 323.168 222.971 210.829 169.355 120.217 112.298 86.3533 73.4154 72.8118 68.7523 66.5496 56.7878 54.5749 50.7646 49.7633 49.7255 48.0038 45.9323 41.1498 39.7921 37.8339 34.9158 34.6206 34.3011 32.0961 32.7837 29.8034
threshold=0.0009573843304783241 0.00068360336293240252 0.001756435583163648 0.0016928341394664254 0.0013496628139485017 0.00057008445797334599 0.003475768497969912 0.00086392500765472265 0.0010779803073033725 -0.0046421169745090576 -0.0040882002967403954 104609.93400000002 0.0028325676401592674 0.0013276841233806189 94145.497500000012 0.0013931134698195117 0.00046750788417634085 -0.0022727071497127822 107021.63050000001 0.0015522537124036738 0.0031238244834826952 0.00056294368488964206 0.0012080350320632625 0.71201749119356339 0.0025576109982989874 0.001444435966828417 97184.611000000019 58470.867000000013 0.0011709716373509819 58239.969000000012
decision_type=2 2 2 2 2 2 2 2 2 2 2 2 2 2 2 2 2 2 2 2 2 2 2 2 2 2 2 2 2 2
left_child=1 5 3 8 7 16 15 18 27 -5 -6 19 21 23 -9 -4 25 -10 24 -11 -8 -7 -19 -12 -3 -1 -17 -2 -29 -18
right_child=2 4 6 9 10 12 20 14 17 11 13 -13 -14 -15 -16 26 29 22 -20 -21 -22 -23 -24 -25 -26 -27 -28 28 -30 -31
leaf_value=-0.0366837154446698 0.014543716469005924 -0.014447996472620723 0.0087970309323159007 0.018603718448966314 0.012114378363824056 -0.028524822266121928 0.024926768897844731 -0.0034012416133311608 0.010700980120205476 0.0089564720024659615 -0.0020039323327415565 0.0031618773846666592 -0.0062828531711753869 0.0081234011721574139 -0.010443191820350608 0.021513200780791483 0.0087954344720153309 -0.00040016152076665198 -0.020029208225535663 0.015550208607176465 0.032914577392605039 -0.018246162183940977 0.0060935373362471894 -0.010208569481262902 -0.0051377201885080938 -0.021457759561010193 0.015077089155748085 -0.0067112009995799514 0.0010052714520494502 -0.028241631775761916
leaf_weight=1311.5894003808498 86.059026643633842 1617.7645729333162 497.48424915969372 1198.3597714155912 333.31896239519119 492.90285389125347 1900.9881528317928 1764.5815201401711 985.78667683899403 2517.3537059128284 1434.9127375632524 1195.5803831219673 333.10946513712406 419.77510425448418 2483.6104795187712 2327.4807271361351 19.559350177645683 1599.4104541689157 1201.2180945724249 1646.8322116434574 991.53187721967697 1232.6892933398485 1808.7524225860834 782.22228862345219 468.83454383909702 151.43668313324451 1104.2423880249262 1470.9494232386351 746.24477282166481 2245.0219981223345
leaf_count=6446 327 6963 1908 4426 1268 2291 6863 7196 3766 9673 5815 4705 1406 1621 10439 8501 77 6396 5309 6154 3492 5458 7035 3265 1953 703 4133 6075 2974 10485
internal_value=-5.0788e-07 -0.0146371 0.011877 0.00658689 -0.00811031 -0.0264869 0.0221554 -0.0108541 0.00195094 0.0113206 -0.00114771 0.00969133 -0.018776 -0.00282564 -0.00751902 0.0180966 -0.0307442 0.00476376 -0.0151621 0.0115652 0.027667 -0.0211854 0.00304532 -0.00490027 -0.0123579 -0.0351113 0.0194436 -0.00341379 -0.00411277 -0.02792
internal_weight=36369.6 16292.5 20077.1 13255.3 10506.2 5786.31 6821.73 7536.01 6697.2 6558.13 2970.23 5359.77 2058.7 2636.91 4248.19 3929.21 3727.61 4393.95 3287.82 4164.19 2892.52 1725.59 3408.16 2217.14 2086.6 1463.03 3431.72 2303.25 2217.19 2264.58
internal_count=147123 70695 76428 51531 43829 26866 24897 31860 26573 24958 11969 20532 9155 10701 17635 14542 17711 17197 14225 15827 10355 7749 13431 9080 8916 7149 12634 9376 9049 10562
is_linear=0
shrinkage=0.03


Tree=12
num_leaves=31
num_cat=0
split_feature=13 14 13 13 13 14 14 14 14 13 14 10 5 14 5 5 14 17 9 5 16 13 5 6 8 5 7 10 6 19
split_gain=6244.37 1603.1 988.591 427.962 254.891 206.233 158.427 154.203 89.1529 85.2038 82.4456 77.9573 69.783 53.7659 51.7331 51.0506 46.7005 45.2476 43.7161 42.4277 39.0593 37.2404 35.9476 33.6712 33.0616 32.6584 29.8617 28.742 28.3852 26.9476
threshold=0.0009398277551855086 0.0022977264447584566 0.00064948489652214491 0.0014207478014663585 0.0022636220951974596 0.0013496628139485017 0.0010905545007021884 0.001025807958935352 0.0043061855351572186 0.00046750788417634085 0.0013784550177157451 102977.01016666669 -0.0045271788945710481 0.0052501291522619791 -0.002805109861436061 0.0028895620528633929 0.002761044833673388 0.46957469217742159 58066.633750000001 -0.0018888770017209675 0.2792495493669806 0.00072682591663209917 -0.0076378359845919444 -0.003744120913535653 57902.651000000013 -0.0051729677909217999 105657.97600000001 123484.74150000002 0.0010067258763867273 0.31471326991035514
decision_type=2 2 2 2 2 2 2 2 2 2 2 2 2 2 2 2 2 2 2 2 2 2 2 2 2 2 2 2 2 2
left_child=2 3 6 7 8 11 9 25 14 -1 27 21 -9 -6 -3 24 22 -12 -14 23 -16 28 -7 -13 -11 -2 -20 -5 -4 -22
right_child=1 4 5 10 13 16 -8 12 -10 15 17 19 18 -15 20 -17 -18 -19 26 -21 29 -23 -24 -25 -26 -27 -28 -29 -30 -31
leaf_value=-0.035057274052526906 0.0051256454838095105 0.018378332431336315 -0.021251720910705197 0.0052000690095796399 0.024779343116311196 0.014535187904388899 -0.014142617113629451 0.0092682650735360604 0.024019607076864288 0.016133455469764097 0.016089614560114644 -0.0033200551275402385 0.013381588664567245 0.034226988170827248 0.014429615111216461 -0.013955180200683117 0.010017748158545059 0.009374539700217328 0.0015938212376048809 -0.018819964942529258 0.0042191831534369598 -0.0078961448855291907 -0.0046934823114987674 -0.016338520326086042 -0.027702706927063937 -0.0068692103701103067 -0.0036670806315690103 -0.048636826719070873 -0.0088024742945444004 0.016101493073485084
leaf_weight=1449.0966720581055 219.72767047584057 1800.8756794631481 383.98290498554707 1856.6324259340763 1961.3070739805698 91.515014111995697 746.71882465481758 1048.8187787681818 1072.5520253032446 15.431489855051039 1796.1974636614323 332.05725187063217 236.36083418130875 754.24267216026783 1832.7609862238169 281.49774572253227 246.32935708761215 1824.4248147904873 3604.6519300639629 2057.4098019599915 744.08169873058796 2370.4692406952381 1920.2107729464769 389.21129044890404 2569.4456087350845 2845.7749481350183 1328.8885239064693 8.8584477603435499 291.05512419342995 223.78309699892998
leaf_count=7153 865 6662 1712 7251 7099 345 3267 4032 3890 59 6703 1379 897 2648 6884 1239 946 6985 14308 9064 2906 9922 7868 1698 12062 11756 5402 42 1243 836
internal_value=-5.97452e-07 0.00937252 -0.0165158 0.00342372 0.0198452 -0.0100038 -0.0269118 -0.000501432 0.0162258 -0.0291202 0.0100667 -0.0129878 0.00221275 0.0274057 0.014408 -0.0261166 -0.0023057 0.0127071 0.000780666 -0.0166231 0.0118534 -0.00966955 -0.00381658 -0.0103505 -0.0274392 -0.00600833 0.000176102 0.00494022 -0.0158905 0.00697101
internal_weight=36304.4 23159.9 13144.4 14770.3 8389.6 8082.24 5062.19 9284.22 5674.05 4315.47 5486.11 5824.19 6218.72 2715.55 4601.5 2866.37 2258.06 3620.62 5169.9 2778.68 2800.63 3045.51 2011.73 721.269 2584.88 3065.5 4933.54 1865.49 675.038 967.865
internal_count=147123 89166 57957 58241 30925 34177 23780 37260 21178 20513 20981 25018 24639 9747 17288 13360 9159 13688 20607 12141 10626 12877 8213 3077 12121 12621 19710 7293 2955 3742
is_linear=0
shrinkage=0.03


Tree=13
num_leaves=31
num_cat=0
split_feature=12 12 12 12 13 4 12 5 12 15 10 10 2 7 13 8 10 15 4 5 5 13 15 13 13 7 5 13 12 2
split_gain=6295.57 1196.07 1157.5 229.099 207.714 200.296 134.398 123.167 84.154 77.0639 76.0846 75.893 69.6273 56.1414 50.1104 48.7474 45.9065 43.9839 43.9578 42.5115 34.1811 33.8165 32.39 31.1059 30.2374 30.0165 29.7015 29.58 29.575 28.7407
threshold=0.00097556777077584115 0.00058467844625117321 0.0015531223872100629 0.0023992559874640418 0.00078519737472450225 -0.002423532612663037 0.0012246313557469693 -0.0047294412655284881 0.00040998856650436769 0.52375809443995547 109269.55191666669 94292.886833333338 -0.0035616455663768361 96746.147000000012 0.00059932848766249003 57902.651000000013 104591.23183333334 0.17152977723759491 -0.0065476126734237408 0.0027794048955460675 -0.0076378359845919444 0.00097315634948444407 0.082299008386925152 0.0026241499810997679 0.0021010940198595953 57230.586000000003 -0.0024943840426477344 0.0014019638540483045 0.00078443611882360288 0.0012807464743561649
decision_type=2 2 2 2 2 2 2 2 2 2 2 2 2 2 2 2 2 2 2 2 2 2 2 2 2 2 2 2 2 2
left_child=1 8 5 12 9 16 11 -6 29 14 17 -7 -4 24 -3 -10 20 21 -5 -17 -2 -9 27 -20 25 -14 -15 -8 -19 -1
right_child=2 4 3 18 7 6 22 10 15 -11 -12 -13 13 26 -16 19 -18 28 23 -21 -22 -23 -24 -25 -26 -27 -28 -29 -30 -31
leaf_value=-0.034854361590183493 0.02079738240629006 -0.025348093582427157 0.023828046719723335 0.031575577538311701 0.0067671576660236548 0.0029181484671862244 0.0017715210037944783 -0.010039086896016488 0.022045111788902776 -0.0074736965882678382 -0.013201641174130403 -0.0047577275175128024 0.030016779176694881 0.015025040714712015 -0.015072987870831105 -0.026618235394319047 0.0054907905610454069 -0.0071895648505057664 0.019499497467526609 -0.015510279677475461 0.011573380574017921 -0.003789828641851861 0.010541037892919105 0.026606116191940206 0.021144726461266312 0.014082343914418287 0.007418891926874803 0.0080108677231868122 0.0018041235873748169 -0.0033326330076732182
leaf_weight=1257.2556336820126 470.39683096110821 508.00104649364948 775.03844320774078 790.43859501183033 622.41397795081139 2119.4141894727945 1558.4337980151176 1819.6356921494007 19.514088466763496 1095.0928425639868 1465.3321699649096 2558.1451759934425 111.78065118193626 730.55321744084358 2730.1489329040051 2732.4851544499397 879.88064630329609 487.83888413012028 1036.8097893446684 351.90899991989136 1583.9855025261641 1366.8430283069611 1130.1506692916155 1208.8323548138142 936.47703048586845 2367.9024409502745 1265.9867435544729 1220.7887845635414 1009.8309560120106 26.82125335931778
leaf_count=6260 1724 2345 2814 2804 2441 8372 6165 7670 72 4619 6267 10428 395 2737 11923 12865 3431 2029 3831 1563 6025 5590 4312 4366 3430 8903 4881 4705 4036 120
internal_value=-6.86696e-07 -0.0144699 0.0108053 0.0187252 -0.0092297 0.00446426 0.0021515 -0.00594676 -0.0277305 -0.0143592 -0.00723417 -0.00127914 0.0154117 0.0142056 -0.0166866 -0.0250528 0.0112311 -0.00536649 0.0254767 -0.0253524 0.0136878 -0.00735961 0.00625695 0.0233274 0.0165429 0.014803 0.0102042 0.00451346 -0.00112369 -0.0341986
internal_weight=36238.1 15493.1 20745 9223.82 11105.1 11521.2 8586.93 6771.89 4387.99 4333.24 6149.48 4677.56 6187.74 5412.7 3238.15 3103.91 2934.26 4684.15 3036.08 3084.39 2054.38 3186.48 3909.37 2245.64 3416.16 2479.68 1996.54 2779.22 1497.67 1284.08
internal_count=147123 67800 79323 34161 46920 45162 33982 28033 20880 18887 25592 18800 23160 20346 14268 14500 11180 19325 11001 14428 7749 13260 15182 8197 12728 9298 7618 10870 6065 6380
is_linear=0
shrinkage=0.03


Tree=14
num_leaves=31
num_cat=0
split_feature=11 11 11 14 11 14 14 4 11 3 10 7 6 10 14 14 8 17 11 14 10 14 14 17 17 2 6 3 10 3
split_gain=5960.31 1064.2 1041.5 274.496 205.917 185.298 150.422 85.8979 83.6075 78.8014 67.0959 66.159 59.3715 53.3247 51.616 48.9498 44.3337 43.7259 42.139 39.0812 38.9121 33.8366 33.7682 31.9157 31.2438 29.5186 29.3611 27.1596 26.6778 30.4069
threshold=0.0009573843304783241 0.00062641462759064812 0.001756435583163648 0.0016928341394664254 0.00044908741894445408 0.0010341568814612302 0.003475768497969912 -0.0033251803093476968 0.0011709716373509819 -0.0034122223434441263 61047.613000000005 104479.83100000001 0.0058128707866480509 104832.13216666668 0.0011567348833449547 0.00083838299436748206 97184.611000000019 0.53597573289896971 0.0032532842785262376 0.00053076590848264457 58049.635666666676 0.0029025973312238338 0.0010095831020366119 0.43572077524528702 0.60124127516386316 -0.0045111074987689284 0.010271527644297842 -0.0019166525735949678 87299.464000000022 -0.00089075408036143322
decision_type=2 2 2 2 2 2 2 2 2 2 2 2 2 2 2 2 2 2 2 2 2 2 2 2 2 2 2 2 2 2
left_child=1 4 3 8 14 12 16 -7 28 -5 -6 17 19 24 20 26 -4 -11 25 -3 -1 -19 -10 -21 -9 -8 -12 -17 -2 -30
right_child=2 5 6 9 10 7 18 13 22 11 15 -13 -14 -15 -16 27 -18 21 -20 23 -22 -23 -24 -25 -26 -27 -28 -29 29 -31
leaf_value=0.03177134491684408 0.002011442856154341 -0.018686477729307163 0.019020258707351339 0.017333217499840785 -0.0038685187342202584 0.006775804210336394 0.03006180623564958 0.00055874274026467344 -7.8692590378666132e-05 0.014184456073670929 -0.022634497157237747 0.0026763487504109988 -0.0033149806163747567 -0.0094172555381921222 -0.0094937714704456198 -0.0051581993248285317 0.012268301042473525 0.005796704309511941 0.031305588708420123 -0.0077350962326089966 -0.030696495679182582 0.0140676409327223 0.0067981249019306612 -0.014006256553845893 -0.0056727363212550749 0.021343628145062726 0.01350494662065083 -0.016981131832853838 0.0014254005043997037 -0.0062023357317681277
leaf_weight=8.8851701319217664 1163.5817013978958 841.77735342085361 2569.7953076660633 1214.9305574893951 260.04882995784283 677.87771017849445 457.75834180414677 1544.1855281442404 856.66106699407101 1798.3841269463301 2342.9770581275225 1205.3434828221798 675.17072187364101 1443.3705604672432 111.0761636197567 203.04268065094948 1333.6078028529882 1717.4323301613331 869.1858372092247 1266.5155983865261 2390.6750437915325 602.25128169357777 2562.0525158047676 1736.6627844572067 1362.1785450726748 1524.1166363060474 20.243345677852631 1300.501851350069 706.699632152915 1402.7531659305096
leaf_count=32 4625 3736 9495 4513 1089 2649 1634 6208 3420 6762 10783 4749 2789 6085 485 854 5047 6669 3118 5349 11663 2265 9933 7523 5616 5603 79 5755 2823 5772
internal_value=-7.5171e-07 -0.0135331 0.0109587 0.00606487 -0.0227595 -0.00711856 0.0205438 -0.00315485 0.00179287 0.0104366 -0.0186351 0.00886171 -0.0115265 -0.00470329 -0.0295365 -0.0196273 0.0167146 0.0106713 0.0257845 -0.0129675 -0.0304626 0.00794587 0.0050741 -0.0113629 -0.00236094 0.0233602 -0.0223231 -0.015387 -0.00163355 -0.00364556
internal_weight=36169.7 16185.2 19984.6 13230.1 6637.45 9547.74 6754.46 5027.61 6691.75 6538.34 4126.81 5323.41 4520.13 4349.73 2510.64 3866.76 3903.4 4118.07 2851.06 3844.96 2399.56 2319.68 3418.71 3003.18 2906.36 1981.87 2363.22 1503.54 3273.03 2109.45
internal_count=147123 70695 76428 51531 30740 39955 24897 20558 26573 24958 18560 20445 19397 17909 12180 17471 14542 15696 10355 16608 11695 8934 13353 12872 11824 7237 10862 6609 13220 8595
is_linear=0
shrinkage=0.03


Tree=15
num_leaves=31
num_cat=0
split_feature=12 12 11 14 14 14 13 3 12 3 8 7 13 11 11 8 14 11 8 14 12 17 8 12 3 6 6 13 13 3
split_gain=5623.63 1094.68 1067.16 251.699 213.843 209.409 124.764 80.2719 79.6938 71.8375 68.5891 62.7579 61.2374 60.6676 48.415 44.8393 43.9464 42.2442 38.522 37.3406 36.2635 33.3582 32.5294 32.9415 29.5148 28.6249 27.8515 28.0176 26.3463 34.2062
threshold=0.00097556777077584115 0.00058467844625117321 0.0015685173936536621 0.0013784550177157451 0.003475768497969912 0.0011908229862556145 0.00072682591663209917 -0.0035942136485044847 0.00040998856650436769 -0.0026939909304423133 104202.05250000002 105657.97600000001 0.0019890151577546373 0.0019111159753894189 0.0031238244834826952 57902.651000000013 0.0010341568814612302 0.00067410959916185944 110713.58000000002 0.0029025973312238338 0.001393676734405756 0.5652348093236147 97184.611000000019 0.003063864875755707 -2.0717634166611539e-05 0.010018357522126211 0.0059399358847369585 0.00061710423859249661 0.0010273600309433854 -0.0027526053521345624
decision_type=2 2 2 2 2 2 2 2 2 2 2 2 2 2 2 2 2 2 2 2 2 2 2 2 2 2 2 2 2 2
left_child=1 8 3 11 13 6 -3 -5 -1 -7 12 20 19 -4 -6 -10 26 -11 25 21 -2 -9 -15 -24 -12 -8 27 -17 29 -13
right_child=2 5 4 7 14 9 18 10 15 17 24 28 -14 22 -16 16 -18 -19 -20 -21 -22 -23 23 -25 -26 -27 -28 -29 -30 -31
leaf_value=-0.032844334851050636 -0.00019866495110952971 -0.017999566508124658 0.011322408545491776 0.016018911261609408 0.02207955008521955 0.0066455433413333881 -0.008223560165908075 0.0090972513547691505 0.021289651429624509 -0.011994817369298522 0.00584279183218282 0.013661783985636302 0.018043128306730518 0.019911739970025804 0.030178667089685231 -0.028454089061888153 -0.016049885236748614 -0.0033797805148286782 -0.014107281552400671 0.014486020712724645 0.0073469005950221895 0.0033046735264373539 0.011323446779571105 0.030161843906777858 -0.0024580752986667642 0.0079082876552347275 -0.0095828794513150625 -0.021392715439642138 -0.0035951848242641235 -0.015821666714988358
leaf_weight=1262.7782563120127 2795.4278765171766 2091.7155807614326 2523.7862975597382 982.39550288021564 2164.3080537468195 561.79340226948261 3673.6519488245249 1801.5900513827801 19.511760875582695 622.6404687166214 708.15261220932007 39.219220086932182 546.31913207471371 1951.2221308350563 964.93022255599499 1735.6614964753389 503.7360515743494 2901.2049985677004 1130.5287549495697 570.57792687416077 720.7724876999855 1782.2226601392031 866.71867068111897 92.682581081986427 845.35254016518593 101.47262486815453 92.911136627197266 722.63967397809029 975.0454343110323 349.65428775548935
leaf_count=6380 11191 9425 9588 3667 7950 2191 15471 6911 72 2652 2758 150 2023 7195 3492 8440 2259 11875 4908 2141 2787 6988 3291 329 3397 398 409 3320 3965 1500
internal_value=-7.88617e-07 -0.013713 0.0102235 0.00449394 0.0183298 -0.00871211 -0.0118633 0.00804466 -0.0264906 -0.0033143 0.00679137 -0.000770774 0.00859754 0.0147306 0.0245788 -0.0238789 -0.0241691 -0.00490315 -0.00924591 0.00735428 0.00134738 0.00621762 0.0176843 0.0131494 0.00132401 -0.00778896 -0.0257703 -0.0263805 -0.00623331 -0.0128377
internal_weight=36100.6 15420.2 20680.4 12116.7 8563.65 11083 6997.37 7236.61 4337.24 4085.64 6254.21 4880.12 4700.71 5434.41 3129.24 3074.46 3054.95 3523.85 4905.65 4154.39 3516.2 3583.81 2910.62 959.401 1553.51 3775.12 2551.21 2458.3 1363.92 388.874
internal_count=147123 67800 79323 47478 31845 46920 30202 27885 20880 16718 24218 19593 18063 20403 11442 14500 14428 14527 20777 16040 13978 13899 10815 3620 6155 15869 12169 11760 5615 1650
is_linear=0
shrinkage=0.03


Tree=16
num_leaves=31
num_cat=0
split_feature=11 12 12 14 14 14 4 12 12 9 14 9 14 8 12 17 12 5 5 11 12 2 12 2 7 3 4 18 5 14
split_gain=5321.46 1115.14 934.961 219.86 199.797 192.342 108.473 104.931 85.2328 67.5231 60.1451 56.6648 53.3542 56.4476 52.0252 46.4563 44.5115 42.5669 41.4221 38.9303 36.8815 33.4371 31.6966 29.9456 28.542 36.838 30.5016 28.3885 27.3458 26.5125
threshold=0.0009573843304783241 0.00061187499133408209 0.0015531223872100629 0.003251021468619606 0.0021924362418896865 0.00080735623230913662 -0.0033251803093476968 0.00042974967148308869 0.0011133126106448923 105250.63025000002 0.0016928341394664254 94761.436500000011 0.0011155732392981357 57902.651000000013 0.0029607861990862223 0.55804805604485674 0.0008404608668657051 -0.002805109861436061 0.0028325676401592674 0.00067883515304342887 0.0023992559874640418 -0.0045111074987689284 0.0009063397900300076 -0.0034272078541724422 86336.639999999999 -0.0022144227487750352 0.0081256902005626425 0.16374728581103928 0.0023386639566090888 0.00093721852795736063
decision_type=2 2 2 2 2 2 2 2 2 2 2 2 2 2 2 2 2 2 2 2 2 2 2 2 2 2 2 2 2 2
left_child=1 7 4 10 8 11 22 -1 24 16 -4 -3 13 -9 21 -6 28 -10 -15 -13 -12 -5 -7 -17 -2 -26 -27 -18 -8 -19
right_child=2 5 3 14 15 6 9 12 17 -11 20 19 -14 18 -16 23 27 29 -20 -21 -22 -23 -24 -25 25 26 -28 -29 -30 -31
leaf_value=-0.031331735995382755 0.0022875863414344093 -0.0081487717918236093 0.0088380270697476764 0.027897835680451948 0.015915781575776632 -1.9396489775911033e-05 -0.0095627060495250393 0.027178215849277428 0.0092116993286561061 -0.010498995757236727 0.014116412944358923 -0.020278481725284167 -0.013107637944972304 -0.02499703764972875 0.029140083987184113 0.01695791601095218 -0.0047287695704853541 -0.0033439465184121647 -0.013523158334315191 -0.012507744984358211 0.020761877791804346 0.019223769405735586 0.011371122742738497 0.0064276644116018104 0.0049153943839065333 -0.0056534295627216962 0.034941000818252625 0.001833651597435035 -0.0021518144775900935 0.0040127106805119299
leaf_weight=1487.8629029244184 1132.3568783700466 1286.9377818256617 1558.033767580986 510.93412075936794 1140.7835722416639 496.66396588087082 1428.0630688816309 19.595761433243752 1324.8185218274593 2154.8856001794338 2993.7546912580729 1053.0334730446339 539.07944120466709 2590.4458088725805 1033.3609487712383 291.10839387774467 1112.3907376080751 523.85831722617149 319.73170709609985 1302.1009423732758 1008.3150869905949 1889.2877880930901 393.67895920574665 1488.15958365798 383.49110721051693 1852.9251855909824 16.691585153341293 1270.3057208061218 654.79963789880276 2769.0259486585855
leaf_count=7540 4501 5458 5973 1850 4262 2009 6063 71 5082 9187 11261 4737 2374 12365 3763 1084 4549 2117 1430 5644 3717 7021 1505 5764 1509 7624 59 5070 2693 10841
internal_value=-8.62763e-07 -0.0128211 0.0103685 0.0175319 0.00447012 -0.00755862 -0.00481443 -0.0246609 0.00201883 -0.00613677 0.0138441 -0.0132167 -0.021798 -0.0233955 0.0235022 0.0111872 -0.00403088 0.00466983 -0.023738 -0.0159842 0.015792 0.0210725 0.00501444 0.00815308 -0.00159623 -0.00354949 -0.00528756 -0.00122891 -0.00723456 0.00284138
internal_weight=36026.5 16109.6 19916.9 8993.69 10923.2 11152.9 7510.79 4956.72 8003.17 6620.44 5560.1 3642.07 3468.85 2929.77 3433.58 2920.05 4465.56 4617.7 2910.18 2355.13 4002.07 2400.22 890.343 1779.27 3385.46 2253.11 1869.62 2382.7 2082.86 3292.88
internal_count=147123 70695 76428 33585 42843 46915 31076 23780 31733 27562 20951 15839 16240 13866 12634 11110 18375 18040 13795 10381 14978 8871 3514 6848 13693 9192 7683 9619 8756 12958
is_linear=0
shrinkage=0.03


Tree=17
num_leaves=31
num_cat=0
split_feature=12 12 14 12 14 12 13 4 13 3 10 4 13 10 14 8 13 14 6 4 14 14 3 13 14 4 6 17 8 10
split_gain=5013.64 996.369 963.353 287.281 189.166 179.917 109.853 103.599 76.1279 67.8795 64.9236 54.0266 50.3714 40.0315 39.8228 39.4941 38.4412 38.2011 37.9936 37.8037 36.6149 35.8293 34.8149 34.0093 31.4925 29.491 29.2332 28.3601 28.3498 27.8859
threshold=0.00097556777077584115 0.00058467844625117321 0.00249334913266715 0.0013583234432204166 0.0011074027849828844 0.0023257464258486234 0.00074157992038469546 -0.002423532612663037 0.00046750788417634085 -0.003089825751134367 94292.886833333338 -0.0051815973319508926 0.0016086028413831133 57721.566416666676 0.002761044833673388 97184.611000000019 0.00091593088512147516 0.0010506541082119154 0.0097882540050113782 0.001444435966828417 0.0011484853701847545 0.0043061855351572186 -0.0034122223434441263 0.0021010940198595953 0.00059897475438309836 -0.0053431986789395638 0.005353962416768999 0.79644456373786576 111429.57050000002 94510.065916666688
decision_type=2 2 2 2 2 2 2 2 2 2 2 2 2 2 2 2 2 2 2 2 2 2 2 2 2 2 2 2 2 2
left_child=1 8 3 7 6 11 27 -2 19 25 23 -4 -5 -10 16 -14 26 -12 24 -1 -15 -13 -7 -9 -8 -6 -11 29 -18 -3
right_child=2 4 5 12 9 22 18 10 13 14 17 21 15 20 -16 -17 28 -19 -20 -21 -22 -23 -24 -25 -26 -27 -28 -29 -30 -31
leaf_value=-0.03254494249104118 0.0075848890128848616 -0.0088131266820107839 0.020577252251732566 0.006659416635288358 0.019512461052443444 0.02992633022448811 -0.013750917922472159 0.0020195744065288541 0.042842845016545207 -0.009454605614412144 -0.0085911350877116138 0.011720898941066628 0.014544347661862104 -0.023813038153678943 0.0084870113204119912 0.0077339623907112121 -0.00033898703411242953 -0.0015281863858951931 0.0057597487107756218 -0.017390425468902564 -0.013061508599162811 0.01978850835285165 0.022455667384175676 0.026007114182283429 -0.0077432046030884143 0.0024955108059367902 -0.00082547910326393316 -0.022782696535460171 -0.011366498603047301 -0.01758074645700318
leaf_weight=1302.4037702977657 1652.3055949211121 464.26734665036201 1174.8255201727152 2621.7928692996502 130.58045154809952 847.08408056199551 1069.4901509732008 2594.1531345844269 8.3254575580358487 1956.7290394455194 1033.701248884201 2860.609137699008 2227.9681201726198 2477.7860875278711 192.98577381670475 1172.4667738825083 1427.3268590420485 2071.9832413494587 155.62211494147778 168.61213463544846 324.09663119912148 601.27549481391907 1698.1275158673525 54.236757338047028 2979.8620606064796 308.82980896532536 432.16475063562393 580.14591790735722 246.00741063058376 1116.243846476078
leaf_count=6723 6389 2036 4338 10147 482 3070 4648 10270 28 8276 4304 10868 8376 11879 748 4516 5755 8324 618 810 1440 2227 6299 195 12578 1224 1767 2680 1041 5067
internal_value=-9.22944e-07 -0.0129861 0.0096645 0.0049209 -0.00822896 0.0185334 -0.0115985 0.000963708 -0.0252748 -0.00365934 -0.000937168 0.0150132 0.00978702 -0.0223746 -0.00481901 0.0121973 -0.00545208 -0.0038802 -0.00877164 -0.0308112 -0.022571 0.0131235 0.0249443 0.00251291 -0.00933097 0.00756259 -0.0078949 -0.0170978 -0.00196259 -0.0150079
internal_weight=35952 15341.5 20610.5 13428.6 11060.3 7181.92 6365.63 7406.38 4281.22 4694.62 5754.07 4636.71 6022.23 2810.21 4255.21 3400.43 4062.23 3105.68 4204.97 1471.02 2801.88 3461.88 2545.21 2648.39 4049.35 439.41 2388.89 2160.66 1673.33 1580.51
internal_count=147123 67800 79323 52521 46920 26802 27627 29482 20880 19293 23093 17433 23039 13347 17587 12892 16839 12628 17844 7533 13319 13095 9369 10465 17226 1706 10043 9783 6796 7103
is_linear=0
shrinkage=0.03


Tree=18
num_leaves=31
num_cat=0
split_feature=11 13 11 14 14 11 14 13 13 3 13 17 6 4 4 13 11 2 14 9 4 6 10 13 7 12 9 13 9 17
split_gain=4754.25 1030.78 837.106 211.279 178.208 130.828 127.13 100.196 76.838 69.3434 55.4367 52.4816 51.3443 47.7424 46.6367 44.9016 42.6622 41.8105 41.3803 43.1997 40.5378 39.7709 38.6033 38.5474 34.1726 31.5003 29.9443 29.8047 29.269 29.1089
threshold=0.00096299773784547173 0.00066651012267614446 0.001756435583163648 0.0017176285292375927 0.0013496628139485017 0.0005105047125374423 0.003475768497969912 0.00086392500765472265 0.0010779803073033725 -0.0034122223434441263 0.0013276841233806189 0.53597573289896971 0.0041859563029118538 -0.0044156021255983826 -0.002581918302371033 0.0012207167550171403 0.0012236070116352427 0.0020270571402954967 0.00037554119203724739 115191.13575 -0.0022727071497127822 -0.021928368674437645 105784.841 0.00062777428671502271 97185.58100000002 0.003063864875755707 57892.12275000001 0.00034444809460778414 62091.548000000003 0.71201749119356339
decision_type=2 2 2 2 2 2 2 2 2 2 2 2 2 2 2 2 2 2 2 2 2 2 2 2 2 2 2 2 2 2
left_child=1 5 3 8 7 17 15 18 -2 -5 13 -11 26 -6 -9 -4 -13 23 -3 -20 -10 -8 -16 27 -17 -26 -7 -1 -25 -15
right_child=2 4 6 9 10 12 21 14 20 11 -12 16 -14 29 22 24 -18 -19 19 -21 -22 -23 -24 28 25 -27 -28 -29 -30 -31
leaf_value=-0.035949304508766509 -0.0026827081452130688 -0.02319816480654838 3.2123180376067656e-05 0.015983200778455407 0.010448857483105657 0.029671558795375294 0.030955750267415188 0.001850999818148366 0.009374544684025014 0.011475064492351828 0.0084471592255479441 0.00055608481956060968 -0.0061168265905789318 -0.0012867088882793291 -0.0052297388396452633 0.017777602756056256 0.0080453358304969236 0.038520944898777228 -0.010542930042445334 -0.020639622706514586 0.0025355740406498854 0.021719804423137857 -0.011745427773897385 0.040938800755784682 0.010225024064823549 0.027777026053442535 -0.019822852827584954 -0.027248123235176478 -0.017449321794219791 -0.0082476583052221494
leaf_weight=430.07651920616627 2285.5732763260603 322.74767465889454 172.09554371237755 1181.4759623110294 233.5500096231699 10.925202965736387 518.12850983440876 569.73408158123493 1007.9902491718531 2157.5066230744123 497.5014973282814 1077.5624710023403 290.36738458275795 1520.8095818758011 2506.4738641381264 2455.8614332675934 1881.2018569260836 8.4849053770303708 2801.4314002841711 442.51606695353985 3459.1398787349463 2269.6811891198158 1217.5422720611095 7.9196386933326712 1137.3114411830902 100.34638039767742 2152.6489579081535 2121.7340265512466 197.52399662137032 839.97632682323456
leaf_count=2287 9309 1488 681 4421 893 40 1884 2290 3862 8202 1916 4276 1263 6169 10364 9159 7239 32 12153 2013 13643 8471 5228 30 4340 362 10038 10642 926 3502
internal_value=-1.00677e-06 -0.0120557 0.00989277 0.00547722 -0.00682654 -0.0230271 0.018553 -0.00922658 0.00179033 0.00942989 -0.000723797 0.0079157 -0.0179798 -0.00248388 -0.00613801 0.0150285 0.00531892 -0.0275034 -0.0129436 -0.0119218 0.00407961 0.0234385 -0.00736106 -0.027709 0.0157264 0.0116527 -0.0195702 -0.0287171 -0.0151651 -0.00376496
internal_weight=35875.8 16172 19703.9 13050.5 10952.3 5219.68 6653.42 7860.45 6752.7 6297.75 3091.84 5116.27 2453.94 2594.34 4293.75 3865.61 2958.76 2765.74 3566.7 3243.95 4467.13 2787.81 3724.02 2757.25 3693.52 1237.66 2163.57 2551.81 205.444 2360.79
internal_count=147123 71274 75849 50952 46016 25258 24897 33536 26814 24138 12480 19717 11341 10564 17882 14542 11515 13917 15654 14166 17505 10355 15592 13885 13861 4702 10078 12929 956 9671
is_linear=0
shrinkage=0.03


Tree=19
num_leaves=31
num_cat=0
split_feature=11 12 11 13 14 14 14 5 13 12 7 13 13 5 17 5 9 5 8 7 9 8 5 14 12 1 5 12 11 7
split_gain=4484.55 970.263 805.69 214.162 207.296 122.257 79.3833 76.6292 72.8986 72.1332 63.9526 59.7147 49.957 46.9205 42.8107 40.9413 38.8701 38.3451 37.3312 33.999 33.6501 33.5709 33.3341 33.2343 32.6826 31.323 30.8644 30.8434 30.0048 29.7498
threshold=0.0009573843304783241 0.00058467844625117321 0.001756435583163648 0.00086392500765472265 0.0016928341394664254 0.004845076128747643 0.00080735623230913662 -0.0023191858922354531 0.0010472033750838709 0.00040998856650436769 104479.83100000001 0.0015962174911624946 0.0013122979653969792 -0.0076378359845919444 0.53597573289896971 -0.0093940202014445289 105382.49375000001 0.0027794048955460675 58470.867000000013 97064.592000000019 115191.13575 57902.651000000013 -0.0028675565876381533 0.0010341568814612302 0.003063864875755707 -0.00055422205463251373 0.0028895620528633929 0.0013246642701047393 0.001136340338254133 116482.03000000001
decision_type=2 2 2 2 2 2 2 2 2 2 2 2 2 2 2 2 2 2 2 2 2 2 2 2 2 2 2 2 2 2
left_child=1 9 4 6 8 11 26 15 18 -1 13 -4 -9 -6 -15 -5 -14 21 -2 -13 -8 -11 -12 -23 -21 -10 -3 -16 -20 -28
right_child=2 3 5 7 10 -7 20 12 25 17 22 19 16 14 27 -17 -18 -19 28 24 -22 23 -24 -25 -26 -27 29 -29 -30 -31
leaf_value=-0.030327820423841512 0.018314088977114989 -0.017369358000622965 0.010156450597408339 0.027649291600770905 0.018458104883034402 0.026050613485275459 -0.0073670758698922804 -0.0068894694905286512 0.0070213452509564362 0.017529373191454877 0.0095472218365852783 0.019532829111305411 0.0046400430961197753 0.013014206951227745 0.0036847309543341826 0.0013568937179723314 -0.010697524830890639 -0.012241512580424919 -0.0069554512413125043 0.011438211114257265 -0.016569959446497872 -0.024611189129649866 0.00024206937597789262 -0.015325218961820196 0.025547312650075305 0.0018313547903726479 -0.0051636291526958545 0.010354343067481425 0.00069124607772573586 -0.030582578490944503
leaf_weight=1215.9940754771233 69.744497835636139 1976.8199711441994 1217.5153651535511 55.265948563814163 614.82163824141026 1371.8085358738899 2745.2246364206076 3885.0444184094667 1587.1322792470455 18.224349796772003 544.37610749900341 2841.887136220932 654.08180736005306 1887.4105226844549 1249.0430781841278 1444.9831949025393 192.31511647999287 346.31224095821381 1195.3336305171251 1021.8427800089121 411.95628181099892 2230.1335717886686 954.75168079137802 413.79941383004189 173.31749930977821 3079.7549822181463 350.21123233437538 1251.0996213108301 751.46154023706913 47.009899795055389
leaf_count=6380 261 8975 4656 198 2282 5091 11697 16211 6152 68 2086 10612 2569 7133 4890 5805 805 1567 4977 3900 1828 10973 3793 1892 638 12175 1505 4774 3008 222
internal_value=-1.07684e-06 -0.0118211 0.0095373 -0.00739157 0.00524799 0.0180714 -0.0116884 -0.00357712 0.00153731 -0.0241537 0.00906195 0.0159872 -0.00545055 0.0106911 0.00960162 0.00232923 0.0011507 -0.0216562 -0.00322821 0.0177446 -0.00856933 -0.0228793 0.00362345 -0.0231596 0.0134887 0.00359714 -0.0158345 0.00702376 -0.00400241 -0.00818637
internal_weight=35798.7 15987.4 19811.3 11762.9 13184.9 6626.37 5531.22 6231.69 6683.43 4224.46 6501.5 5254.56 4731.44 5002.37 4387.55 1500.25 846.397 3008.47 2016.54 4037.05 3157.18 2662.16 1499.13 2643.93 1195.16 4666.89 2374.04 2500.14 1946.8 397.221
internal_count=147123 70695 76428 49815 51531 24897 24227 25588 26573 20880 24958 19806 19585 19079 16797 6003 3374 14500 8246 15150 13525 12933 5879 12865 4538 18327 10702 9664 7985 1727
is_linear=0
shrinkage=0.03


Tree=20
num_leaves=31
num_cat=0
split_feature=11 13 14 12 12 14 5 13 3 12 13 3 3 10 14 11 10 7 10 13 10 3 9 7 2 14 11 13 6 10
split_gain=4229.64 926.375 769.912 230.474 164.894 156.507 125.088 88.0426 79.109 64.5894 55.1738 53.2451 48.5076 46.2666 43.8155 43.4103 38.3735 37.6945 36.19 35.2227 35.2069 33.2584 31.7336 30.93 30.5141 29.5018 28.7344 27.4691 33.0595 26.6707
threshold=0.0009573843304783241 0.00066651012267614446 0.00249334913266715 0.0013583234432204166 0.0023257464258486234 0.0010425687285357647 0.0028325676401592674 0.00046750788417634085 -0.003089825751134367 0.00066415141549788163 0.0012742890151489143 -0.0021693761250210493 -0.0067560172787827213 94292.886833333338 0.0010905545007021884 0.0019341183297206246 102297.41483333336 104703.63800000002 108450.49075000001 0.00076648152371418005 93821.928000000014 -0.0025734853036328826 91648.095000000016 102320.76700000004 0.0017901092177825542 0.00050267133105523552 0.0010901866091768634 0.0010168581954896349 -0.0057468784866970815 68789.071250000023
decision_type=2 2 2 2 2 2 2 2 2 2 2 2 2 2 2 2 2 2 2 2 2 2 2 2 2 2 2 2 2 2
left_child=1 6 3 11 12 9 7 -1 -7 -3 16 27 -4 19 -9 17 23 29 -14 -13 22 -6 -11 -10 -8 -22 -15 28 -2 -5
right_child=2 5 4 15 21 8 24 14 10 20 -12 13 18 26 -16 -17 -18 -19 -20 -21 25 -23 -24 -25 -26 -27 -28 -29 -30 -31
leaf_value=-0.029897582261718587 0.012191453184875594 -0.015991149665239807 0.022941499303480144 0.0054615724103141356 0.027838309818351493 0.0098784876557817536 -0.011108777663740212 -0.022479830165193334 -0.0031763005346991074 -0.0057050516286751042 0.003389867551502934 -0.01786542098908328 0.013823478855735372 -0.0061185775946201474 -0.013480201429361384 0.013784145908286591 -0.0088751577159410251 0.0021977043487798414 0.0054420871140787629 0.0035141671500788919 -0.016915738934436066 0.020658397422070495 0.013653848210061693 0.034101832205380204 0.0086855836760529204 -0.008850179257415167 -0.00023169429541956545 0.0095649238780852412 -0.005459317794200497 0.011139627822668242
leaf_weight=1372.7695958912373 142.24816092848778 1248.8496858030558 469.46071733534336 1130.466889962554 931.67211623489857 411.33892691135406 427.10653014481068 2669.4071897268295 2362.9895811676979 1547.2008672207594 793.53817880153656 71.245384261012077 3671.8486192971468 1236.9621559679508 598.5007079988718 1449.0321538299322 1594.1935106217861 871.36480075120926 532.29912193119526 2437.8957610875368 500.88163316249847 1567.5416539311409 79.978377595543861 20.090845450758934 83.597681537270546 2235.5042279064655 1883.6022934317589 892.13067156076431 290.03143316507339 2197.3425562083721
leaf_count=7266 543 5644 1737 4392 3448 1582 1931 13020 9687 6478 3127 311 13897 5107 2676 5481 6756 3428 2073 9594 2232 5915 312 72 340 9572 7536 3420 1187 8359
internal_value=-1.1334e-06 -0.0114971 0.00926868 0.00480246 0.017115 -0.00650149 -0.0219645 -0.0235156 -0.00274132 -0.00997274 -0.00383021 0.00114564 0.0137867 -0.000127108 -0.020833 0.00930414 -0.00527155 0.00775719 0.0127632 0.00290522 -0.00824926 0.0233372 -0.00475091 -0.00285935 -0.00786168 -0.0103282 -0.00256628 0.00655762 0.000343474 0.0092119
internal_weight=35721.1 15945.9 19775.1 12602.3 7172.82 10794.6 5151.38 4640.68 5182.15 5612.41 4770.81 6954.12 4673.61 5629.71 3267.91 5648.21 3977.27 4199.17 4204.15 2509.14 4363.57 2499.21 1627.18 2383.08 510.704 2736.39 3120.56 1324.41 432.28 3327.81
internal_count=147123 70695 76428 49358 27070 45462 25233 22962 21224 24238 19642 27698 17707 22548 15696 21660 16515 16179 15970 9905 18594 9363 6790 9759 2271 11804 12643 5150 1730 12751
is_linear=0
shrinkage=0.03


Tree=21
num_leaves=31
num_cat=0
split_feature=11 13 11 14 14 11 14 13 3 11 5 13 4 4 13 2 14 13 3 13 8 5 4 8 8 13 13 6 6 8
split_gain=3989.4 899.351 719.049 181.107 156.245 120.414 115.631 85.331 78.2799 68.4243 55.0378 47.7201 42.4933 42.4641 41.0051 39.0113 38.5211 38.4976 37.6249 36.8022 36.4058 42.429 34.3621 33.8569 31.3199 29.3613 28.7242 28.0414 28.0153 27.7421
threshold=0.00096299773784547173 0.00066651012267614446 0.001756435583163648 0.0013784550177157451 0.0013496628139485017 0.0005105047125374423 0.003475768497969912 0.00086392500765472265 -0.0034122223434441263 0.0012311219805144918 0.0028895620528633929 0.0013276841233806189 -0.0044156021255983826 -0.002581918302371033 0.0012207167550171403 0.0020270571402954967 0.0071272240979873324 0.0010779803073033725 -0.0014984941680420969 0.00034444809460778414 113557.20150000001 0.0022834702222575003 -0.0022238586042541693 105123.41850000001 97184.611000000019 0.0010472033750838709 0.00062777428671502271 0.010018357522126211 -0.0096727624797500727 62108.475000000013
decision_type=2 2 2 2 2 2 2 2 2 2 2 2 2 2 2 2 2 2 2 2 2 2 2 2 2 2 2 2 2 2
left_child=1 5 3 17 7 15 14 18 -5 -10 -7 12 -6 -9 -4 19 -8 -2 -3 -1 21 -20 -19 -15 -16 27 -21 28 -25 -28
right_child=2 4 6 8 11 10 16 13 9 -11 -12 -13 -14 23 24 -17 -18 22 20 26 -22 -23 -24 25 -26 -27 29 -29 -30 -31
leaf_value=-0.034258284334036507 -0.0034959466716046805 -0.0048214061640586533 -0.00050561603935085978 0.014058929768055608 0.010062507574966057 -0.018437710839902012 0.02030135841412881 0.0019927234346271204 0.0027495753363625738 0.0087206729448675979 -0.0054400882432664548 0.0080004603783217169 -0.0033554385693935871 -0.0047272219247389011 0.016443765143563702 0.037859245013414027 0.029947142662362886 0.0086594442144851177 -0.014205448386580105 -0.025576045302806234 -0.0202501880424912 -0.0054335428654352967 0.00052899927421119948 0.01685986185934631 0.010550648515489066 -0.0054059482175709854 0.040910843772358589 0.011463135532832356 -0.017028099292090232 -0.015952726327826822
leaf_weight=415.8056652545929 1672.5869343578815 565.62134090065956 171.74551877379417 1394.8626959621906 233.25404135882854 2082.3860167115927 2291.6167300790548 569.45552340149879 2917.1121625900269 4241.0629892349243 342.17576737701893 496.97270025312901 2358.9741951972246 2440.8639901727438 2438.2692621350288 8.5081377923488599 447.61832073330879 594.17521087825298 1733.337020367384 2072.4129572659731 549.88036878407001 697.37909980118275 2203.474330380559 22.519780576229095 1223.5266415327787 536.4846942871809 7.9191920161247245 35.093118697404861 682.74322254955769 194.68509171903133
leaf_count=2287 6859 2424 681 5267 893 9851 8690 2290 11492 16289 1490 1916 9671 10098 9184 32 1665 2283 7707 10642 2537 2986 8762 88 4677 2244 30 139 3023 926
internal_value=-1.20498e-06 -0.0110926 0.009081 0.00499807 -0.00622769 -0.0214623 0.0171703 -0.00848095 0.00755566 0.00628781 -0.0166049 -0.000512993 -0.00214657 -0.00563168 0.0138039 -0.0258233 0.0218797 0.000103831 -0.0119244 -0.0260272 -0.0132711 -0.0116903 0.00225709 -0.00680037 0.0144758 -0.0107605 -0.02452 -0.0146352 -0.0159395 -0.0136962
internal_weight=35642.5 16046.5 19596.1 13023.3 10922.6 5123.89 6572.78 7833.38 8553.04 7158.18 2424.56 3089.2 2592.23 4287.16 3833.54 2699.33 2739.24 4470.24 3546.22 2690.82 2980.6 2430.72 2797.65 3717.7 3661.8 1276.84 2275.02 740.356 705.263 202.604
internal_count=147123 71274 75849 50952 46016 25258 24897 33536 33048 27781 11341 12480 10564 17882 14542 13917 10355 17904 15654 13885 13230 10693 11045 15592 13861 5494 11598 3250 3111 956
is_linear=0
shrinkage=0.03


Tree=22
num_leaves=31
num_cat=0
split_feature=12 12 11 11 4 11 11 5 12 6 13 7 2 13 3 13 13 10 7 10 8 12 5 3 10 3 10 11 2 13
split_gain=3775.23 799.371 747.134 168.309 144.574 141.561 111.796 73.4399 66.7701 54.4691 56.9505 52.7474 50.3524 49.3536 48.2563 43.5479 42.8915 41.2937 37.5325 37.2531 36.6973 35.9176 33.972 31.9701 30.6191 30.453 29.4004 29.2102 28.7344 28.5303
threshold=0.00097556777077584115 0.00058467844625117321 0.0015419322993804213 0.0024078237317037708 -0.002423532612663037 0.00067883515304342887 0.0011709716373509819 -0.0064447519245324205 0.00040998856650436769 0.0057040652270801137 0.0009398277551855086 105520.03999999999 -0.0028983259419951275 0.00072682591663209917 -0.0067560172787827213 0.001947059005090261 0.0010273600309433854 121314.54758333335 111600.13000000002 104084.72633333334 57902.651000000013 0.0029607861990862223 0.0027794048955460675 -0.0031666407548624482 100541.89741666667 -0.0019166525735949678 59077.962833333346 0.0009306602601439199 0.0012807464743561649 0.0012965471912997622
decision_type=2 2 2 2 2 2 2 2 2 2 2 2 2 2 2 2 2 2 2 2 2 2 2 2 2 2 2 2 2 2
left_child=1 8 4 12 19 13 11 -7 28 10 -9 -6 -4 25 -5 -8 -13 -14 27 29 -10 -16 -22 -21 -17 -3 -15 -12 -1 -2
right_child=2 5 3 14 6 7 15 9 20 -11 18 16 17 26 21 24 -18 -19 -20 23 22 -23 -24 -25 -26 -27 -28 -29 -30 -31
leaf_value=-0.029333144074772395 0.0076490852825300609 -0.0021738991247273187 0.018106819903016824 0.029115008334220736 0.0002912064654754426 0.010062755197800826 0.0040043566720252425 -0.0086708598492148507 0.020678004503261668 0.00015883842640557441 -0.0035418208744544223 -0.016374817565887295 0.011047049836338139 0.009402597538880373 0.016194279927201245 0.017159210937822966 -0.0036109333161796287 -0.022252958659250942 -0.012467577624869089 0.011385680644714312 -0.021632444025132924 0.023803253822844893 -0.011553958598292434 -0.00039154607604003326 -0.0010392719042570243 -0.018263005318539829 -0.010036384363890878 0.0048510496282049001 0.0029149864296412458 0.014752532248463219
leaf_weight=1154.372559517622 948.77494774758816 116.89392194151878 1040.3160353004932 537.76710633933544 3442.8971345424652 286.74692945182323 3656.1421559453011 4006.0333055704832 19.498831316828728 1296.5400480926037 1098.480331659317 320.96991701424122 4686.2393922358751 72.209717109799385 1449.8755159676075 401.70235027372837 908.39768387377262 33.607612073421478 285.28938357532024 334.47134745121002 2596.2458129376173 914.80587328970432 342.45279489457607 544.70680351555347 104.53982828557491 1172.1735432595015 2096.1378691792488 565.0028233975172 25.2249366492033 1104.8913070708513
leaf_count=6260 3665 508 3915 2009 13735 1113 14309 17234 72 5300 4522 1392 17943 286 5518 1497 3706 144 1224 1274 12865 3474 1563 2172 416 5459 9039 2235 120 4154
internal_value=-1.29278e-06 -0.0113582 0.00841106 0.0150977 0.00348838 -0.00712805 0.00157202 -0.00482197 -0.0225981 -0.00541112 -0.00662435 -0.00161275 0.0121277 -0.0121548 0.0209902 0.00514759 -0.0069469 0.0108088 -0.00241563 0.00925979 -0.0201866 0.0191401 -0.0204594 0.00408631 0.0133958 -0.0168066 -0.00938725 -0.000689255 -0.0286408 0.0114728
internal_weight=35563.4 15133.3 20430.1 8662.61 11767.5 10995.5 8834.65 7538.09 4137.79 7251.35 5954.81 4672.26 5760.16 3457.42 2902.45 4162.38 1229.37 4719.85 1948.77 2932.84 2958.2 2364.68 2938.7 879.178 506.242 1289.07 2168.35 1663.48 1179.6 2053.67
internal_count=147123 67800 79323 33003 46320 46920 35055 31628 20880 30515 25215 18833 22002 15292 11001 16222 5098 18087 7981 11265 14500 8992 14428 3446 1913 5967 9325 6757 6380 7819
is_linear=0
shrinkage=0.03


Tree=23
num_leaves=31
num_cat=0
split_feature=12 12 14 12 12 14 13 14 14 13 3 3 11 10 5 7 17 11 3 7 10 13 13 10 3 5 14 5 13 6
split_gain=3560.99 763.457 730.153 206.894 143.627 143.115 87.3212 66.9028 64.1006 56.3075 53.8057 43.539 41.1065 39.7812 35.426 35.1726 33.2986 33.1637 31.5301 30.5281 26.9035 49.6372 31.3574 26.1516 26.0224 25.7816 24.9149 23.6442 23.0179 22.9464
threshold=0.00097556777077584115 0.00058467844625117321 0.00249334913266715 0.0013583234432204166 0.0023257464258486234 0.0011908229862556145 0.00072682591663209917 0.0010341568814612302 0.0010588101542396082 0.00046750788417634085 -0.0026939909304423133 -0.0034122223434441263 0.0019341183297206246 103914.93508333334 -0.0017428702359709722 58469.245000000003 0.42781532897394431 0.00067410959916185944 -0.0025734853036328826 105520.03999999999 68789.071250000023 0.0019095241820873421 0.0043846570948943347 95819.267250000019 -0.0023097741705397352 0.0013610194254698451 0.00059897475438309836 -0.002258863124520671 0.0021513165894787964 0.00038325559618990207
decision_type=2 2 2 2 2 2 2 2 2 2 2 2 2 2 2 2 2 2 2 2 2 2 2 2 2 2 2 2 2 2
left_child=1 7 3 8 11 6 29 9 27 -1 -7 -4 13 20 -10 -11 24 -12 -6 28 21 -5 -23 -13 -8 -15 -26 -2 -16 -3
right_child=2 5 4 12 18 10 16 -9 14 15 17 23 -14 25 19 -17 -18 -19 -20 -21 -22 22 -24 -25 26 -27 -28 -29 -30 -31
leaf_value=-0.02858061528026724 0.0017586412323936835 -0.017713478393123001 0.017577758443809936 0.0012037723398684304 0.026292096107686652 0.0061715618013478126 0.0071670008820914951 -0.01226079658719938 0.0058671706320775818 0.01418477988154351 -0.010144040875496103 0.013168027506034175 0.01263358905162453 0.0058224856141184372 0.0019631512047757487 -0.021123467676577353 -0.009503931007221059 -0.0024880302931784733 0.019234794085862265 -0.004286398128987034 0.010368978138926939 0.016438504688514818 -0.036103183304652307 0.0076774835265171308 -0.011005531876655131 -0.0035057754279040135 -0.0033400590616089066 -0.005426829720900278 0.025051103252070571 -0.011318904902277417
leaf_weight=1294.1083487421274 550.63503044843674 1097.9407970011234 1271.9600101113319 906.9495033621788 912.19303128123283 560.24266377091408 159.02309991419315 543.27835331857204 1834.7496812045574 25.515532210469246 618.47993014752865 2016.3663377612829 1437.7667233198881 618.19220112264156 2502.9501408189535 2244.942200705409 2794.3153804838657 2893.4640925973654 1543.1172156631947 835.37404638528824 2211.2782605439425 321.40078568458557 10.432828992605208 1280.8763624876738 527.29274721443653 468.39660331606865 1388.4664058536291 1631.5949770212173 39.404089793562889 944.39576825499535
leaf_count=7075 2195 5137 4803 3579 3450 2191 638 2519 7138 100 2652 7674 5481 2401 9888 11186 12016 11875 5919 3404 8445 1202 47 4956 2304 1884 5819 6715 142 4288
internal_value=-1.35113e-06 -0.0110489 0.00817382 0.00405877 0.016005 -0.00692192 -0.00955062 -0.0220826 0.000703778 -0.0235784 -0.00245955 0.0128583 0.00821076 0.00680815 0.00251137 -0.0207247 -0.0073652 -0.00383742 0.0218589 0.000687516 0.00838492 0.00484033 0.0147672 0.0110363 -0.004483 0.00179863 -0.00545193 -0.00361237 0.00232314 -0.0147587
internal_weight=35485.1 15091.5 20393.6 13369.1 7024.51 10983.6 6911.43 4107.84 7394.71 3564.57 4072.19 4569.2 5974.42 4536.65 5212.48 2270.46 4869.1 3511.94 2455.31 3377.73 3450.06 1238.78 331.834 3297.24 2074.78 1086.59 1915.76 2182.23 2542.35 2042.34
internal_count=147123 67800 79323 52521 26802 46920 30202 20880 29482 18361 16718 17433 23039 17558 20572 11286 20777 14527 9369 13434 13273 4828 1249 12630 8761 4285 8123 8910 10030 9425
is_linear=0
shrinkage=0.03


Tree=24
num_leaves=31
num_cat=0
split_feature=11 13 14 11 13 14 11 4 13 4 13 13 4 4 14 10 13 2 10 8 6 13 4 15 9 7 18 14 16 13
split_gain=3368.4 730.519 679.236 199.625 145.199 133.887 105.032 84.568 62.0849 53.9905 50.33 43.6648 40.9661 39.779 38.7425 38.7253 37.1431 36.5915 35.1185 32.1574 33.4741 31.8294 30.9149 30.0028 29.1312 35.0527 27.9429 27.5742 30.6012 27.5449
threshold=0.0009306602601439199 0.00064948489652214491 0.00249334913266715 0.0012466595199893188 0.0022636220951974596 0.00076942216941663498 0.0005105047125374423 -0.0026883213992685557 0.0015962174911624946 -0.0051815973319508926 0.0013276841233806189 0.0010878863797642998 0.0045899411897600837 -0.0031797899049921248 0.0052501291522619791 58678.127000000008 0.00085054628557612155 0.0020270571402954967 94412.69666666667 102526.39 0.0040961030299611076 0.00034444809460778414 0.0035979478587681028 0.011785190159625397 68220.991750000001 91363.673000000024 0.038606713101137995 0.0043061855351572186 0.2792495493669806 0.00080878569850935671
decision_type=2 2 2 2 2 2 2 2 2 2 2 2 2 2 2 2 2 2 2 2 2 2 2 2 2 2 2 2 2 2
left_child=1 6 3 11 9 18 17 16 24 -4 19 15 -8 -13 -6 29 26 21 -3 20 -9 -1 -12 -17 -5 -26 -7 28 -11 -2
right_child=2 5 4 8 14 7 12 10 -10 27 22 13 -14 -15 -16 23 -18 -19 -20 -21 -22 -23 -24 -25 25 -27 -28 -29 -30 -31
leaf_value=-0.032720753029657129 -0.040743079977892241 -0.0070349938532993346 0.017838741450333279 0.00030606047309759244 0.019034409903629576 -0.016367217418659936 -0.016191814061851953 -0.0065395978432796903 0.010695021829347494 0.011574333538075066 -0.0010831005957824724 0.0098050701332605024 0.017766208903727571 0.0009951854256177665 0.027496468568855754 -0.0057416547265314675 0.0069065573428801494 0.038845042570288174 -0.013632467609055482 -0.0091844351673718641 0.00021184373440911157 -0.023479508903514853 0.014733845381013714 0.00080645782056427973 0.012468235605594532 0.0046049325821301513 0.0011447756640179481 0.016102184801812223 0.0051156006038589391 0.017427949442058797
leaf_weight=401.17677485942841 7.6971596032381049 1101.8035728186369 1223.4817130118608 924.64143331348896 1680.2600913047791 121.17329579591751 2065.0061468333006 2154.5788041204214 3045.0866036713123 1838.6031760275364 497.60182943940163 545.59274061024189 32.313598111271858 2989.4266250729561 690.38831593096256 1744.6764331907034 807.03512804210186 7.9984854608774176 2145.4464658051729 2246.5748202651739 952.14282891154289 2140.0214880853891 143.02525758743286 984.24610264599323 665.55564595758915 2197.5715001225471 252.38182112574577 650.29229460656643 1033.7283747643232 116.19467042386532
leaf_count=2287 36 4734 4643 3663 6431 529 9854 9063 11665 7032 1999 2087 128 11867 2647 7236 3160 30 9639 9704 3883 11210 540 3962 2521 8581 1040 2482 4035 435
internal_value=-1.40546e-06 -0.0107516 0.00796339 0.00394052 0.015436 -0.00634042 -0.0206444 -0.00405207 0.00750481 0.0124056 -0.00549776 0.000127383 -0.0156664 0.00235599 0.0215011 -0.00263309 0.00328507 -0.024738 -0.0113951 -0.00644889 -0.00446952 -0.0249408 0.00244523 -0.00337889 0.00493911 0.00643424 -0.00453057 0.0105172 0.00925119 0.0137598
internal_weight=35405.7 15068.3 20337.4 13220.7 7116.75 10421.8 4646.52 7174.51 6832.86 4746.11 5993.92 6387.83 2097.32 3535.02 2370.65 2852.81 1180.59 2549.2 3247.25 5353.3 3106.72 2541.2 640.627 2728.92 3787.77 2863.13 373.555 3522.62 2872.33 123.892
internal_count=147123 67800 79323 52053 27270 44291 23509 29918 26430 18192 25189 25623 9982 13954 9078 11669 4729 13527 14373 22650 12946 13497 2539 11198 14765 11102 1569 13549 11067 471
is_linear=0
shrinkage=0.03


Tree=25
num_leaves=31
num_cat=0
split_feature=13 14 13 13 13 14 5 5 4 14 13 14 10 14 10 14 4 3 17 14 17 3 7 7 4 17 4 14 9 3
split_gain=3042.21 880.152 527.614 229.352 160.782 124.397 87.6237 83.5199 65.0749 63.2673 58.6562 54.8099 50.4627 50.2764 44.3896 41.7578 41.2102 38.5814 32.8437 32.2503 32.1271 30.1645 29.5721 35.71 28.0386 27.148 24.8049 24.2422 23.0138 22.5168
threshold=0.00092103261276192433 0.0022977264447584566 0.00059932848766249003 0.0014207478014663585 0.0022636220951974596 0.0014200012437362408 0.0028325676401592674 -0.0042500454908307441 -0.0051815973319508926 0.0012085350117973812 0.00072682591663209917 0.00088371482848762721 102977.01016666669 0.0010012623887524204 58678.127000000008 0.0052501291522619791 -0.002423532612663037 -0.0032443558762916265 0.46957469217742159 0.0043061855351572186 0.48105019273658356 0.0013416976572766528 61859.038000000008 60431.304000000011 0.0074415152131510629 0.5652348093236147 0.001444435966828417 0.00059897475438309836 64304.876000000004 0.005532747428718344
decision_type=2 2 2 2 2 2 2 2 2 2 2 2 2 2 2 2 2 2 2 2 2 2 2 2 2 2 2 2 2 2
left_child=2 3 6 7 8 10 11 21 -3 14 22 26 -12 -5 -9 -6 -14 -15 -19 20 -10 -2 23 -4 -18 -11 -1 -16 -29 -7
right_child=1 4 5 13 15 29 -8 9 19 25 12 -13 16 17 27 -17 24 18 -20 -21 -22 -23 -24 -25 -26 -27 -28 28 -30 -31
leaf_value=-0.026238084532267964 0.0072331056631181065 0.017201444005432276 -0.0084108936257489674 -0.00058501193483546129 0.018251899383117446 -0.0018958758038522465 -0.0062208556016018525 0.0077118843122668352 0.012425948340250025 0.0031473254026549184 -0.0049043228554295163 -0.0155134299139826 -0.00074277707411535331 0.015162124274164071 -0.010747171498823855 0.026948051763310939 -0.013754303551357561 0.0097466325758063677 0.0043837499372375499 0.015859332851349755 0.0064405515592324582 -0.0058983331641181865 -0.01458169040217823 0.02881207400119172 0.034712493234720913 -0.0016966069143628073 -0.016634284899558899 -0.011290197081422759 -0.003348719618401269 0.023005869232343962
leaf_weight=2351.2720166295767 1369.9798561483622 1354.0265606790781 102.73245070874691 680.77878873050213 1846.450608804822 1902.2731489688158 295.14884036779404 249.17829269170761 1239.3274074345827 2079.2375162541866 2249.8593075424433 653.46807500720024 270.29471527040005 612.11649882793427 626.62484532594681 683.98257660865784 1580.6404108405113 2072.7169086188078 2044.9837154000998 636.68352754414082 2327.2054624855518 177.55044203996658 2321.8182582557201 29.852131366729736 10.689124479889868 2085.1141994595528 272.62007218599319 372.61519359052181 2794.4548394083977 33.137405782938004
leaf_count=12651 5325 5155 460 2722 7099 7788 1348 975 4725 8212 9516 3166 1135 2306 2683 2648 7064 7956 7997 2439 9055 722 10840 118 38 8396 1395 1565 11502 122
internal_value=-1.43189e-06 0.00634222 -0.0122189 0.00207964 0.0143346 -0.00815281 -0.0218935 -0.000667736 0.0114787 -0.00187342 -0.0101231 -0.0233037 -0.00793024 0.00703335 -0.00454673 0.0206046 -0.0115851 0.00813051 0.00708415 0.0096341 0.00852154 0.00572429 -0.0137948 0 -0.0134247 0.000721239 -0.0252421 -0.00535288 -0.00428433 -0.0014668
internal_weight=35326.8 23253 12073.8 15165.4 8087.68 8501.3 3572.51 9754.76 5557.24 8207.22 6565.89 3277.36 4111.48 5410.6 4042.87 2530.43 1861.62 4729.82 4117.7 4203.22 3566.53 1547.53 2454.4 132.585 1591.33 4164.35 2623.89 3793.69 3167.07 1935.41
internal_count=147123 91482 55641 60361 31121 37081 18560 39380 21374 33333 29171 17212 17753 20981 16725 9747 8237 18259 15953 16219 13780 6047 11418 578 7102 16608 14046 15750 13067 7910
is_linear=0
shrinkage=0.03


Tree=26
num_leaves=31
num_cat=0
split_feature=11 11 12 14 14 14 10 13 17 14 13 13 4 3 13 13 14 4 3 2 10 10 7 14 12 9 13 4 5 13
split_gain=3024.09 758.32 529.738 149.979 148.846 101.688 69.3537 63.1154 62.5257 62.3472 54.0673 50.79 50.649 44.8372 44.7315 41.8297 41.5831 38.7112 37.5857 36.1427 34.4839 33.8548 31.777 31.2383 30.071 29.7751 27.2497 25.7779 24.3328 24.1779
threshold=0.00085018158918218534 0.0015419322993804213 0.00058467844625117321 0.0015842165854716781 0.003475768497969912 0.0013596333205800409 94510.065916666688 0.00088252922710377638 0.53597573289896971 0.0011484853701847545 0.00061710423859249661 0.00075185653426208387 0.001444435966828417 -0.003089825751134367 0.0011954722919726038 0.0015962174911624946 0.0071272240979873324 -0.0022727071497127822 -0.0032443558762916265 -0.0034272078541724422 94292.886833333338 62855.174916666678 104930.39500000003 0.0022977264447584566 0.00066415141549788163 91648.095000000016 0.0021010940198595953 0.0074415152131510629 -0.0054075327694082511 0.0010472033750838709
decision_type=2 2 2 2 2 2 2 2 2 2 2 2 2 2 2 2 2 2 2 2 2 2 2 2 2 2 2 2 2 2
left_child=2 3 9 7 15 6 24 27 23 10 12 -8 -1 -7 -15 -3 -6 -9 -17 -10 26 -12 -21 -5 -4 -26 -19 -2 -13 -22
right_child=1 4 5 8 16 13 11 17 19 -11 21 28 -14 14 -16 18 -18 20 -20 22 29 -23 -24 -25 25 -27 -28 -29 -30 -31
leaf_value=-0.025516927748153704 -0.0065851344456190515 0.0072146506555625491 -0.011917559612270858 0.0065589600900190564 0.01758193448304143 0.012450699170291972 -0.015834622725325011 0.0054419558836262807 0.012363457193667562 -0.0091443539139776826 0.0055289710028667838 0.0045183467087555815 -0.01380470651064942 -0.0052979192314204252 0.0067753784768638994 0.018759367697608411 0.027609534288833098 0.0015920601659871168 0.011119765204675279 0.0038710582915936001 -0.0073376852923792485 -0.016948945431266193 -0.0028425331638496742 0.01315055187200216 -0.0047923094002606196 0.007823940826960191 0.018410099547978714 0.038414980064327191 -0.0096690099251853321 -0.00095753847566342636
leaf_weight=2415.8079973459244 1426.6604881733656 1959.3064536750317 488.72195494174957 1679.1186984777451 2546.2995038628578 186.24604471027851 1593.859091758728 1262.3171124309301 345.22326697409153 382.04685615003109 65.161309003829956 113.24720147252083 387.1670248657465 1456.0949703603983 340.55208587646484 728.55868764221668 437.85957582294941 2146.5591960251331 2871.1371409446001 2499.6104553639889 753.08433686196804 771.1488441079855 849.77814890444279 1056.4572538286448 1776.1523889899254 185.73109748959541 90.310691699385643 11.432744011282919 2576.4664485752583 1846.722899004817
leaf_count=13159 6085 7578 2213 6520 9905 711 7469 4931 1317 1759 283 457 1952 6082 1326 2751 1696 8534 11073 9799 3157 3727 3430 4009 7480 751 334 40 11167 7428
internal_value=-1.49236e-06 0.00660858 -0.0116826 0.00230194 0.0136491 -0.00752664 -0.00928495 -0.000569087 0.00566761 -0.0206902 -0.0219011 -0.0115883 -0.0239008 -0.00155352 -0.00300752 0.0107462 0.0190551 0.000763567 0.0126673 0.00312071 -0.000456906 -0.0151935 0.00216681 0.00910606 -0.00525726 -0.00359606 0.0022732 -0.00622265 -0.00907041 -0.00280704
internal_weight=35248.8 22510.4 12738.4 13967.3 8543.16 8717.07 6734.18 7537.09 6430.19 4021.33 3639.29 4283.57 2802.98 1982.89 1796.65 5559 2984.16 6098.99 3599.7 3694.61 4836.68 836.31 3349.39 2735.58 2450.61 1961.88 2236.87 1438.09 2689.71 2599.81
internal_count=147123 88587 58536 55584 33003 37656 29537 30509 25075 20880 19121 19093 15111 8119 7408 21402 11601 24384 13824 14546 19453 4010 13229 10529 10444 8231 8868 6125 11624 10585
is_linear=0
shrinkage=0.03


Tree=27
num_leaves=31
num_cat=0
split_feature=11 12 12 14 14 14 13 4 13 13 14 14 4 17 9 4 15 10 9 9 13 2 5 14 10 5 13 4 14 11
split_gain=2853.55 722.185 506.838 149.058 139.967 97.5719 81.2844 62.4377 61.4317 44.7935 44.6981 43.5326 39.2436 39.2368 36.8756 35.0373 34.5408 32.9993 31.5627 29.4131 29.2692 29.1537 28.8266 28.4613 28.0101 27.4293 25.3682 25.0418 24.527 24.4948
threshold=0.00085018158918218534 0.0015531223872100629 0.00058467844625117321 0.003251021468619606 0.0021924362418896865 0.00080735623230913662 0.0010472033750838709 -0.0033251803093476968 0.00046750788417634085 0.0013352462185953421 0.0016928341394664254 0.0071272240979873324 -0.0029819382596840689 0.55804805604485674 104926.01525000001 0.001444435966828417 -0.093464370563187807 57721.566416666676 108795.56125000001 97317.375250000012 0.00088765635312890525 0.0019027127552502245 -0.0070096619700870102 0.0011484853701847545 95819.267250000019 -0.0055382390528797001 0.0026241499810997679 -0.0018739431815153471 0.00045387626069317736 0.0012871753661452968
decision_type=2 2 2 2 2 2 2 2 2 2 2 2 2 2 2 2 2 2 2 2 2 2 2 2 2 2 2 2 2 2
left_child=2 4 8 10 6 18 14 -7 15 21 -3 22 -8 -6 20 -1 27 -10 -4 26 25 24 -5 -19 -9 -2 -12 -16 -20 -14
right_child=1 3 5 11 13 7 12 9 17 -11 19 -13 29 -15 16 -17 -18 23 28 -21 -22 -23 -24 -25 -26 -27 -28 -29 -30 -31
leaf_value=-0.027265258141475294 0.010005781338088729 0.0059038758593683129 -0.0093285689583239833 0.02107027603506725 0.011812392285341694 0.0044882301773556876 0.0076712662827901424 -0.0046701597417800143 0.041667850739146119 0.0039570711811824704 0.012308048384274049 0.027231370753746865 9.5659730635669276e-05 0.0049688774752680524 -0.0020242115021714253 -0.012157494032002666 -0.0010161379754535865 -0.018913619695478324 -0.022710607958963985 0.008107510972364158 0.0021112733552096333 0.00095237412886765285 0.014682105582753147 -0.0092843338352188096 -0.0097170128675396882 -0.0058290687881366486 0.020011373944385253 -0.013365258565733468 -0.012697011661960453 0.0044445731079780009
leaf_weight=1176.1231502890587 108.71769520640373 1587.7699772715569 2226.2127988487482 981.14879675209522 1245.2560779452324 577.97873795032501 1120.3599935173988 1739.0515922605991 8.3122393190860731 378.60128186643124 2184.6169949471951 424.99820148944855 3625.7819467037916 1918.132932305336 240.22147685289383 157.67071631550789 600.18888853490353 2334.1084132641554 311.03565694391727 1266.8886842280626 1471.687026783824 398.12040397524834 1831.391757234931 315.15719345211983 2307.532418936491 1023.1041700690985 469.38988251984119 654.57943205535412 766.5785685479641 1718.8139112442732
leaf_count=6723 424 6167 9850 3809 4748 2309 4321 7304 28 1493 8395 1664 14494 7498 991 810 2474 11879 1494 4908 5873 1639 7177 1440 10066 4309 1783 2846 3501 6706
internal_value=-1.54978e-06 0.00642141 -0.0113705 0.0131588 0.00212834 -0.00731113 0.000470245 -0.004826 -0.0202228 -0.00594281 0.0101548 0.0182687 0.0025658 0.00766404 -0.00283452 -0.0254826 -0.00658984 -0.017581 -0.0113728 0.0118753 -0.000676821 -0.00678684 0.0169123 -0.0177696 -0.007549 -0.00430464 0.0136723 -0.0103245 -0.0155919 0.00149488
internal_weight=35169.5 22473 12696.5 8746.2 13726.8 8705.11 10563.5 5401.28 3991.37 4823.31 5508.67 3237.54 6464.96 3163.39 4098.5 1333.79 1494.99 2657.58 3303.83 3920.9 2603.51 4444.7 2812.54 2649.27 4046.58 1131.82 2654.01 894.801 1077.61 5344.6
internal_count=147123 88587 58536 33903 54684 37656 42438 22811 20880 20502 21253 12650 25521 12246 16917 7533 6311 13347 14845 15086 10606 19009 10986 13319 17370 4733 10178 3837 4995 21200
is_linear=0
shrinkage=0.03


Tree=28
num_leaves=31
num_cat=0
split_feature=11 13 11 11 11 11 11 10 4 3 8 3 6 3 4 10 13 2 8 13 4 13 5 13 6 15 7 13 13 10
split_gain=2692.6 642.198 519.106 119.718 111.643 98.4173 94.411 70.358 64.3159 59.0836 51.1025 46.3978 45.3629 43.362 43.0447 39.8793 36.0588 34.3648 32.9289 31.2954 30.492 28.7409 28.3808 26.9766 24.6293 24.2417 28.0289 28.157 22.9152 22.8967
threshold=0.0009573843304783241 0.00064948489652214491 0.0017736843104559708 0.0012311219805144918 0.00064564687827923172 0.0005105047125374423 0.0030182305929653207 59077.962833333346 -0.0033251803093476968 -0.0022144227487750352 91061.703500000018 -0.0067560172787827213 0.0058128707866480509 2.0507150051640725e-05 0.0045899411897600837 110426.93983333335 0.0013352462185953421 0.0020270571402954967 97184.611000000019 0.00034444809460778414 -0.0096933514944727555 0.0007995907064001674 -0.0090523546544621341 0.0010828228517179067 0.0072215064058328568 0.18609071661941454 58059.65600000001 0.0010118303015152232 0.00074665918688430187 109807.34650000001
decision_type=2 2 2 2 2 2 2 2 2 2 2 2 2 2 2 2 2 2 2 2 2 2 2 2 2 2 2 2 2 2
left_child=1 5 3 9 7 17 11 -3 22 20 -11 -4 15 23 -7 16 25 19 -13 -1 -2 -9 -6 -5 -21 26 27 -10 -24 -18
right_child=2 4 6 13 8 14 -8 21 12 10 -12 18 -14 -15 -16 -17 29 -19 -20 24 -22 -23 28 -25 -26 -27 -28 -29 -30 -31
leaf_value=-0.0309557394510326 0.033793947335576072 0.012816599178088989 0.021257639955707761 0.0030677286502984753 0.025180360622208815 -0.014535342291335605 0.021711063077244196 -0.014236375712472509 -0.0098401284594461062 0.0032944062644047704 -0.0028639682317210344 0.013499490615686187 0.00025454800823458896 0.0044130564305630386 0.019302120776683335 -0.010402395828775331 0.0028033558700468041 0.038761181803020954 0.00798897717385289 -0.021848843924940832 0.0061690558566754308 -0.0082946827673863605 -0.012442541918185182 0.010283499675104658 0.01905487568716472 -0.0014780392608787791 -0.0072409422405909597 0.022895903619452079 0.0046805054090301394 0.061321707761311788
leaf_weight=382.59267145395279 37.070940971374512 114.22648714482784 507.66961868107319 555.96803520619869 55.265449166297913 2046.8242287784815 1316.6657857298851 1419.1407351791859 40.516344666481018 2035.0673062056303 3000.3065267056227 2948.0728728026152 1475.5511159151793 3516.3083959519863 34.245668888092041 1241.47156663239 459.39546984434128 7.9996707141399375 1465.0017925351858 2058.0317234247923 1165.6439301073551 1524.1849322766066 78.191115245223045 2935.4941589236259 13.18421611189842 1114.4027785211802 2793.0720389485359 56.250832036137581 687.0520892739296 6.0043815374374381
leaf_count=2287 131 451 1965 2189 200 9935 5211 6577 173 8026 12193 11424 6037 13754 135 5455 1817 30 5718 11153 4547 6602 340 11270 57 4606 11899 208 2714 19
internal_value=-1.58853e-06 -0.00928644 0.00743615 0.00407547 -0.00538671 -0.0187837 0.0145723 -0.0102638 -0.00352392 0.00105195 -0.000374424 0.0126611 -0.00443262 0.00676641 -0.0139762 -0.00564412 -0.00432161 -0.0228458 0.0116711 -0.0230494 0.00702576 -0.0111609 0.0044311 0.00913547 -0.0215861 -0.00524055 -0.00669034 0.00916237 0.00292559 0.00357779
internal_weight=35090.9 15607.6 19483.3 13245.9 11064.7 4542.88 6237.41 3057.55 8007.17 6238.09 5035.37 4920.74 7186.66 7007.77 2081.07 5711.11 4469.64 2461.81 4413.07 2453.81 1202.71 2943.33 820.509 3491.46 2071.22 4004.24 2889.84 96.7672 765.243 465.4
internal_count=147123 70695 76428 52110 47098 23597 24318 13630 33468 24897 20219 19107 30214 27213 10070 24177 18722 13527 17142 13497 4678 13179 3254 13459 11210 16886 12280 381 3054 1836
is_linear=0
shrinkage=0.03


Tree=29
num_leaves=31
num_cat=0
split_feature=12 14 12 12 12 14 5 3 14 9 13 3 13 3 11 7 13 7 9 13 5 3 7 13 18 11 5 12 13 6
split_gain=2548.95 673.477 447.487 218.061 125.628 89.3663 79.8685 58.0442 57.3679 51.6681 48.0656 44.9488 41.1405 39.7415 35.5651 32.7846 31.5066 30.9163 30.7844 30.1835 28.7692 27.2878 25.209 25.2084 23.9671 23.7707 23.3676 23.3674 26.7919 27.1447
threshold=0.00088710588841902076 0.00249334913266715 0.00057886845913148518 0.0012695452170527694 0.0027275666882357013 0.00069781333037181837 -0.002258863124520671 -0.0034122223434441263 0.0010341568814612302 93796.917000000016 0.00046750788417634085 -0.0028785825286137263 0.0016086028413831133 0.0029700601957025623 0.00065059605252158498 97185.58100000002 0.00087803706365960127 58469.245000000003 109279.49650000002 0.0010221926724321903 -0.0074145585170469199 0.0012563529981128865 117432.44400000002 0.0019890151577546373 0.26907186004472267 0.00064564687827923172 -0.01804197168760829 0.0020859230529649774 0.0019890151577546373 -0.021928368674437645
decision_type=2 2 2 2 2 2 2 2 2 2 2 2 2 2 2 2 2 2 2 2 2 2 2 2 2 2 2 2 2 2
left_child=2 3 8 6 7 19 21 26 10 24 -1 -7 20 16 -11 23 22 -12 -9 -4 -5 -2 25 -14 -8 -13 -3 28 29 -17
right_child=1 4 5 12 -6 11 9 18 -10 14 17 13 15 -15 -16 27 -18 -19 -20 -21 -22 -23 -24 -25 -26 -27 -28 -29 -30 -31
leaf_value=-0.025724787689213536 0.0050710731929486932 0.026419456541253782 -0.013045815571987805 0.01182216580680704 0.021480254269379422 0.0042433812186402475 -0.001761554413940583 0.010564153609895545 -0.010076410641475096 -0.017873239958045371 0.014878105611088368 -0.011522746361013357 0.0076474818335193918 0.0034079446604904375 -0.0043046686685952809 0.038973620630536804 -0.0034380590744767388 -0.018611133217200648 0.0018189346742581069 -0.0012770076042388967 0.0031641814135899985 -0.004351557381239754 -0.016730690337414481 0.013897931870955707 0.0041461836853326425 -0.00579072392437359 0.015129658926176022 0.010533027271788399 -0.0063132723828535926 0.0040906501593738652
leaf_weight=1214.6700190156698 2098.3915443569422 188.38528661429882 2226.3113820254803 386.53850311040878 1467.5026740729809 421.06796181201935 1556.3553602099419 3582.9889643490314 502.68066488206387 183.74190181493759 24.940743997693062 932.90428577363491 1190.6544701009989 383.11429005861282 3263.160139515996 20.758615627884865 1846.5945892035961 2071.8124117255211 404.00872305035591 215.7293436974287 3270.2435153573751 318.18477281928062 292.9309545904398 1140.8286827504635 1024.7057285308838 2172.1562628448009 1390.6320407241583 409.90678124129772 255.07178148627281 557.00300975143909
leaf_count=7074 8256 719 10282 1471 5840 1686 6282 13912 2385 816 98 4229 4617 1565 13434 71 7680 10743 1601 902 12838 1298 1345 4362 4049 9389 5390 1575 1036 2178
internal_value=-1.61308e-06 0.00595657 -0.0109978 0.00249565 0.0136693 -0.00716274 -0.000778279 0.0116091 -0.0195341 -0.00262586 -0.0209685 -0.00520613 0.00631939 -0.00591375 -0.00502933 0.00860899 -0.00659532 -0.0182107 0.00967881 -0.0120075 0.00408049 0.00382905 -0.00831005 0.0107077 0.000582781 -0.00751417 0.0164801 0.00466874 0.00177791 0.00535569
internal_weight=35014 22709.1 12304.9 15675.5 7033.52 8490.81 8444.54 5566.02 3814.1 6027.96 3311.42 6048.77 7231.01 5627.7 3446.9 3574.22 5244.59 2096.75 3987 2442.04 3656.78 2416.58 3397.99 2331.48 2581.06 3105.06 1579.02 1242.74 832.833 577.762
internal_count=147123 89745 57378 62283 27462 37078 34135 21622 20300 24581 17915 25894 28148 24208 14250 13839 22643 10841 15513 11184 14309 9554 14963 8979 10331 13618 6109 4860 3285 2249
is_linear=0
shrinkage=0.03


Tree=30
num_leaves=31
num_cat=0
split_feature=11 11 13 14 14 11 14 17 13 10 5 6 2 6 11 13 10 5 2 6 14 3 13 3 14 10 14 6 13 3
split_gain=2409.91 616.973 442.52 129.524 123.672 83.4223 77.6786 56.6361 50.996 49.8947 39.1833 38.9493 37.6697 37.1888 36.3317 34.6391 33.0323 31.7728 31.4641 30.6965 30.6013 28.6711 27.9872 27.4337 27.2572 27.138 25.6995 24.0488 23.7951 23.2377
threshold=0.00085018158918218534 0.0015419322993804213 0.00064948489652214491 0.003475768497969912 0.0015842165854716781 0.00048079728438620955 0.0013596333205800409 0.53597573289896971 0.00088252922710377638 102977.01016666669 0.0028895620528633929 -0.021928368674437645 0.0020270571402954967 0.0039177095494344902 0.0019111159753894189 0.0011840282793476244 109269.55191666669 0.010117713591763723 -0.0034272078541724422 -0.010280266321802343 0.0014407509147919167 -0.003089825751134367 0.00034444809460778414 -0.0028785825286137263 0.00039883687054799297 104591.23183333334 0.0022977264447584566 0.0072215064058328568 0.0011599212754306761 -0.003321558592284612
decision_type=2 2 2 2 2 2 2 2 2 2 2 2 2 2 2 2 2 2 2 2 2 2 2 2 2 2 2 2 2 2
left_child=2 4 5 14 8 12 9 26 -2 13 20 -5 22 23 -3 21 -10 -18 -9 -11 -7 -8 -1 -4 -21 -20 -6 -24 -26 -16
right_child=1 3 6 11 7 10 15 18 16 19 -12 -13 -14 -15 29 -17 17 -19 25 24 -22 -23 27 -25 28 -27 -28 -29 -30 -31
leaf_value=-0.030243719674012182 -0.0056649354683707947 0.0071416804238420926 0.0091341233442699954 0.025130487050248465 0.0060651386294032789 -0.016944188754285584 0.0101567037170945 0.011326519928798273 0.0017093971002431234 0.010996046449364276 -0.0037793649136560648 0.015862227913883656 0.057327042672638932 -0.00024538982063426225 0.017293673809773306 0.0069383920954846695 -0.0030704334871666482 -0.034234098588626444 0.003398922854507888 -0.019685115277567326 -0.0043808041244500218 -0.0044507039420121882 -0.021388672256557686 -0.0079473348330019698 -0.011220744277271776 -0.0027332984535335288 0.012059973523156759 0.023279120137457282 -0.0011674278197184957 0.010588827522934739
leaf_weight=368.41854102909565 1433.95211802423 2723.4681097716093 87.345751136541367 492.90255029499531 1675.0964560955763 1775.8241357952356 132.8887622654438 342.71382926404476 4906.8905434608459 56.331757083535194 284.43051049113274 2422.914286121726 5.1927604079246512 886.76634885370731 593.63392527401447 391.07039347290993 1156.9395995438099 30.139922872185707 2460.9508828371763 313.18015484511852 194.32802088558674 1323.7548321485519 1729.3711840808392 2497.7395207434893 2283.0936514735222 881.77308024466038 1049.2310608029366 10.774722948670385 234.33546768128872 2190.9166778922081
leaf_count=2263 6125 10587 345 1960 6520 9016 510 1317 19510 225 1282 9641 18 3692 2278 1522 4738 136 9669 1506 866 5517 9590 10840 10328 3560 4009 46 970 8537
internal_value=-1.64396e-06 0.00590685 -0.0105088 0.0123167 0.00203253 -0.0182227 -0.00640211 0.00509505 -0.000574742 -0.00797549 -0.0142036 0.0174308 -0.0225071 -0.00555021 0.00960854 -0.000985632 0.000622596 -0.00386702 0.00266919 -0.0108908 -0.0157068 -0.00311541 -0.0227079 -0.00736869 -0.0113278 0.00178038 0.00837541 -0.0211091 -0.0102862 0.0120199
internal_weight=34936.4 22361.5 12574.8 8423.84 13937.7 4368.34 8206.51 6409.77 7527.92 6358.79 2254.58 2915.82 2113.76 3471.85 5508.02 1847.71 6093.97 1187.08 3685.44 2886.94 1970.15 1456.64 2108.56 2585.09 2830.61 3342.72 2724.33 1740.15 2517.43 2784.55
internal_count=147123 88587 58536 33003 55584 23081 35455 25075 30509 27906 11164 11601 11917 14877 21402 7549 24384 4874 14546 13029 9882 6027 11899 11185 12804 13229 10529 9636 11298 10815
is_linear=0
shrinkage=0.03


Tree=31
num_leaves=31
num_cat=0
split_feature=12 12 14 14 12 13 13 12 4 7 10 4 13 4 14 4 6 4 10 14 0 5 10 4 8 5 8 15 7 14
split_gain=2277.85 699.827 342.222 152.546 104.412 74.9651 74.3917 70.6176 46.176 44.8824 40.2885 34.6926 33.9406 33.9327 32.0774 32.008 29.7967 28.7807 26.539 26.502 26.6772 26.4294 24.4382 24.1247 23.9593 23.8469 23.3432 22.0553 21.4523 21.3985
threshold=0.0011199656559096529 0.00061187499133408209 0.00249334913266715 0.0014302892020062207 0.0027275666882357013 0.00046750788417634085 0.00074157992038469546 0.0015531223872100629 -0.0051815973319508926 96143.842000000019 57721.566416666676 -0.0040882002967403954 0.0011412522494947679 0.001444435966828417 0.00088371482848762721 -0.002423532612663037 0.00033118031704104661 -0.0035667044848905478 103914.93508333334 0.0011484853701847545 0.00094503416407509821 -0.00024145353258891997 96129.330083333349 0.0077732718106089402 109265.93000000001 0.0028325676401592674 96147.217500000013 0.4256717152624207 112076.97600000001 0.001025807958935352
decision_type=2 2 2 2 2 2 2 2 2 2 2 2 2 2 2 2 2 2 2 2 2 2 2 2 2 2 2 2 2 2
left_child=1 5 7 6 8 13 16 15 -4 22 -7 -5 17 -1 25 18 21 -11 -2 -9 -21 -3 -8 -19 -10 -12 -18 -28 -27 -17
right_child=2 3 4 11 -6 10 9 19 24 12 14 -13 -14 -15 -16 29 26 23 -20 20 -22 -23 -24 -25 -26 28 27 -29 -30 -31
leaf_value=-0.025466741592764307 0.0093216709379292176 -0.011214359833997623 0.016289270668057295 0.0076345446204577339 0.020642288598071261 0.039327008318664529 -0.0022830158430829262 0.0010880338721753256 0.010508803881174962 0.0026387036871747946 -0.018220884212093696 -0.00026395701187313929 -0.00063256829121500319 -0.010393080581679663 -0.010478355693210263 -0.0023511199322586501 -0.00081391874163297775 -0.0088050823722389676 0.00054286981407731464 0.010171592740208407 0.0036905051071677557 -0.02117346900996812 0.027723345125006422 0.033514089516487017 0.0020254294094568265 -0.0035774872368182849 -0.013150813516129921 0.00069134669074838396 -0.024785953322773831 0.0025318508180749238
leaf_weight=1125.5421485602856 986.21259708702564 785.21899259090424 1323.4040292352438 578.10668468475342 1446.305077880621 12.086612701416014 3424.8767600655556 460.40534587204456 3333.2168465852737 216.7513363212347 2051.7903360724449 3718.9888680577278 689.90160618722439 153.65678118169308 905.26942524313927 1039.6217972487211 343.64896784722805 3200.1395318359137 453.04122780263424 2644.7795480489731 731.41576492786407 347.37565924227238 24.489776223897934 12.044663354754446 330.25938329100609 192.32565930485725 532.7404947578907 128.08358064293861 55.357567265629768 3612.4880772829056
leaf_count=6726 3784 3660 5173 2240 5840 42 14149 1820 13017 877 10734 15034 2817 812 4293 4211 1510 13912 1795 10209 2888 1680 91 43 1311 894 2498 563 279 14221
internal_value=-1.70715e-06 -0.0072139 0.00815242 -0.0039071 0.0135426 -0.0175116 -0.00599068 0.00465926 0.0114825 -0.00459419 -0.0150652 0.000798117 -0.00670868 -0.0236594 -0.0152725 0.00265045 -0.0109344 -0.00793026 0.00656064 0.00784772 0.00876858 -0.0142731 -0.00206831 -0.00864443 0.00974493 -0.0171581 -0.00716568 -0.0104636 -0.00833781 0.00143997
internal_weight=34859.5 18498.4 16361.1 14002.4 6433.19 4496.03 9705.27 9927.96 4986.88 7568.2 3216.83 4297.1 4118.84 1279.2 3204.74 6091.36 2137.07 3428.94 1439.25 3836.6 3376.2 1132.59 3449.37 3212.18 3663.48 2299.47 1004.47 660.824 247.683 4652.11
internal_count=147123 82854 64269 59074 25341 23780 41800 38928 19501 31889 16242 17274 17649 7538 16200 24011 9911 14832 5579 14917 13097 5340 14240 13955 14328 11907 4571 3061 1173 18432
is_linear=0
shrinkage=0.03


Tree=32
num_leaves=31
num_cat=0
split_feature=11 12 12 11 11 14 10 14 14 4 13 13 3 13 3 13 3 4 10 14 12 7 9 13 3 13 18 14 10 12
split_gain=2157.03 557.59 407.303 125.122 108.184 82.0303 54.1402 53.2069 50.0711 48.1472 46.4117 44.9893 42.2446 41.5161 36.485 35.3197 31.556 31.3024 37.6696 30.9459 29.2322 28.6114 28.3638 28.1829 24.3651 23.2085 22.4777 22.4284 22.4082 23.5467
threshold=0.00085018158918218534 0.0015531223872100629 0.00057886845913148518 0.0024078237317037708 0.0011709716373509819 0.0013596333205800409 94510.065916666688 0.0010341568814612302 0.0016928341394664254 -0.0053431986789395638 0.00088252922710377638 0.00046750788417634085 -0.0067560172787827213 0.00075185653426208387 -0.003089825751134367 0.0011954722919726038 -0.00089075408036143322 -0.0022727071497127822 94292.886833333338 0.0010827291190556403 0.00066415141549788163 58469.245000000003 91648.095000000016 0.0022636220951974596 -0.0063538294918633045 0.001874595240157418 0.1407342132956497 0.00050267133105523552 95042.471916666676 0.0010883914604229172
decision_type=2 2 2 2 2 2 2 2 2 2 2 2 2 2 2 2 2 2 2 2 2 2 2 2 2 2 2 2 2 2
left_child=2 4 7 8 10 6 20 11 -3 -6 -2 -1 -5 -8 -7 -16 -10 24 -19 -11 -4 -13 -22 -14 -12 26 -21 -15 29 -20
right_child=1 3 5 12 9 14 13 -9 16 19 17 21 23 27 15 -17 -18 18 28 25 22 -23 -24 -25 -26 -27 -28 -29 -30 -31
leaf_value=-0.024381711352435761 -0.0047287388815586886 0.0042756829527089693 -0.010870835743697177 0.024787846454925506 0.01224865468219913 0.011540606762589473 -0.013834100800357236 -0.0091363951835152207 0.013602706503420726 -0.0011959683567305597 0.029915017814228499 0.014845703847433991 0.011013505928837104 -0.014583957604088663 -0.0044217396823027898 0.0063072503745863736 0.0084684863363238948 0.0025048125543504405 -0.030184114239474574 0.0019457056508558458 -0.0039683987729060705 -0.01740150505211804 0.0083636779145961973 0.017878237609184014 0.0041652817523419178 0.012769447119492296 0.0063537616438843047 -0.0066498859984361197 -0.0024279097903882369 7.4613988861411563e-05
leaf_weight=1174.6341089606285 1824.8106426000595 1456.5392982661724 509.34622614085674 497.49957333505154 693.67370384931564 186.41822935640812 1624.875446870923 497.5122289955616 1908.4974146485329 908.72097510099411 33.901668190956116 24.895992621779442 906.24431283771992 373.28366369009018 1462.8038467764854 340.12246690690517 2488.9871308356524 2083.6375305950642 54.35150371491909 1968.0320551544428 1769.1698237508535 2032.7938745766878 185.22042885422707 1339.8837658017874 1276.7167807370424 311.91122853755951 2216.6731692701578 2313.4697959721088 2278.610764965415 39.914492309093475
leaf_count=7074 7725 5697 2350 2009 2667 714 7782 2385 7437 3644 122 98 3585 1706 6128 1326 9768 8257 243 7761 7480 10743 751 5407 5016 1185 8603 9999 9302 159
internal_value=-1.75713e-06 0.00559165 -0.00997985 0.0115794 0.00183116 -0.00644577 -0.00801846 -0.0182834 0.00910043 0.00480649 -0.000558714 -0.01969 0.0168672 -0.0100462 -0.00108783 -0.00239581 0.0106977 0.000760286 -0.000437713 0.00385067 -0.00446836 -0.0170092 -0.00279777 0.0151105 0.00483587 0.00487121 0.0042815 -0.00775382 -0.00302282 -0.0173535
internal_weight=34783.2 22288.6 12494.5 8597.65 13691 8764.71 6775.37 3729.84 5854.02 6099.01 7591.94 3232.32 2743.63 4311.63 1989.34 1802.93 4397.48 5767.13 4456.51 5405.34 2463.74 2057.69 1954.39 2246.13 1310.62 4496.62 4184.71 2686.75 2372.88 94.266
internal_count=147123 88587 58536 33903 54684 38236 30068 20300 22902 23860 30824 17915 11001 19487 8168 7454 17205 23099 17961 21193 10581 10841 8231 8992 5138 17549 16364 11705 9704 402
is_linear=0
shrinkage=0.03


Tree=33
num_leaves=31
num_cat=0
split_feature=11 12 12 14 14 14 13 12 10 3 13 14 7 17 7 3 3 13 14 15 7 4 2 12 10 11 3 1 17 14
split_gain=2035.29 527.77 389.583 121.069 103.783 77.4302 60.6517 52.2588 51.2251 45.4037 39.5134 37.3188 37.0822 34.6658 34.6423 34.3517 33.6422 33.3819 32.4361 31.4403 32.2077 29.3865 28.3158 27.6301 25.7246 24.8973 23.3162 22.903 21.3812 21.2464
threshold=0.00085018158918218534 0.0015531223872100629 0.00057886845913148518 0.003475768497969912 0.0021924362418896865 0.0013596333205800409 0.0010472033750838709 0.00040998856650436769 94510.065916666688 -0.0032443558762916265 0.00075185653426208387 0.0071272240979873324 58469.245000000003 0.55804805604485674 55076.499000000003 -0.003089825751134367 -0.0022586003962342667 0.0012273341242664399 0.0018313997132282649 -0.033325250590216952 104930.39500000003 0.002275842767254566 0.0012807464743561649 0.00066415141549788163 91613.472999999998 0.0011709716373509819 -0.0021225669760455142 -0.0049201908905001082 0.57628679977323571 0.00050267133105523552
decision_type=2 2 2 2 2 2 2 2 2 2 2 2 2 2 2 2 2 2 2 2 2 2 2 2 2 2 2 2 2 2
left_child=2 4 7 9 6 8 12 22 23 -3 -10 27 14 -6 -2 -7 -8 -17 -11 20 25 -9 -1 28 -25 -14 -22 -5 -4 -12
right_child=1 3 5 11 13 15 16 21 10 18 29 -13 19 -15 -16 17 -18 -19 -20 -21 26 -23 -24 24 -26 -27 -28 -29 -30 -31
leaf_value=-0.024288227549604764 -0.013344238714470193 0.014411017165067656 -0.0047461478874206067 0.022853074788423026 0.010481697296649932 0.011202609787498468 0.0068700889736590309 -0.016572425978991657 -0.013471237395886793 0.0042643700251801401 -0.014189643793521998 0.024892168143526149 -0.0043728415837234998 0.0040249242826940757 0.023580960886126708 -0.0041492723741355748 0.0011648764649124237 0.0068131160229706221 0.0094280786022419728 0.00050962499236945546 0.0017393549449616003 -0.0050788073286509297 0.0089069995546475801 -0.0038325431230898429 0.0078894391672139439 0.0048228499606952652 -0.011430103309470691 0.013877881940363077 -0.017096748314852975 -0.0064567593394641073
leaf_weight=1026.7152553796768 30.695489436388016 1068.8998182564974 268.76722422242165 294.15317615866661 1234.3985923528671 186.28644597530365 1127.5552084743977 2432.419493585825 1618.6818477809429 1717.1053607165813 372.16698777675629 404.5532473474741 1242.4219049960375 1907.0714049637318 88.006036654114723 1502.6153163611889 5326.2185822874308 299.63363499939442 3035.3216912001371 1453.2223804146051 142.18215854465961 219.12419910728931 23.478397354483604 1767.7653457820415 186.008709654212 336.45539397001266 796.44664333760738 2047.7057831287384 239.30917465686798 2311.2249854058027
leaf_count=6260 130 4144 1216 1183 4748 714 4370 12870 7782 6730 1706 1664 5188 7498 322 6290 21151 1164 11893 5917 579 1050 120 7477 754 1321 3460 8289 1134 9999
internal_value=-1.77783e-06 0.00543311 -0.00971271 0.0112721 0.00177712 -0.00626141 0.000350706 -0.0178718 -0.00779142 0.00882127 -0.00976692 0.0164654 -0.00250738 0.00656323 0.0140039 -0.00105552 0.0021622 -0.00232477 0.00756313 -0.00300206 -0.0050303 -0.0156239 -0.0235425 -0.00433775 -0.00271467 -0.00241118 -0.00943204 0.0150074 -0.0105715 -0.00753086
internal_weight=34706.6 22252.4 12454.2 8567.74 13684.7 8752.46 10543.2 3701.74 6763.92 5821.33 4302.07 2746.41 4089.43 3141.47 118.702 1988.54 6453.77 1802.25 4752.43 3970.73 2517.51 2651.54 1050.19 2461.85 1953.77 1578.88 938.629 2341.86 508.076 2683.39
internal_count=147123 88587 58536 33903 54684 38236 42438 20300 30068 22767 19487 11136 16917 12246 452 8168 25521 7454 18623 16465 10548 13920 6380 10581 8231 6509 4039 9472 2350 11705
is_linear=0
shrinkage=0.03


Tree=34
num_leaves=31
num_cat=0
split_feature=12 14 13 11 12 11 4 10 5 15 4 14 14 11 13 13 17 7 14 10 10 9 7 7 13 10 5 10 14 7
split_gain=1922.63 525.071 368.039 167.761 107.746 90.9614 72.0655 67.3434 63.9828 49.1291 48.3024 47.5411 40.1494 34.6735 33.3218 31.4134 29.8425 28.6977 28.4717 27.0531 33.1831 24.6339 23.4439 22.7451 22.7165 21.3209 20.9186 20.7078 20.6171 20.206
threshold=0.00088710588841902076 0.00249334913266715 0.0005933923349788618 0.0012466595199893188 0.0027275666882357013 0.00062641462759064812 -0.0023209877383584261 93821.928000000014 0.0028325676401592674 0.50279129280602597 -0.0051815973319508926 0.00059897475438309836 0.0010827291190556403 0.00065553223746584897 0.0007104043476605234 0.0015628932671074623 0.79258098223617479 109396.04300000001 0.0009533082154859219 58475.495666666669 75975.110250000012 68425.700500000021 97326.315000000017 81781.975000000006 0.0011538211708245233 81011.03850000001 0.0025576109982989874 112563.81491666667 0.00030815815447451624 57230.586000000003
decision_type=2 2 2 2 2 2 2 2 2 2 2 2 2 2 2 2 2 2 2 2 2 2 2 2 2 2 2 2 2 2
left_child=2 3 8 6 10 14 -2 19 11 16 -3 -1 -5 -9 -4 21 18 -12 -7 -8 -21 29 -17 25 -15 -22 27 -26 -16 -14
right_child=1 4 5 12 -6 9 7 13 -10 -11 17 -13 15 24 28 22 -18 -19 -20 20 23 -23 -24 -25 26 -27 -28 -29 -30 -31
leaf_value=-0.022854150474322082 0.0046044575383818627 0.014995942991306584 -0.014616265307380536 -7.39237600999476e-05 0.019454426957286518 -0.0070364751858492695 0.0083291097222998791 -0.01632632679763334 -0.0042341794245537284 0.00014679584458002177 0.0093658446431608509 -0.015138294555871415 0.016594785133900409 -0.0061508719954796055 -0.021669419656633476 0.010739979756206167 -0.010153883748298721 0.0010333386742928117 -0.0013267771463203379 -0.0029495925542408138 0.010803855845531115 0.005946347982097977 0.0050371728377083388 0.0026172146764823585 -0.00073157977468684039 0.046859914380868908 -0.005221927487926401 0.01012870417924459 -0.0073312759787973842 -0.0021113567471183477
leaf_weight=1708.2753020524979 1897.9768557399511 1392.3686691373587 1214.2306214720011 934.05039817094803 1415.0821881890297 1779.1464549452066 427.4011659771204 214.90377813577652 266.51384608447552 1595.5522455722094 3679.4244500547647 1248.3268117755651 56.548681512475014 1945.3627522140741 95.727739438414574 1935.5497515648603 1149.6137074381113 414.77606406807899 1410.8063923120499 1411.1982980817556 74.300444141030312 2222.6668815761805 979.98495416343212 1147.3056251257658 790.05911320447922 18.481857225298882 744.43761999905109 197.29919523000717 1636.4550427496433 627.78482657670975
leaf_count=10056 7467 5509 6081 3718 5840 7907 1655 957 1262 6633 14460 6662 211 8169 467 7512 5093 1653 5910 5725 285 8637 3841 4558 3169 61 3040 767 7307 2511
internal_value=-1.80377e-06 0.00517963 -0.00964476 0.00213539 0.0120712 -0.00649283 -0.000577526 -0.00198894 -0.0183287 -0.00435273 0.0101661 -0.019598 0.00569678 -0.0046116 -0.0108024 0.00662302 -0.00600775 0.00852247 -0.00451233 0.00132569 0.000195297 0.00441393 0.00882439 0.00377649 -0.00392572 0.0180611 -0.00142421 0.00143635 -0.0081266 -0.000559026
internal_weight=34631.6 22527 12104.6 15625.3 6901.65 8881.53 8868.73 6970.75 3223.12 5935.12 5486.57 2956.6 6756.59 3892.06 2946.41 5822.54 4339.57 4094.2 3189.95 3078.69 2651.29 2907 2915.53 1240.09 3677.16 92.7823 1731.8 987.358 1732.18 684.334
internal_count=147123 89745 57378 62283 27462 39398 35853 28386 17980 25543 21622 16718 26430 16102 13855 22712 18910 16113 13817 12284 10629 11359 11353 4904 15145 346 6976 3936 7774 2722
is_linear=0
shrinkage=0.03


Tree=35
num_leaves=31
num_cat=0
split_feature=12 13 14 14 5 12 11 13 11 4 3 4 13 7 11 14 7 7 15 9 11 7 13 8 9 9 8 3 9 13
split_gain=1816.38 579.362 282.29 119.962 91.9739 81.5287 72.4991 62.8347 48.5539 41.7107 40.6282 39.3095 38.1173 32.0361 32.0306 31.7353 31.5336 30.7171 26.9698 24.3888 31.2203 25.7492 28.4332 23.1147 22.0865 22.0198 21.1919 20.989 20.7165 20.4624
threshold=0.0011199656559096529 0.00066651012267614446 0.0026332933882071501 0.0011999666660307477 0.0028325676401592674 0.0027275666882357013 0.0012466595199893188 0.00046750788417634085 0.00083041068424456407 -0.0025267283077802234 -0.0021693761250210493 -0.0032515524409507108 0.0021010940198595953 107021.91400000002 0.00046831425732734238 0.0014407509147919167 109051.68700000002 57230.586000000003 -0.17633627075342537 68220.991750000001 0.0018679045542478025 91069.103000000017 0.0010273600309433854 57902.651000000013 103581.79000000001 95906.310000000012 97184.611000000019 0.0016800827431600054 67803.300000000003 0.00059932848766249003
decision_type=2 2 2 2 2 2 2 2 2 2 2 2 2 2 2 2 2 2 2 2 2 2 2 2 2 2 2 2 2 2
left_child=1 4 6 8 7 10 9 -1 13 24 -4 -5 17 -3 -15 23 -13 -8 -10 20 28 -21 -23 -9 -2 -12 -14 -24 -19 -25
right_child=2 3 5 11 -6 -7 12 15 18 -11 25 16 26 14 -16 -17 -18 19 -20 21 -22 22 27 29 -26 -27 -28 -29 -30 -31
leaf_value=-0.022858668719254641 0.010749098458412676 -0.005826761188336538 0.014327792626441623 0.0052013848548342692 -0.0034614631420313044 0.019093187850137749 0.019441932002861043 0.0177890256425687 -0.0045014651194427088 -0.00058466388681524019 0.010369688465243677 5.546555844927473e-05 0.013369471526703766 -0.021824283303440939 -0.0093885780213883215 -0.0047871547283141955 -0.0057742006030291736 -0.00064429076429630945 0.0019750937536899705 0.010119535694410566 0.0098564114210074796 -0.0070674722678170663 0.0070696028772291664 -0.017882119198055116 -0.00019465550888882687 0.0046831434910637208 0.0049390948356235267 0.0016076684156333873 -0.027666737163883605 -0.012566395644205797
leaf_weight=1172.3897073715925 521.82461193203926 3100.7903841137886 1684.573966100812 1037.7790207415819 510.67123086750507 1354.03197234869 131.87772439420223 18.34495535492897 2107.4532324522734 2968.6943032890558 1761.491437882185 3780.934070661664 908.31432197988033 213.86043773591518 1478.4165476858616 267.23604154586792 1071.3484542965889 963.02562017738819 796.88655246794224 993.69958408176899 288.00156189501286 178.07390610873699 1930.7825237065554 1714.2005490213633 242.57487836480141 943.89602442085743 382.96429353952408 944.62751226127148 26.140874609351158 1062.5103694647551
leaf_count=7266 1994 13546 6684 4070 2362 5642 491 72 8841 11882 6956 15292 3536 1064 6752 1190 4502 3836 3267 3824 1124 727 7492 9315 965 3755 1512 3735 114 5315
internal_value=-1.8405e-06 -0.00647225 0.00730914 -0.0033202 -0.0154967 0.0126546 0.00437911 -0.0169472 -0.005786 0.00102358 0.0106677 -9.72185e-05 0.00623509 -0.00764105 -0.0109631 -0.0146824 -0.00123116 0.00513696 -0.0027234 0.00478172 0.00116429 0.00592247 0.00455535 -0.0156272 0.00727271 0.00838704 0.0108721 0.00527641 -0.00136417 -0.0158497
internal_weight=34557.4 18332.8 16224.6 13587.5 4745.35 5743.99 10480.6 4234.68 7697.41 3733.09 4389.96 5890.06 6747.51 4793.07 1692.28 3062.29 4852.28 5456.23 2904.34 5324.35 1277.17 4047.18 3053.48 2795.06 764.399 2705.39 1291.28 2875.41 989.166 2776.71
internal_count=147123 82854 64269 57334 25520 23037 41232 23158 33470 14841 17395 23864 26391 21362 7816 15892 19794 21343 12108 20852 5074 15778 11954 14702 2959 10711 5048 11227 3950 14630
is_linear=0
shrinkage=0.03


Tree=36
num_leaves=31
num_cat=0
split_feature=11 11 12 11 14 14 9 14 4 4 13 6 13 13 3 8 4 12 13 14 8 10 4 6 9 10 4 14 13 12
split_gain=1718.1 453.329 342.068 105.474 89.3669 70.5068 55.1929 50.4414 40.5335 39.1481 39.0762 38.6368 41.92 36.544 35.4305 35.081 31.4537 31.2208 31.1471 29.6511 28.5448 26.9368 26.8269 25.8913 25.4036 24.8919 24.7667 22.9895 22.7696 20.8324
threshold=0.00085018158918218534 0.0015419322993804213 0.00057326207486005202 0.0025025309801416052 0.0015727395881001184 0.0017176285292375927 104926.01525000001 0.0010341568814612302 -0.007397636245736138 -0.0040882002967403954 0.00046750788417634085 0.0036696330668896109 0.00078519737472450225 0.00088252922710377638 -0.003321558592284612 104202.05250000002 -0.0034040834111693226 0.0012246313557469693 0.0011599212754306761 0.0018313997132282649 57902.651000000013 108215.8895 -0.0022727071497127822 -0.0069113951199750714 95378.99175000003 94292.886833333338 0.0074415152131510629 0.00046382098898771197 0.0021010940198595953 0.0029607861990862223
decision_type=2 2 2 2 2 2 2 2 2 2 2 2 2 2 2 2 2 2 2 2 2 2 2 2 2 2 2 2 2 2
left_child=2 4 7 8 13 6 11 10 21 -6 -1 12 23 26 -5 17 -14 -11 27 -10 -12 -3 -15 -4 -21 28 -2 -8 -24 -16
right_child=1 3 5 14 9 -7 18 -9 19 15 20 -13 16 22 29 -17 -18 -19 -20 24 -22 -23 25 -25 -26 -27 -28 -29 -30 -31
leaf_value=-0.022752089767506648 -0.0052471824283687992 0.017366697549864394 0.014042380336961233 0.021229444057956605 0.009182344402159601 0.0021575107747678411 -0.017231976927887582 -0.0076621763243630439 0.0038741419039747976 0.0018493224221276486 0.025549196352405372 -9.5100759168217488e-05 0.0073095087346471974 0.0043916677281108495 0.010503639965738006 -0.00095472184004101218 -0.0048532406753336796 0.007227211712475869 -0.00042078990565314024 0.010906312132286747 -0.016019955998116075 0.00025969383085137015 0.0011608089329714071 -0.010984718785004732 0.0057753008629052808 -0.0025653211288409268 0.039256050267895075 -0.0096565167030822768 0.016821200367110999 0.017395973206512552
leaf_weight=1124.5480498224497 1405.7845073789358 621.26367720961571 38.0509182959795 760.5950421243906 1190.7031774222851 894.4417430460453 426.22281891107559 463.06851555407047 1478.9936116635799 1892.7278892099857 14.843233257532118 1218.5714669078588 211.48548364639282 1242.5989137142897 952.91279305517673 1377.8586085438728 1986.4943841546774 2000.3511071503162 287.1476706713438 2238.3625127375126 1904.6538508236408 95.998752936720848 2117.7996264398098 1375.0435151010752 1425.0272405892611 2566.7361631393433 11.231525421142576 2393.6398107856512 86.939622029662132 679.62745772302151
leaf_count=7073 6040 2453 158 3148 4631 3623 2112 2257 5810 7483 54 5095 833 4871 3844 5527 8394 7767 1186 8848 10336 394 8429 6465 5655 10473 39 10950 324 2851
internal_value=-1.86263e-06 0.00499634 -0.00897321 0.0105654 0.00168786 -0.00582469 -0.00672466 -0.0169001 0.00839663 0.00426819 -0.0183041 -0.00471672 -0.00627543 -0.000555463 0.0158738 0.00315736 -0.00368132 0.00461349 -0.00984466 0.00746335 -0.0156956 0.0150816 0.000465292 -0.0103077 0.00891142 -0.000556665 -0.00488958 -0.0108032 0.00178044 0.0133756
internal_weight=34483.7 22145.5 12338.2 8252.78 13892.7 8831.1 7936.66 3507.11 5859.65 6461.64 3044.05 4829.65 3611.07 7431.09 2393.14 5270.94 2197.98 3893.08 3107.01 5142.38 1919.5 717.262 6014.07 1413.09 3663.39 4771.48 1417.02 2819.86 2204.74 1632.54
internal_count=147123 88587 58536 33003 55584 38816 35193 19720 23160 25408 17463 20945 15850 30176 9843 20777 9227 15250 14248 20313 10390 2847 24097 6623 14503 19226 6079 13062 8753 6695
is_linear=0
shrinkage=0.03


Tree=37
num_leaves=31
num_cat=0
split_feature=11 13 13 11 5 5 3 13 10 3 13 15 11 8 1 7 3 18 15 5 13 10 8 7 8 3 5 2 6 7
split_gain=1623.65 576.861 218.183 106.688 88.2813 67.8928 66.7792 59.0377 53.8205 48.3764 48.336 37.4772 33.482 32.3709 31.6713 30.0056 29.5233 32.4897 28.3086 25.6073 25.3813 24.5488 23.8978 23.6612 22.9228 22.8615 22.2466 21.4629 21.2327 20.9988
threshold=0.0011500674018399438 0.00066651012267614446 0.0021010940198595953 0.00067410959916185944 0.0028325676401592674 -0.0051729677909217999 -0.0020790988050447541 0.00046750788417634085 59077.962833333346 -0.003695220542467625 0.00093494492062678721 0.070164092497693883 0.0019573212552720458 97065.652000000016 -0.00010968541516609419 109396.04300000001 -0.001094383457743153 6.2355802220097949e-05 0.48412215119310581 -0.0061300475071184848 0.00068360336293240252 108904.55066666669 57902.651000000013 121852.45100000002 57229.717500000006 -0.0001745544894760642 -0.01804197168760829 0.0017901092177825542 0.00088414654195323472 111011.80700000002
decision_type=2 2 2 2 2 2 2 2 2 2 2 2 2 2 2 2 2 2 2 2 2 2 2 2 2 2 2 2 2 2
left_child=1 4 6 8 7 14 19 -1 -3 26 11 -7 21 -11 23 -12 17 -10 22 -2 -18 -8 -9 -5 -21 -17 -4 29 -13 -6
right_child=2 3 9 5 27 10 12 18 16 13 15 28 -14 -15 -16 25 20 -19 -20 24 -22 -23 -24 -25 -26 -27 -28 -29 -30 -31
leaf_value=-0.022025355185210375 0.012594660591181767 0.011404818469678524 0.02763266010673154 0.0094529404979284571 -0.0013929730952706113 -0.0069876262208469885 0.0038476677683001049 0.021270405599071524 -0.016042862499326606 0.01371186448062359 0.00039908700506053143 -0.0046562460903557985 0.0082683661085006816 0.0064299598453403653 -0.0018567140175699494 4.612979178699469e-06 -0.021737198658687389 -0.00021248025991513317 -0.0089709671500896957 0.028526551986453479 -0.0090088502949434816 -0.0012150344407722421 -0.01594832229222274 -0.039486109548133988 0.0064147150597449101 -0.0082874715118848395 0.016976846506984226 0.010563820969659311 0.002491775629781947 -0.016058112799132288
leaf_weight=1146.2818128168583 1204.5053285509348 131.16221319139004 238.80152463912964 781.39988146722317 295.01614364981651 2502.3061673492193 5365.873880892992 15.483052179217337 142.63958744704723 2145.5966784507036 5393.3245779722929 727.95962309837341 1330.0131274014711 741.33299273252487 357.76597906649113 515.53182418644428 150.44299609959126 641.42585895955563 753.31848636269569 43.224480494856834 2333.2673243284225 1025.9216005504131 2261.904033228755 8.8742754608392698 1771.0875416994095 710.76270952820778 693.80234083533287 87.178957670927048 768.49731887876987 125.39383056759834
leaf_count=7266 4749 522 997 3035 1378 10912 21095 60 653 8682 21681 3075 5283 3005 1452 2107 757 2774 3781 158 10533 4109 12049 42 6973 3009 2849 360 3158 619
internal_value=-1.85825e-06 -0.00558314 0.0076069 -0.00274044 -0.0147849 -0.00138771 0.00541638 -0.0162206 -0.00742227 0.0137656 -0.00213723 -0.00474153 0.00393655 0.0118433 0.00554171 -0.000563533 -0.0081792 -0.0030979 -0.0140235 0.00920037 -0.00978188 0.0030346 -0.015693 0.00889466 0.00694471 -0.00479933 0.0197112 -0.002963 -0.000983493 -0.00577699
internal_weight=34410.1 19849.9 14560.2 15165.4 4684.58 11766.4 10740.6 4176.99 3398.94 3819.53 10618.4 3998.76 7721.81 2886.93 1148.04 6619.62 3267.78 784.065 3030.71 3018.82 2483.71 6391.8 2277.39 790.274 1814.31 1226.29 932.604 507.589 1496.46 420.41
internal_count=147123 89223 57900 63710 25513 48471 42367 23156 15239 15533 43942 17145 30487 11687 4529 26797 14717 3427 15890 11880 11290 25204 12109 3077 7131 5116 3846 2357 6233 1997
is_linear=0
shrinkage=0.03


Tree=38
num_leaves=31
num_cat=0
split_feature=12 13 14 14 11 12 4 13 6 14 8 3 14 13 10 0 14 11 1 6 6 10 7 14 11 11 6 15 10 3
split_gain=1534.3 545.029 208.81 117.611 78.8211 78.6768 51.7874 41.7526 41.7225 39.7851 38.8884 36.9034 32.3634 28.925 27.8819 26.2619 27.2403 24.0185 23.9288 23.4395 23.3916 22.5929 21.3562 21.0128 20.9096 20.3761 20.015 19.7543 19.6059 21.2567
threshold=0.0011835127981454378 0.00066651012267614446 0.00249334913266715 0.0010341568814612302 0.00048079728438620955 0.0027275666882357013 -0.0030467474684409131 0.0014207478014663585 0.0044708844728103001 0.00040997100275198822 108909.15850000001 -0.0034122223434441263 0.0011484853701847545 0.00034444809460778414 117436.32783333334 0.00096469542297794597 0.0010012623887524204 0.00082577544374776515 -0.00017279960001292946 0.0073791665186979669 0.010550496545379985 95692.845250000028 56636.97600000001 0.0014407509147919167 0.0011709716373509819 0.00044908741894445408 -0.0057468784866970815 -0.17633627075342537 67116.754916666687 0.0025606209503716841
decision_type=2 2 2 2 2 2 2 2 2 2 2 2 2 2 2 2 2 2 2 2 2 2 2 2 2 2 2 2 2 2
left_child=1 4 7 9 12 11 26 18 23 25 24 -4 13 -1 -10 16 -9 20 -2 28 -11 -13 -20 -6 -8 -3 -5 -19 -15 -30
right_child=2 3 5 6 8 -7 10 15 14 17 -12 21 -14 19 -16 -17 -18 27 22 -21 -22 -23 -24 -25 -26 -27 -28 -29 29 -31
leaf_value=-0.027824955459124834 0.004538326085212133 -0.026570295679127567 0.013937835062628514 0.0088204389620251226 -0.013403527407069351 0.017922665804413648 -0.0010971569111004149 0.00017436296576062618 0.0030040853959876902 -0.0069016580584965711 -0.0056383428309331454 0.0099280737794391651 -0.00086438440677437714 -0.0091957829776793832 -0.026002836785518627 0.0015272144778846128 0.0078999509728353394 -0.0041497627599917054 0.0292456963722122 0.024902564332504082 0.0098868286112402618 0.0047898422461102623 -0.00082825885462677507 -0.0046195250882863506 0.003972999537892599 -0.01074291357486893 0.0018282275541313025 0.002343780563897111 -0.01975275686202356 0.048672244743867221
leaf_weight=328.98851579427719 1552.4149020463228 84.62709504365921 1351.7063742727041 607.89750501513481 2060.2623482644558 1373.7361997365952 4555.5846412628889 462.02288131415844 258.85183694958687 3426.7515601068735 1573.9704870432615 2117.265120446682 86.096721917390823 187.7863939255476 33.602648556232452 948.62086693942547 3760.9794365614653 1759.3368722051382 21.392127752304077 11.22105912864208 76.127667829394341 1215.5047108381987 1871.446103349328 279.58561487495899 872.02143330872059 559.09910421073437 938.91798144578934 553.8185810148716 1406.1795001029968 3.9810180515050879
leaf_count=2236 6078 438 5456 2355 10732 5840 18630 1836 1167 15335 6662 8417 431 1075 167 3783 14674 7378 76 49 307 4845 7474 1248 3415 2584 3744 2276 8398 17
internal_value=-1.89118e-06 -0.00547999 0.00733858 -0.00269771 -0.0144464 0.0116067 -0.00038872 0.00433738 -0.0110202 -0.00575275 -0.00148657 0.00975353 -0.0188996 -0.0196991 -0.000326268 0.00604205 0.00705546 -0.00496847 0.00177754 -0.0180344 -0.00653567 0.00805519 -0.000485263 -0.0123555 -0.000281954 -0.0128321 0.00457849 -0.00259374 -0.0183393 -0.019554
internal_weight=34339.8 19664.7 14675.1 15008.2 4656.56 6058.21 8548.39 8616.88 2632.3 6459.76 7001.58 4684.48 2024.25 1938.16 292.454 5171.62 4223 5816.03 3445.25 1609.17 3502.88 3332.77 1892.84 2339.85 5427.61 643.726 1546.82 2313.16 1597.95 1410.16
internal_count=147123 88644 58479 63124 25520 24558 34806 33921 13314 28318 28707 18718 12206 11775 1334 20293 16510 25296 13628 9539 15642 13262 7550 11980 22045 3022 6099 9654 9490 8415
is_linear=0
shrinkage=0.03


Tree=39
num_leaves=31
num_cat=0
split_feature=12 14 13 12 13 11 5 4 14 8 14 6 4 4 13 6 11 13 8 4 6 2 12 8 5 9 8 6 10 10
split_gain=1451.92 411.151 298.832 127.051 89.8675 73.6804 63.1228 58.3639 39.3846 38.4001 37.6854 34.774 32.7858 31.8543 27.9307 26.9821 26.8837 26.4266 26.7198 24.4105 23.5473 22.9303 22.368 20.9272 20.8377 20.7769 37.3668 25.7303 23.0391 20.727
threshold=0.00088710588841902076 0.00249334913266715 0.0005933923349788618 0.0012695452170527694 0.0022636220951974596 0.00062641462759064812 -0.002258863124520671 0.001444435966828417 0.001025807958935352 94145.497500000012 0.00089941148685645004 0.0058128707866480509 -0.0051815973319508926 -0.016106474923258892 0.0007104043476605234 0.0051491335002310521 0.00065059605252158498 0.0016086028413831133 97184.611000000019 -0.0060852238604571776 -0.0035673595268131959 0.0019027127552502245 0.00033778839910711861 114469.28450000002 -0.0072033627448864759 75944.69475000001 61353.573000000004 0.011797930771951683 82549.641833333342 95439.830083333349
decision_type=2 2 2 2 2 2 2 2 2 2 2 2 2 2 2 2 2 2 2 2 2 2 2 2 2 2 2 2 2 2
left_child=2 3 7 6 12 14 -2 10 11 25 22 -7 -3 -6 -4 23 -11 20 29 -10 -5 -21 -1 -9 -22 26 27 -8 -27 -19
right_child=1 4 5 17 13 8 9 15 19 16 -12 -13 -14 -15 -16 -17 -18 18 -20 21 24 -23 -24 -25 -26 28 -28 -29 -30 -31
leaf_value=-0.026555594320313552 0.0034287505676508646 0.012654562568928222 -0.013089193235897585 0.0064355817128875685 0.028039868347051654 -0.0075411340094655114 0.0045458680923182128 -0.0065411236613910125 0.019214627054191968 -0.015663878282575219 -0.010835315261323513 0.0018919376900321814 0.0068308037069940535 0.014636665748871335 -0.0070997594927396466 0.009208446045682734 -0.0037861648307359452 0.0076772798394650222 0.0030460356994534833 -0.0026982828588379684 0.019433167596175246 0.0050929204058584327 -0.018555619861528615 -0.022636115101758395 0.00086119636370640587 0.015864843886310834 -0.0062532998899986108 -0.02082455462224873 0.0020203316212110897 0.018096740656190876
leaf_weight=389.00305700302124 2408.8043849766254 1166.926624879241 1188.7974849045277 1186.8208615034819 174.16757990419865 2490.9261758625507 669.31585319340229 334.25344721972942 51.1483184248209 181.28229466080666 497.09624333679676 408.93033944070339 3444.199116319418 1991.7872918397188 1717.5157012492418 76.944160953164101 3217.4216587245464 2100.8942586183548 1229.788929194212 2564.8889328688383 55.559986740350723 391.60639648139477 1712.2865618616343 93.254680842161179 2393.1380835175514 121.73472483456135 811.01229137182236 37.889582127332687 974.74245350062847 187.6694160848856
leaf_count=2642 9554 4713 6081 4617 751 11249 2637 1757 190 816 2572 1735 13660 8338 7774 341 13284 8269 4860 10784 206 1585 10142 526 9486 459 3337 162 3886 710
internal_value=-1.92136e-06 0.00450662 -0.00845922 0.00182259 0.0106749 -0.00563984 -0.000674217 -0.0164664 -0.003715 -0.00231828 -0.0182801 -0.00620985 0.0083055 0.0157171 -0.00955107 -0.00711676 -0.00442103 0.00476245 0.00661661 -0.00130843 0.00296709 -0.00166514 -0.0200392 -0.0100635 0.00128459 0.000413885 -0.00185743 0.00317962 0.00356144 0.00853377
internal_weight=34269.8 22353.2 11916.7 15576.1 6777.08 8813.81 8422.2 3102.84 5907.5 6013.4 2598.39 2899.86 4611.13 2165.95 2906.31 504.452 3398.7 7153.87 3518.35 3007.64 3635.52 2956.5 2101.29 427.508 2448.7 2614.69 1518.22 707.205 1096.48 2288.56
internal_count=147123 89745 57378 62283 27462 39398 34135 17980 25543 24581 15356 12984 18373 9089 13855 2624 14100 28148 13839 12559 14309 12369 12784 2283 9692 10481 6136 2799 4345 8979
is_linear=0
shrinkage=0.03


Tree=40
num_leaves=31
num_cat=0
split_feature=11 11 12 12 11 3 13 3 9 12 5 3 5 15 10 5 6 10 3 4 11 13 12 9 3 10 3 12 17 13
split_gain=1372.98 370.376 288.681 95.7259 71.7605 63.0624 54.7471 46.3226 45.7831 43.7699 39.4097 37.5059 33.9464 33.3349 31.3589 29.4395 29.3783 28.8322 34.5031 28.5939 26.7571 26.0218 25.8716 25.804 25.564 25.0515 24.8481 24.5752 24.487 24.343
threshold=0.00085018158918218534 0.0017395785243959128 0.00057326207486005202 0.0012109050773425724 0.0030182305929653207 -0.003089825751134367 0.0012273341242664399 -0.0018403336046646233 94761.436500000011 0.00035099082054606607 -0.0051729677909217999 -0.0067560172787827213 -0.0045271788945710481 0.13164510612810107 103724.92450000001 0.0024484818159974391 0.0058128707866480509 62072.667916666673 -0.0001745544894760642 0.0033769289651708338 0.00048661349382275932 0.0012884729921537285 0.00064884155896369449 91648.095000000016 -0.00034189320868738266 92510.579166666677 0.0024504134857535891 0.0023257464258486234 0.57628679977323571 0.00093494492062678721
decision_type=2 2 2 2 2 2 2 2 2 2 2 2 2 2 2 2 2 2 2 2 2 2 2 2 2 2 2 2 2 2
left_child=2 3 9 10 11 -4 8 27 22 15 24 -3 -8 29 -9 -1 20 18 -11 -14 -10 -13 -7 -24 -2 -25 -19 -5 -23 -12
right_child=1 4 5 7 -6 6 12 14 16 17 13 21 19 -15 -16 -17 -18 26 -20 -21 -22 28 23 25 -26 -27 -28 -29 -30 -31
leaf_value=-0.024888418304395955 0.0076366474382011809 0.016984250977862127 0.0079072348715586993 0.0076615321292009082 0.017221707352998956 -0.0095773366567503786 0.019678015150826168 0.0043439144020216668 -0.016947305457852571 -0.017725276505320731 -0.0055456567249658004 0.00046840739379428267 -0.0032468307539678014 0.0017919630136659043 -0.00099267129698258467 0.015049725484649166 -0.0024730619024826987 -0.015202475756561714 0.010401875920014186 0.011764799337859176 -0.0084653906041690496 0.010944693959930649 -0.0032655689079975066 0.043372660544763124 -0.0040921753321537871 0.0043018897873304818 0.0044428510446800733 0.024004524685396086 0.0063154823045623318 -0.00095452072650656686
leaf_weight=497.87982685863972 832.72501462697983 488.46565502882004 318.00142729282379 1949.9721440970898 1210.1946138739586 510.02200296521187 84.047523528337479 4071.1598015725613 368.3864840567112 68.638021364808083 1541.0296423435211 359.01127609610558 606.61235195398331 2575.1503515094519 1308.6749214828014 17.026646986603737 676.76709699630737 2673.757876843214 91.331890597939491 140.56092482805252 3762.383643373847 2326.7373623251915 2044.7591643482447 15.606421232223509 208.84665831923485 255.86936447024345 58.947685122489929 86.614434942603111 1852.0363631248474 3199.2539081573486
leaf_count=3385 3249 2027 1261 7641 5211 2416 313 15988 1842 371 6595 1437 2491 10316 5225 95 2944 15147 447 541 17192 9269 8701 54 852 1061 275 329 7532 12916
internal_value=-1.94027e-06 0.00447141 -0.00807869 0.00202411 0.0106606 -0.00520253 -0.00569546 0.00450496 -0.00649165 -0.0154907 -0.000177182 0.00907991 0.00161287 -0.000954909 0.00304521 -0.0235593 -0.00827344 -0.0140527 -0.00165139 -0.000417578 -0.00922294 0.00822803 -0.00345953 -0.00211077 0.00528184 0.00657415 -0.0147775 0.0083592 0.00889394 -0.00244778
internal_weight=34200.5 22009.9 12190.6 15773.4 6236.45 8783.02 8465.01 7416.42 7633.79 3407.58 8357.01 5026.25 831.221 7315.43 5379.83 514.906 4807.54 2892.68 159.97 747.173 4130.77 4537.79 2826.26 2316.23 1041.57 271.476 2732.71 2036.59 4178.77 4740.28
internal_count=147123 88587 58536 63111 25476 38816 37555 29183 34210 19720 33928 20265 3345 29827 21213 3480 21978 16240 818 3032 19034 18238 12232 9816 4101 1115 15422 7970 16801 19511
is_linear=0
shrinkage=0.03


Tree=41
num_leaves=31
num_cat=0
split_feature=12 14 13 12 12 14 5 4 3 14 9 17 17 2 9 14 6 3 3 18 6 5 12 2 6 10 7 17 5 17
split_gain=1294.56 374.221 275.888 111.637 83.3374 60.9353 57.8932 55.3641 39.4406 36.2098 35.1217 33.0761 28.8238 28.1918 27.8935 26.7916 25.2402 24.7141 22.9207 22.2218 22.1719 22.0462 21.6123 24.0533 21.2594 21.6201 20.3135 19.89 19.3866 19.214
threshold=0.00088710588841902076 0.00249334913266715 0.0005933923349788618 0.0012695452170527694 0.0027275666882357013 0.00069781333037181837 -0.002258863124520671 0.001444435966828417 -0.0067560172787827213 0.00089941148685645004 93796.917000000016 0.55440374836511697 0.43572077524528702 -0.0014708769438873113 109279.49650000002 0.0011484853701847545 0.0051491335002310521 0.0029700601957025623 0.0012563529981128865 0.26907186004472267 0.0072215064058328568 0.0028325676401592674 0.0006328544146404579 -0.0004595640878540252 -0.0099700767544009788 94412.69666666667 60196.209000000003 0.49527871007329 -0.0047294412655284881 0.6652032799593407
decision_type=2 2 2 2 2 2 2 2 2 2 2 2 2 2 2 2 2 2 2 2 2 2 2 2 2 2 2 2 2 2
left_child=2 3 7 6 8 20 18 9 -3 21 19 22 15 -14 27 -5 26 28 -2 -8 24 -1 23 -7 -4 29 -9 -10 -13 -26
right_child=1 4 5 12 -6 11 10 16 14 -11 -12 17 13 -15 -16 -17 -18 -19 -20 -21 -22 -23 -24 -25 25 -27 -28 -29 -30 -31
leaf_value=-0.019832298927015286 0.0044319662660165429 0.015944488518835138 0.020695379876507745 0.0011223331285738546 0.016851998647919222 0.0018348440481701161 -0.0018276117315849359 0.023757433237850061 0.011083046707317017 -0.010243101742744952 -0.0042013518271299712 0.0016651175831889512 0.0073574550227085674 0.001270034050077152 0.00094903910819204239 0.0078690966658174315 0.0091312445803820082 0.004178977048014205 -0.0042139270796152008 0.0038653890540244706 0.0014931660393629012 -0.00078319517255845893 -0.00020570449307651294 -0.012509966326249761 -0.0025318930618525807 -0.011940505841892575 -0.010815636586415484 0.006843324068011105 -0.0071560269643547152 -0.012537556119510579
leaf_weight=2007.4980802088976 2090.1678266227245 572.82980194687843 20.252432063221931 664.08016864955425 1344.180677101016 164.19779142737389 1554.1023222655058 15.747126922011374 1575.0811060965061 492.83365325629711 3433.7172659188509 243.32001425325871 893.10583744943142 2941.3568320125341 507.07372580468655 2640.0047295093536 76.962226167321205 210.47140458226204 317.50669282674789 1023.0879690498114 166.35060353577137 56.556878551840782 2433.2053510695696 290.94351282715797 516.09116059541702 1707.660085529089 408.07246617972851 2731.4555478841066 2774.4031443893909 260.37548133730888
leaf_count=12498 8256 2373 82 2633 5840 755 6282 72 6255 2572 14250 1005 3491 11701 2035 10323 341 862 1298 4049 729 286 10291 1408 2333 8377 2211 10959 12317 1239
internal_value=-1.94331e-06 0.00425719 -0.00801626 0.00170002 0.0101673 -0.00531485 -0.000639828 -0.0157783 0.00849824 -0.0175655 -0.00221463 -0.00366315 0.00445983 0.00268883 0.00761119 0.00651406 -0.00664525 -0.00575013 0.00329043 0.000431283 -0.00909622 -0.0193119 -0.00132944 -0.00732904 -0.00980083 -0.0100515 -0.00951869 0.00839489 -0.00644375 -0.00589218
internal_weight=34132.7 22287.8 11844.9 15557.1 6730.62 8787.27 8418.58 3057.67 5386.44 2556.89 6010.91 6116.54 7138.55 3834.46 4813.61 3304.08 500.782 3228.19 2407.67 2577.19 2670.73 2064.05 2888.35 455.141 2504.38 2484.13 423.82 4306.54 3017.72 776.467
internal_count=147123 89745 57378 62283 27462 39398 34135 17980 21622 15356 24581 26638 28148 15192 19249 12956 2624 14184 9554 10331 12760 12784 12454 2163 12031 11949 2283 17214 13322 3572
is_linear=0
shrinkage=0.03


Tree=42
num_leaves=31
num_cat=0
split_feature=11 12 13 13 14 5 14 15 12 14 13 10 7 7 11 11 2 7 12 5 0 4 4 9 13 4 3 9 5 10
split_gain=1232.86 448.539 176.783 114.162 63.6637 57.4912 51.2088 46.878 45.5917 36.6767 33.7527 30.8299 28.9641 28.034 27.7646 27.5393 27.4309 26.6582 26.2313 25.7949 25.4164 24.4825 22.4854 23.4911 21.9192 26.4532 21.4295 23.1582 20.3573 19.4478
threshold=0.0011500674018399438 0.00058467844625117321 0.0021010940198595953 0.00091099097288693993 0.0029025973312238338 -0.0030672418912272566 0.0052501291522619791 0.52375809443995547 0.00040998856650436769 0.0010170822170135017 0.00059932848766249003 58678.127000000008 57230.586000000003 97185.58100000002 0.00081680977342418 0.00054388702285922597 0.0012807464743561649 56636.97600000001 0.003063864875755707 -0.0056735824955410621 0.00094503416407509821 -0.0026883213992685557 0.001444435966828417 61866.758750000015 0.00062234326592058809 -0.002858322249051914 -0.0017678450331650162 94272.003000000012 0.0030065144602539067 121860.64225000002
decision_type=2 2 2 2 2 2 2 2 2 2 2 2 2 2 2 2 2 2 2 2 2 2 2 2 2 2 2 2 2 2
left_child=1 8 4 7 9 21 13 10 16 -2 -3 -7 -11 -4 -13 -9 29 -10 19 -15 -14 -5 24 -24 25 -19 -12 -28 -17 -1
right_child=2 3 6 5 -6 11 -8 15 17 12 26 14 20 18 -16 28 -18 22 -20 -21 -22 -23 23 -25 -26 -27 27 -29 -30 -31
leaf_value=-0.021416756069363635 -0.0019456731187581131 -0.014810759128085001 0.012354158985645743 0.0079468746127420824 0.0088514131500189303 0.0055640003300689907 0.019816762511588763 -0.013352658824868822 0.053750805365620651 0.016482401733087855 -0.0013323061791243825 -0.0049666143884219962 0.004895724254668222 0.013639798502439028 -0.00084324967546754238 -0.0021235908381869993 0.012581201912854756 0.0023863348954711533 0.016158237968354121 -0.00046406216773749187 0.0006750099695421323 0.0010030921482393968 0.019448883494134636 -0.0085102755320115523 -0.0093717335603732965 -0.016894393603277654 -0.0039468230728699075 -0.0086327838738996434 0.0056360385517312478 0.014908994457722539
leaf_weight=918.91184042394161 1009.1404489427805 452.21167974174023 2260.5177531242371 859.87821182608604 2534.3744391649961 488.43775379657745 667.87947829067707 157.93415106832981 5.3510992825031272 167.77132372558117 689.88301068544388 2228.9632872343063 5262.9312014877796 154.24463319778442 4321.2771678715944 1257.1544859111309 22.389314845204353 66.83065564930439 173.45046372711658 477.07503081858158 1700.7651215344667 977.69594849646091 28.475224539637566 489.17049759626389 652.07794207334518 1388.9111955165863 1441.7323590964079 2796.3697516918182 401.30083250999451 13.294767767190931
leaf_count=6180 4061 2345 9278 3348 10205 1916 2961 748 17 636 2969 9443 20687 618 17486 5384 120 352 724 1952 6778 3938 126 2540 3307 8158 6286 12842 1638 80
internal_value=-1.95537e-06 -0.00488796 0.00666422 -0.0027474 0.00469855 -0.000470431 0.012284 -0.00555535 -0.0144826 0.0034052 -0.00696232 -0.00170437 0.00416281 0.0106411 -0.00224689 -0.00138606 -0.0201044 -0.0124409 0.00582462 0.00297867 0.00386534 0.00425427 -0.012579 -0.00696301 -0.0139563 -0.0160071 -0.00624122 -0.00703954 -0.000243937 -0.0208939
internal_weight=34066.4 19658.3 14408.1 16072.8 10675 8876.25 3733.17 7196.59 3585.41 8140.61 5380.2 7038.68 7131.47 3065.29 6550.24 1816.39 954.596 2630.82 804.77 631.32 6963.7 1837.57 2625.47 517.646 2107.82 1455.74 4927.99 4238.1 1658.46 932.207
internal_count=147123 89223 57900 68343 42367 36131 15533 32212 20880 32162 24442 28845 28101 12572 26929 7770 6380 14500 3294 2570 27465 7286 14483 2666 11817 8510 22097 19128 7022 6260
is_linear=0
shrinkage=0.03


Tree=43
num_leaves=31
num_cat=0
split_feature=12 13 14 14 5 14 14 17 4 14 14 8 18 12 5 8 17 1 17 6 2 16 2 8 8 12 5 14 5 16
split_gain=1155.16 426.417 166.478 92.7662 73.7918 61.7092 52.1083 47.404 42.1906 39.3864 35.1564 34.2275 31.1952 27.3748 26.0912 23.9117 22.2943 21.4883 20.9652 20.9374 20.1453 18.2253 18.0372 18.2171 17.6849 16.9387 16.8762 16.1472 16.0466 15.9944
threshold=0.0011835127981454378 0.00066651012267614446 0.003475768497969912 0.0010341568814612302 0.0028325676401592674 0.001704578403954245 0.00070606562866785657 0.46957469217742159 -0.0030467474684409131 0.0071272240979873324 0.00040997100275198822 108909.15850000001 0.16374728581103928 0.00035099082054606607 -0.0084289269578427511 57229.717500000006 0.22723921061385108 -0.00055422205463251373 0.43572077524528702 -0.021928368674437645 -0.002507571900287386 0.35782874818515115 0.0017901092177825542 111016.50350000002 84162.560500000007 0.00071068167596163173 -0.002805109861436061 0.0014407509147919167 0.0044671894695484946 -0.24149166649166645
decision_type=2 2 2 2 2 2 2 2 2 2 2 2 2 2 2 2 2 2 2 2 2 2 2 2 2 2 2 2 2 2
left_child=1 4 5 10 6 17 13 -7 12 19 26 -10 20 -1 -9 -16 24 -2 -12 -4 -5 -17 23 -6 -15 -25 -3 -8 -27 -13
right_child=2 3 9 8 22 7 27 14 11 -11 18 29 -14 16 15 21 -18 -19 -20 -21 -22 -23 -24 25 -26 28 -28 -29 -30 -31
leaf_value=-0.0237367932043102 0.0049705973005461064 0.0012943963479737453 0.018105854135349448 0.0073535905715752439 -0.00054963479166017471 0.0094639362831827022 -0.011401714169125565 0.010784630456333374 -0.00014808711967260609 0.021532774817949494 -0.0023072383274741343 0.0016780917884548999 0.008639551940883422 0.0052477799275427589 0.01755735257404796 0.0040496770438530234 -0.016980273596992664 0.00067796517765854152 -0.005942549723421623 0.010268015221017671 -0.0030155073001239849 -0.0017105140232984248 0.010370650504829954 -0.019733110210219226 -0.011864321603120653 -0.02044322405656401 -0.013579391392809675 -0.0034802009283950723 0.030045610701726018 -0.0065141406487827895
leaf_weight=444.12120331823826 1575.1886575222015 77.841976329684258 354.93287761509418 240.99830251932144 292.98022635281086 2915.3390281796455 1316.9673778712749 497.84377734363079 5421.1227078288794 389.04268528521061 2578.8648872375488 255.60181640088558 741.00635504722595 66.383794844150543 104.2005417495966 2598.478821799159 1612.3217376321554 3150.9861451536417 3209.0289043337107 2327.9746104329824 560.85501611232758 609.62856398522854 87.287177115678787 99.155523657798767 293.3204667121172 9.6413145065307635 558.54775933921337 282.54864068329334 13.340155780315397 1314.5606615543365
leaf_count=3142 6165 345 1536 941 1386 11555 7108 1986 22045 1724 11133 1057 2882 356 403 10368 9552 12530 14163 9750 2276 2462 361 516 1711 46 2677 1289 53 5605
internal_value=-1.96037e-06 -0.00477715 0.00640146 -0.00233728 -0.0128542 0.00473742 -0.0142104 0.00658371 -0.000287126 0.0126034 -0.00506024 -0.00127837 0.00420244 -0.0169929 0.00437893 0.00341495 -0.0154715 0.00210937 -0.00432338 0.0113067 9.77292e-05 0.00295413 -0.00200749 -0.00461935 -0.00869735 -0.0143487 -0.0117554 -0.0100046 0.00873748 -0.00517862
internal_weight=34000.1 19476.5 14523.6 14958.4 4518.07 11451.7 4015.66 6725.49 8534.14 3071.95 6424.28 6991.29 1542.86 2416.15 3810.15 3312.31 1972.03 4726.17 5787.89 2682.91 801.853 3208.11 502.404 415.117 359.704 122.137 636.39 1599.52 22.9815 1570.16
internal_count=147123 88644 58479 63124 25520 45469 23158 26774 34806 13010 28318 28707 6099 14761 15219 13233 11619 18695 25296 11286 3217 12830 2362 2001 2067 615 3022 8397 99 6662
is_linear=0
shrinkage=0.03


Tree=44
num_leaves=31
num_cat=0
split_feature=11 12 13 13 14 5 14 14 14 12 3 10 14 7 11 17 4 12 10 3 5 3 3 3 13 7 17 5 18 6
split_gain=1102.52 407.877 162.69 102.818 56.9733 52.9537 47.753 43.1281 39.7642 37.7841 34.6475 28.7985 28.1818 26.5237 25.3658 24.9668 30.266 24.7893 24.7316 27.9466 24.5025 23.2588 26.6498 23.081 25.6334 22.7038 22.4541 21.4658 21.2101 19.0636
threshold=0.0011500674018399438 0.00058467844625117321 0.0021010940198595953 0.00091099097288693993 0.0029025973312238338 -0.0030672418912272566 0.0052501291522619791 0.0011484853701847545 0.00080735623230913662 0.00035099082054606607 -0.0020790988050447541 58678.127000000008 0.001025807958935352 97185.58100000002 0.00081680977342418 0.3388136188872195 0.0030031546176338968 0.003063864875755707 62072.667916666673 -0.0001745544894760642 0.00088988515652854716 -0.0028785825286137263 0.0029700601957025623 0.0014901781202441013 0.0014303131245503242 57230.586000000003 0.57975500490239773 0.0024484818159974391 0.087293177282425513 0.0058128707866480509
decision_type=2 2 2 2 2 2 2 2 2 2 2 2 2 2 2 2 2 2 2 2 2 2 2 2 2 2 2 2 2 2
left_child=1 7 4 8 10 23 13 9 15 27 25 -7 -12 -4 28 -3 -17 20 19 -11 -15 -10 -23 -5 -25 -2 -14 -1 -13 -20
right_child=2 3 6 5 -6 11 -8 -9 21 18 12 14 26 17 -16 16 -18 -19 29 -21 -22 22 -24 24 -26 -27 -28 -29 -30 -31
leaf_value=-0.023864317032439564 0.027267402240845808 -0.0041354164820838297 0.011824491361154019 0.0050739536793338504 0.0083733613189893776 0.0054042296485549823 0.019081437764595199 -0.0040260086372981294 0.0034913104016551992 -0.016743540111608276 -0.0029127241261273137 -0.0086770769207112353 0.0046747732829281628 0.0087330367015514328 -0.00080480952814390543 -0.011336478414885677 0.0037695696656369969 0.015561999915773832 -0.014782346660611538 0.009386828135784878 -0.0031021180746913092 -0.0049369896280537272 0.0037432378953003564 -0.01466887712257036 0.015133608705554587 0.006182633228144936 0.00074939493173467174 0.012029964906155039 -0.0025619191201435316 -0.00079899483833669913
leaf_weight=466.77401007711887 47.104446917772293 918.6858696937561 2243.1247429698706 1694.1195601820946 2520.3309149444103 488.26304194331169 656.06564338505268 361.89300853013992 386.61110378801823 64.087602913379669 864.7259488850832 795.25590696930885 2944.6565783470869 308.38352479040623 4320.2340318858624 1640.8475433290005 128.37545372545719 171.63945712149143 2451.9646633714437 86.266712799668312 320.97306042909622 3755.3068011552095 347.33828748762608 108.01714117825031 34.010680720210075 1904.7085235267878 2368.4763100892305 15.322176367044447 1431.4646429121494 91.485637083649635
leaf_count=3345 173 4270 9278 6698 10205 1916 2961 1759 1558 356 3495 3430 11581 1244 17486 7910 571 724 14446 432 1326 16479 1424 460 128 7494 9419 89 6013 453
internal_value=-1.97432e-06 -0.00463048 0.00631518 -0.00259758 0.00443183 -0.000437367 0.0117348 -0.0138512 -0.00526727 -0.0149696 0.00320943 -0.00162178 0.00210783 0.0101499 -0.0021463 -0.00815393 -0.0102385 0.00545578 -0.0135816 -0.00173487 0.00269279 -0.00353809 -0.0042013 0.00409893 -0.00750549 0.00669439 0.00292554 -0.022715 -0.00474754 -0.0142806
internal_weight=33936.5 19586.3 14350.2 16048.5 10650 8871.37 3700.19 3537.79 7177.17 3175.9 8129.67 7035.22 6177.86 3044.12 6546.95 2687.91 1769.22 800.996 2693.8 150.354 629.357 4489.26 4102.65 1836.15 142.028 1951.81 5313.13 482.096 2226.72 2543.45
internal_count=147123 89223 57900 68343 42367 36131 15533 20880 32212 19121 32162 28845 24495 12572 26929 12751 8481 3294 15687 788 2570 19461 17903 7286 588 7667 21000 3434 9443 14899
is_linear=0
shrinkage=0.03


Tree=45
num_leaves=31
num_cat=0
split_feature=11 11 12 11 3 3 18 11 3 13 12 3 11 13 8 2 8 5 7 7 13 9 10 5 4 12 13 5 5 5
split_gain=1040.18 289.389 231.244 73.4868 60.572 59.2549 49.9377 38.1261 36.8272 35.8057 33.6427 31.2518 28.6781 28.2608 26.1284 28.8933 26.0101 24.6153 23.018 22.0809 21.986 30.458 24.7077 21.9665 20.8175 21.6938 20.0632 21.7878 19.9851 19.9506
threshold=0.00085018158918218534 0.001756435583163648 0.00054906369084476044 0.0011709716373509819 -0.0067560172787827213 -0.003089825751134367 0.076933549608192861 0.0030182305929653207 -0.0063538294918633045 0.0012273341242664399 0.00033778839910711861 -0.0021693761250210493 0.00045530295664389982 0.00088252922710377638 108909.15850000001 0.0019027127552502245 109265.93000000001 0.0024484818159974391 57735.488000000005 57735.488000000005 0.0012207167550171403 66431.574750000014 121314.54758333335 -0.0043447626587936319 -0.0022727071497127822 0.0015405441095789473 0.0010472033750838709 0.0025576109982989874 -0.0064447519245324205 -0.004073980840228252
decision_type=2 2 2 2 2 2 2 2 2 2 2 2 2 2 2 2 2 2 2 2 2 2 2 2 2 2 2 2 2 2
left_child=2 3 10 8 -3 -4 14 18 -2 12 17 -5 -8 28 15 -7 24 -1 -6 -12 21 -20 -22 -11 25 -15 -18 -28 -10 -21
right_child=1 4 5 11 7 6 9 -9 13 23 19 -13 -14 16 -16 -17 26 -19 20 29 22 -23 -24 -25 -26 -27 27 -29 -30 -31
leaf_value=-0.02393618275489957 0.02536363084869267 0.017731989033217165 0.0078253221209392265 0.0070914861184448444 0.01598169492636824 -0.0071546468849574118 -0.01398235640558724 0.013941622279066777 0.0096828973323404063 0.020255889721222105 0.044905000641983689 0.0027358528857184764 -0.0037298067416398901 0.0038371531191456472 -0.012068097446087587 0.0071305934410653433 -0.008606615195258599 0.019376036205284886 -0.033931609242455411 0.0031641443922773914 0.0073733632891015621 0.0014157183298864763 -0.020559676426756913 0.0015633695175905342 0.00045704339014299454 0.018860029200043614 0.0036031633373729628 -0.007076726214466646 -0.0044674529506145673 -0.013808180831781022
leaf_weight=388.18431824445724 50.077768534421921 712.91945762932301 324.15235574543476 1979.5024025291204 254.99151229858398 2243.6411024928093 259.58439566195011 925.37012292444706 94.604688122868538 63.632929250597954 5.748459815979003 5925.2252682298422 4599.0653163939714 1013.6596275418997 1030.8761513978243 134.8133415132761 432.20434534549713 12.031887769699095 25.202029928565025 63.676574364304543 3868.9782945662737 164.15645553171635 28.561785385012627 509.39316740632057 3845.9553429633379 94.659228831529617 452.79741072654724 276.94597870111465 1705.8933579027653 2385.9818633645773
leaf_count=2833 187 3126 1292 7824 1025 10181 1308 4086 369 236 19 23442 20558 3988 4955 552 1844 67 113 334 15768 655 124 2054 15413 355 1802 1149 7317 14147
internal_value=-1.9729e-06 0.00389713 -0.0070901 0.0017777 0.00952154 -0.00476694 -0.00522905 0.00840937 -0.000255332 -0.00344169 -0.0145448 0.00382705 -0.00427847 -0.000418084 -0.00807557 -0.00634342 0.000554015 -0.0226221 0.00722932 -0.0132262 0.00668213 -0.00328831 0.00716737 0.00364753 0.00150189 0.00512452 -0.0034847 -0.000446281 -0.00372178 -0.0133657
internal_weight=33872.5 21851.7 12020.8 15871.5 5980.18 9165.16 8841.01 5267.26 7966.8 5431.68 2855.62 7904.73 4858.65 7916.72 3409.33 2378.45 6116.22 400.216 4341.89 2455.41 4086.9 189.358 3897.54 573.026 4954.27 1108.32 1161.95 729.743 1800.5 2449.66
internal_count=147123 88587 58536 63690 24897 41136 39844 21771 32424 24156 17400 31266 21866 32237 15688 10733 24551 2900 17685 14500 16660 768 15892 2290 19756 4343 4795 2951 7686 14481
is_linear=0
shrinkage=0.03


Tree=46
num_leaves=31
num_cat=0
split_feature=11 14 13 11 13 5 3 13 14 8 8 13 5 11 3 5 2 13 18 4 7 7 18 7 8 3 13 4 6 6
split_gain=981 275.511 222.458 92.3418 62.1719 58.7814 51.1454 42.5642 42.0227 39.2555 41.0075 33.7329 30.8523 30.4144 30.1345 29.7447 29.6949 29.4335 28.824 27.5189 27.2648 27.8916 26.3881 24.5169 23.3334 30.1039 22.9239 22.5247 22.2594 20.4255
threshold=0.00085018158918218534 0.0026332933882071501 0.00059932848766249003 0.0012466595199893188 0.0022636220951974596 0.0028325676401592674 -0.003089825751134367 0.0012273341242664399 0.00059897475438309836 94145.497500000012 91652.957500000004 0.00099726985360380728 -0.0074145585170469199 0.00060080442055255234 -0.004171044674392276 -0.0045271788945710481 -0.00097226337332623192 0.0016086028413831133 0.08528663461867346 0.0034486494413865647 68220.894000000015 91363.673000000024 0.081141736649534182 117741.38600000001 94145.497500000012 -0.0022144227487750352 0.00077113001380319131 -0.002858322249051914 -0.0091523013485483844 0.010550496545379985
decision_type=2 2 2 2 2 2 2 2 2 2 2 2 2 2 2 2 2 2 2 2 2 2 2 2 2 2 2 2 2 2
left_child=2 3 5 12 16 8 -4 9 -1 10 -8 -12 -2 28 -6 -9 18 20 -3 -17 -5 -22 -15 -18 26 -26 -14 -10 -11 -30
right_child=1 4 6 17 14 -7 7 15 27 13 11 -13 24 22 -16 19 23 -19 -20 -21 21 -23 -24 -25 25 -27 -28 -29 29 -31
leaf_value=-0.018503598632858553 0.0079778685042208742 0.0056870206572741215 0.0075388219584289528 -0.0018495065152629338 0.019597064531513244 -0.00036850344529325703 -0.0036053167365603378 0.018421904346954589 0.0033272890250405905 0.017505910843311247 0.023138615753916337 -0.0063769972061216498 -0.0085086025481934911 -0.0087965616645891594 0.011308294206129114 -0.003130943060157306 0.0054183861974871688 0.0063903179716031195 0.013456803167528949 0.011716059511386356 0.0091659872939066113 0.0023388993597249041 -0.0033619000614117612 -0.012817803797237777 0.0034958258533008637 -0.0032132853013197458 0.0016249505783633887 -0.012190814704161713 -0.011128867253400839 0.018024833976760555
leaf_weight=1554.3379237502813 379.74252958595753 764.83579207956791 305.02545835077763 973.77551293373108 549.83690601587296 262.10779984295368 2541.6486462652683 83.84477923810482 90.777827680110931 25.266372576355934 96.434269338846207 54.270708814263344 213.26082202792168 1327.7044136822224 1417.3392849117517 612.76184293627739 2227.3247053623199 3158.8329381793737 986.5538701415062 137.46154047548771 701.11041340231895 2331.992707580328 2046.4350427538157 68.201168894767761 710.88079060614109 3911.7933940589428 3426.2679629325867 1102.6979478001595 1726.464609220624 21.73905211687088
leaf_count=10205 1474 3150 1208 3905 2461 1274 11118 313 450 105 386 227 938 6059 6164 2523 8999 12591 3977 529 2704 9212 9074 287 2835 16239 13651 6382 8593 90
internal_value=-1.93435e-06 0.00378567 -0.00689616 0.0017062 0.00925078 -0.0139547 -0.00452956 -0.00495438 -0.0152495 -0.00563991 -0.00270269 0.0124926 -0.000381386 -0.00717549 0.0136275 0.00148563 0.00712228 0.00422425 0.010066 -0.000405367 0.00251577 0.00391824 -0.00550149 0.00487474 -0.000766044 -0.00218085 0.00103013 -0.0110078 -0.0103582 -0.0107636
internal_weight=33810.7 21821.7 11989 15807.7 6014.09 3009.92 8979.06 8674.03 2747.81 7839.96 2692.35 150.705 8641.95 5147.61 1967.18 834.068 4046.92 7165.71 1751.39 750.223 4006.88 3033.1 3374.14 2295.53 8262.2 4622.67 3639.53 1193.48 1773.47 1748.2
internal_count=147123 88587 58536 63549 25038 18311 40225 39017 17037 35652 11731 613 35137 23921 8625 3365 16413 28412 7127 3052 15821 11916 15133 9286 33663 19074 14589 6832 8788 8683
is_linear=0
shrinkage=0.03


Tree=47
num_leaves=31
num_cat=0
split_feature=11 13 13 11 5 14 14 14 10 14 14 18 13 10 3 8 7 7 13 12 5 3 12 10 4 9 7 2 12 4
split_gain=926.031 354.068 143.723 99.6497 55.5266 50.4908 50.201 44.5086 43.5948 38.5952 30.9949 28.1241 28.0876 27.8927 25.7085 26.5397 25.5297 25.0867 24.5737 23.1728 23.1118 22.5265 21.2283 19.6758 21.2755 19.4002 19.2344 18.644 18.5261 17.7459
threshold=0.0011500674018399438 0.00059932848766249003 0.0021010940198595953 0.00067410959916185944 0.0028325676401592674 0.0018313997132282649 0.0029025973312238338 0.0052501291522619791 62072.667916666673 0.00063201640613576358 0.001140008047333463 0.28993209230318423 0.0007995907064001674 58678.127000000008 -0.0017678450331650162 63345.035000000003 63559.549000000014 97185.58100000002 0.0014207478014663585 0.003063864875755707 -0.0056735824955410621 -0.0057104497841112259 0.0004479307348991394 104084.72633333334 -0.002423532612663037 107473.82375 110852.33700000001 1.6854588454684464e-05 0.00085916269743511239 -0.002858322249051914
decision_type=2 2 2 2 2 2 2 2 2 2 2 2 2 2 2 2 2 2 2 2 2 2 2 2 2 2 2 2 2 2
left_child=1 4 6 8 9 13 10 17 22 -1 -2 -12 14 -5 -10 -16 -17 -4 27 20 -19 -7 -3 24 -20 -14 -6 -15 -24 -11
right_child=2 3 7 5 26 21 -8 -9 12 29 11 -13 25 18 15 16 -18 19 23 -21 -22 -23 28 -25 -26 -27 -28 -29 -30 -31
leaf_value=-0.0178828633274731 -0.0010450903988261854 0.056097458587872032 0.011049358256619794 0.0050234786251491014 0.0041422917394450922 0.020090522170572625 0.0077543421195820344 0.018125157429836718 0.00014590241605177238 0.001821580789339047 0.0023335081480388821 0.0064304839800782042 -0.0021876799305121679 -0.0015842608962382267 -0.033683205950435564 0.056886794818331296 -0.010491626808227607 0.012354608865092738 0.0147416691976063 0.014688060493799161 -0.001094402487196038 0.002286700583242839 -0.0016089293608432789 -0.0044925783306851933 0.001987497122466291 -0.0088305503263601988 -0.01322293434540169 -0.004421210122072374 0.014056657768898046 -0.011789373046248388
leaf_weight=1640.3422618955374 1471.8396626263857 6.6767227202653876 2216.8777367919683 471.74790032207966 197.82793726027012 65.74368605017662 2501.7509374767542 640.56506533920765 211.68767718970776 93.667993500828743 4320.9422250539064 2319.6238742768764 1097.0436487793922 4197.010072901845 44.811211124062538 4.9636218994855872 1854.8264544904232 151.58583657443523 146.50637218356133 168.91524828970432 474.19964922964573 2305.0529161095619 260.65216821432114 310.13457188010216 601.7455810457468 620.40475484728813 80.723824545741081 4151.8616606742144 91.676266983151436 1027.521763548255
leaf_count=10822 5898 27 9278 1866 932 250 10205 2961 984 461 17163 9101 4735 17710 238 18 9354 618 552 724 1952 9179 1152 1265 2379 2856 416 17744 354 5929
internal_value=-1.92537e-06 -0.00425442 0.00580524 -0.00251516 -0.01366 -0.0011485 0.00403844 0.010939 -0.00650726 -0.0149477 0.00289206 0.00376515 -0.00744361 -0.0020922 -0.00975813 -0.0108604 -0.0103071 0.00940892 -0.0024494 0.00482819 0.00216005 0.0027825 0.0034828 0.00185514 0.00449039 -0.00458945 -0.000882294 -0.00299546 0.00246159 -0.0106495
internal_weight=33748.9 19482.6 14266.3 16442.5 3040.08 12249.8 10614.2 3652.14 4192.74 2761.53 8112.41 6640.57 3833.74 9879.01 2116.29 1904.6 1859.79 3011.58 9407.26 794.701 625.785 2370.8 359.005 1058.39 748.252 1717.45 278.552 8348.87 352.328 1121.19
internal_count=147123 89223 57900 70663 18560 50945 42367 15533 19718 17212 32162 26264 18185 41516 10594 9610 9372 12572 39650 3294 2570 9429 1533 4196 2931 7591 1348 35454 1506 6390
is_linear=0
shrinkage=0.03


Tree=48
num_leaves=31
num_cat=0
split_feature=11 11 12 12 3 18 3 3 13 9 13 15 13 11 2 11 10 18 8 17 12 15 13 11 10 8 4 13 8 8
split_gain=874.407 251.074 203.217 76.4886 51.6756 46.1077 45.1016 42.8407 32.6936 31.9908 31.5099 30.7952 28.4293 25.0232 24.1246 23.8872 22.1142 21.6081 20.6919 20.0838 19.1805 17.2578 24.4359 17.1275 20.0277 17.1202 17.0776 16.8754 16.3259 16.3112
threshold=0.00085018158918218534 0.0019341183297206246 0.00054906369084476044 0.0012109050773425724 -0.0028785825286137263 0.076933549608192861 -0.0067560172787827213 -0.0021693761250210493 0.00034444809460778414 104823.48575000001 0.0012273341242664399 0.13164510612810107 0.0026241499810997679 0.00045530295664389982 0.0017220650875289236 0.00049867190261302546 120083.71983333335 0.093353536087184594 57730.136000000006 0.61537679205282514 0.0023257464258486234 0.74384015348489751 0.00071567784735500752 0.0012393708759160565 118023.58000000003 107477.56700000002 -0.012371768617305266 0.00086392500765472265 115193.49850000003 84162.560500000007
decision_type=2 2 2 2 2 2 2 2 2 2 2 2 2 2 2 2 2 2 2 2 2 2 2 2 2 2 2 2 2 2
left_child=2 3 8 11 -4 14 -3 20 15 -9 13 17 16 29 27 -1 -8 -2 -10 -13 26 22 -20 24 -11 -17 -5 28 -6 -7
right_child=1 6 4 7 5 10 12 9 18 23 -12 19 -14 -15 -16 25 -18 -19 21 -21 -22 -23 -24 -25 -26 -27 -28 -29 -30 -31
leaf_value=-0.024258424348384034 -0.0039377810922581287 0.017276780246565173 0.0059697604071273103 0.019865785667639652 -0.0089837606774414418 0.0028891836271056257 0.0073460159889847986 0.0037186704469027452 0.04391742015535853 -0.0093939476576851508 0.0035728583290800691 0.0045296166010511413 0.012653809906514681 -0.0034019107746717328 0.0012441714729481603 0.076774560855145335 -0.01430374695338719 -8.2749558229654511e-06 -0.014884716303014706 -0.00035828983839337656 0.019197218233459955 -0.00768073709920417 -0.002773620708860172 0.000878029554108029 0.0067927083457898461 -0.011931098358168682 0.0062406353855337139 -0.0056057954365328613 -0.016977579371233363 -0.016633208764696601
leaf_weight=296.7167212665081 2063.8491684496403 624.5092611014843 415.40753097832203 86.566901370882988 1602.5888093709946 46.869953587651253 2840.3030218183994 5226.8748866170645 5.7244345098733893 357.53843429684639 564.48703294992447 1621.0567225962877 1123.6635218560696 4536.3733349144459 255.06488682329655 3.5192078649997702 42.925327569246292 3235.1265623420477 1809.6346839815378 1416.5625910907984 119.30103977024555 512.11310040950775 164.21065464615822 937.43505090475082 84.883423835039139 4.1126855760812759 1982.4034762829542 1229.0552821457386 269.87179797887802 209.07844536006451
leaf_count=2277 8572 2812 1676 348 7784 219 11722 20718 19 1477 2257 6437 4967 20354 1088 18 185 13195 11296 5724 478 2944 821 3720 331 25 7901 5286 1387 1085
internal_value=-1.91096e-06 0.00357573 -0.00653139 0.00190008 -0.00436342 -0.00485645 0.00977315 0.00385171 -0.0136082 0.00264593 -0.00312794 -0.000158517 0.00860249 -0.00391791 -0.00761394 -0.0229027 0.00702217 -0.00153935 -0.0124708 0.00224927 0.00749048 -0.0126036 -0.0138789 -0.0014154 -0.00628075 0.0290487 0.0068131 -0.0083434 -0.0101383 -0.0130468
internal_weight=33687.8 21763 11924.8 17131.6 9128.8 8713.39 4631.4 8795 2796.03 6606.73 5356.81 8336.6 4006.89 4792.32 3356.58 304.349 2883.23 5298.98 2491.68 3037.62 2188.27 2485.96 1973.85 1379.86 442.422 7.63189 2068.97 3101.52 1872.46 255.948
internal_count=147123 88587 58536 68901 41136 39460 19686 34973 17400 26246 23915 33928 16874 21658 15545 2320 11907 21767 15080 12161 8727 15061 12117 5528 1808 43 8249 14457 9171 1304
is_linear=0
shrinkage=0.03


Tree=49
num_leaves=31
num_cat=0
split_feature=11 13 13 11 5 4 14 14 8 14 14 13 7 6 7 8 9 12 7 7 17 12 5 6 9 7 12 7 13 15
split_gain=826.197 322.077 131.183 89.1769 52.818 47.0012 46.1182 42.1846 39.9371 36.8273 36.6185 25.5672 25.1456 27.0382 33.3055 24.981 24.8193 23.7994 23.6654 23.0451 22.9138 21.6969 22.0977 21.3904 25.4811 25.6058 22.8672 20.2302 23.4159 30.0952
threshold=0.0011500674018399438 0.00059932848766249003 0.0021010940198595953 0.00067410959916185944 0.0028325676401592674 -0.0053431986789395638 0.0018313997132282649 0.0052501291522619791 62108.475000000013 0.0011648694576291984 0.00059897475438309836 0.0007995907064001674 105657.97600000001 0.0039177095494344902 58059.65600000001 63345.035000000003 64613.759750000005 0.00089691376222369166 97185.58100000002 63559.549000000014 0.47344104305673668 0.003063864875755707 0.00088988515652854716 -0.0018219481108232569 84043.37175000002 73899.821000000011 0.0006328544146404579 106292.94000000002 0.0010472033750838709 0.046816912917648383
decision_type=2 2 2 2 2 2 2 2 2 2 2 2 2 2 2 2 2 2 2 2 2 2 2 2 2 2 2 2 2 2
left_child=1 4 5 8 10 -2 12 18 -3 -7 -1 15 13 14 17 -10 -16 -5 -4 -17 -11 22 -20 -21 25 -25 -27 -14 29 -29
right_child=2 3 7 6 -6 9 -8 -9 11 20 -12 -13 27 -15 16 19 -18 -19 21 23 -22 -23 -24 24 -26 26 -28 28 -30 -31
leaf_value=-0.017430749891883979 0.0086161817251974963 0.0033637144379047761 0.010536383124417242 -0.008549874598191157 -0.00058482683108903579 -0.0013153713479470402 0.0026765950094664232 0.017483119616231252 -0.030803558849072567 0.0058924760301793614 -0.010412287822197622 -0.0043400532923458333 -0.016770033872899763 0.0019231634844201777 -0.0073936273838443589 0.054709412256152445 -0.0017046402355403393 0.014208409716611067 0.0076845064353585372 -0.0040829476263607714 0.0025014234214594706 0.014079524029416177 -0.0036056520476045132 -0.0075178084684869315 -0.012623228924751439 -0.001849915526208148 0.035659870310023919 -0.0082000254803381804 -2.799898632200737e-05 -0.00015992114018402665
leaf_weight=1520.8920959085226 1560.9673420935869 361.58454363048077 2199.5122264027596 53.679489940404892 277.51580338180065 1499.181502327323 2369.3807963132858 630.21154943108559 47.470670908689499 2954.0008626133204 1201.2857317328453 1714.3338790237904 111.83111289143562 2038.3585401922464 849.49536101520061 5.0209635645151129 3693.471220806241 177.27186968922615 304.47999919950962 584.80533891916275 4577.906307309866 167.03466120362282 319.42562209069729 178.61922571063042 1225.7864290326834 31.691257864236832 26.826427832245827 1337.7892700582743 998.65479408204556 611.1857842952013
leaf_count=10253 6363 1546 9278 230 1348 6014 9429 2961 253 11680 6959 7592 495 8280 3585 18 15449 671 1244 2881 18310 724 1326 874 6290 156 108 6075 4089 2642
internal_value=-1.90827e-06 -0.00402499 0.00549407 -0.00237315 -0.0130641 0.00380846 -0.00108139 0.0104242 -0.00615872 0.00297706 -0.0143351 -0.00706221 -0.00198369 -0.000968406 -0.00220369 -0.00928247 -0.00276923 0.00890436 0.008935 -0.00878185 0.00383185 0.00447717 0.00189974 -0.00894166 -0.0108815 -0.00186394 0.0153261 -0.00424327 -0.00376644 -0.00568038
internal_weight=33629.7 19417 14212.7 16417.3 2999.69 10592.1 12241.1 3620.66 4176.14 9031.09 2722.18 3814.55 9871.74 6812.28 4773.92 2100.22 4542.97 230.951 2990.45 2052.75 7531.91 790.94 623.906 2047.73 1462.92 237.137 58.5177 3059.46 2947.63 1948.98
internal_count=147123 89223 57900 70663 18560 42367 50945 15533 19718 36004 17212 18172 41516 28215 19935 10580 19034 901 12572 10327 29990 3294 2570 10309 7428 1138 264 13301 12806 8717
is_linear=0
shrinkage=0.03


Tree=50
num_leaves=31
num_cat=0
split_feature=12 13 11 11 14 15 4 10 17 12 18 14 5 10 4 11 2 6 10 14 10 5 2 18 14 10 11 0 7 13
split_gain=779.585 304.185 125.508 88.0475 57.3955 52.7941 50.833 37.0843 33.6237 31.6739 31.4666 28.0345 27.728 23.3519 23.2879 27.3271 22.8264 22.7416 22.1226 20.9629 20.6122 21.3571 20.1638 22.2929 23.6472 19.3887 19.2674 18.9782 18.8206 18.3018
threshold=0.0011835127981454378 0.00059932848766249003 0.0024078237317037708 0.00067410959916185944 0.0017445227798195079 0.13164510612810107 0.001444435966828417 59077.962833333346 0.43572077524528702 0.00033778839910711861 0.097713001218138654 0.0065256621876576904 -0.001261644293216013 114486.46500000001 -0.002858322249051914 0.00078422991346551796 -0.0038742146641999593 -0.0096727624797500727 115341.20116666668 0.0022977264447584566 111017.18300000003 0.0028895620528633929 0.00043541818174497321 0.00020940215910421645 0.00048293362281354759 107845.44166666667 0.00084057438998835071 0.0018927735517583202 56918.37200000001 0.00064409508885772035
decision_type=2 2 2 2 2 2 2 2 2 2 2 2 2 2 2 2 2 2 2 2 2 2 2 2 2 2 2 2 2 2
left_child=1 6 4 7 -2 10 9 29 -6 -1 -5 -4 -12 27 -11 18 -10 -7 20 22 21 25 23 -9 -25 -16 -17 -8 -18 -3
right_child=2 3 11 5 8 17 13 19 16 14 12 -13 -14 -15 15 26 28 -19 -20 -21 -22 -23 -24 24 -26 -27 -28 -29 -30 -31
leaf_value=-0.022937093665935299 0.0014750612939740039 -0.033539840249917345 0.010050453103201594 -0.0048070497186432325 0.0085618011159124003 0.011083759847563537 -0.0018577788445351701 -0.0097759234324732974 0.010069767035115794 -9.8214659194962659e-05 0.002136926017772372 0.018883770329415659 -0.0026703078499138288 -0.017099730177024559 -0.013472967060693234 0.02044495476568451 0.015893168677083545 0.0011207951786162257 -0.021183556071626197 0.016049219720413854 -0.004976735642569158 0.0051681932346825206 -0.0099713960660682607 -0.010089340877584395 -0.0018996175361039236 -0.023151739771820092 -0.013460665165430903 0.045681775440545337 0.0031041249574119017 0.012316693831032071
leaf_weight=348.55661592632532 4800.4155508428812 8.2319784313440305 2113.528814509511 3193.372127816081 2458.5069438964128 217.21903969347477 403.13997508585453 744.78194889426231 529.39172732830048 116.53939501941204 1683.1905133724213 383.12300559878349 3010.3812693208456 100.45503500103951 1053.3288274630904 34.801670804619789 106.39780086278915 4068.4493957459927 367.5548622906208 36.058627352118492 245.29971460998058 47.803158864378929 1278.8185435533524 403.48703530430794 1491.8091866970062 227.98975683003664 26.380994439125061 7.5994118452072135 3940.0829703509808 124.67241002619267
leaf_count=2710 19051 42 9181 13634 9867 843 2150 3646 2209 599 6918 1820 12691 589 6569 165 424 16604 2427 142 1465 236 6120 2078 6867 1490 133 27 15927 499
internal_value=-1.93405e-06 -0.0039476 0.0052949 -0.00233265 0.00400497 -0.00105304 -0.0127599 -0.00614215 0.00573097 -0.0145437 -0.00250956 0.0114079 -0.000945708 -0.00414022 -0.0131611 -0.0139195 0.00420922 0.00162671 -0.0145419 -0.00666645 -0.0129882 -0.014464 -0.00687663 -0.00537611 -0.00364514 -0.0151992 0.00577833 -0.000960005 0.00344152 0.00943074
internal_weight=33571.4 19239.9 14331.4 16260.5 11834.8 12172.6 2979.45 4087.86 7034.38 2468.25 7886.94 2496.65 4693.57 511.194 2119.7 2003.16 4575.87 4285.67 1941.98 3954.96 1574.42 1329.12 3918.9 2640.08 1895.3 1281.32 61.1827 410.739 4046.48 132.904
internal_count=147123 88644 58479 70084 47478 50690 18560 19394 28427 15794 33243 11001 19609 2766 13084 12485 18560 17447 12187 18853 9760 8295 18711 12591 8945 8059 298 2177 16351 541
is_linear=0
shrinkage=0.03


Tree=51
num_leaves=31
num_cat=0
split_feature=11 13 14 11 5 4 14 10 13 12 6 8 14 14 15 10 10 13 8 5 18 8 4 5 13 13 6 0 13 6
split_gain=738.534 290.611 120.155 79.6141 48.7319 43.0174 42.6171 37.1263 35.6855 30.643 28.9 39.1138 29.8344 25.8587 25.4411 24.6732 25.5339 23.4636 23.2337 22.3271 21.797 21.113 21.0018 20.6171 20.2156 19.6878 22.4516 19.0659 18.7273 18.1292
threshold=0.0011500674018399438 0.00059932848766249003 0.0029025973312238338 0.00064564687827923172 0.0023948719699075087 -0.0033251803093476968 0.0071272240979873324 59077.962833333346 0.0020759752769399244 0.00033778839910711861 0.0055883807096259739 58058.106999999996 0.0014302892020062207 0.00068162348540643468 0.74384015348489751 57485.618166666674 62375.123083333339 0.0022636220951974596 97184.611000000019 -0.0028675565876381533 0.28993209230318423 57730.136000000006 0.0045899411897600837 -0.0097776238615467342 0.00064948489652214491 0.00074665918688430187 -0.00016756532990042092 0.00024458247546899076 0.00039913891961255863 0.011140352636577091
decision_type=2 2 2 2 2 2 2 2 2 2 2 2 2 2 2 2 2 2 2 2 2 2 2 2 2 2 2 2 2 2
left_child=1 4 8 7 9 23 17 24 13 -1 11 21 -13 -2 -11 -12 -17 -4 -10 -9 27 -7 28 -5 -3 26 -25 -15 -6 -27
right_child=2 3 6 5 22 10 -8 19 18 14 15 12 -14 20 -16 16 -18 -19 -20 -21 -22 -23 -24 25 -26 29 -28 -29 -30 -31
leaf_value=-0.022111618361791693 -0.0075301286793731347 -0.039675490017000457 0.0067263776175992126 0.016389885950325582 0.019877129131722081 0.0032855856131582995 0.019079497475064575 -0.00088639565412945622 0.0096461400338571091 -0.014265344835673821 -0.019105743485245481 -0.0042241369190195981 -0.00035134367297001413 0.0033441720691689105 -0.0062908109367298482 0.010045141680156803 0.00034054662415824641 0.011477190710003981 0.0018364603327157346 -0.0078355926760776129 0.0049077992364104676 0.021384147297164251 0.026841288982149211 -0.011346636852188665 0.013158057655230265 0.0042353331069846607 0.033453308740046789 -0.00036421060035623842 -0.0060986107833094598 -0.02221546543858809
leaf_weight=357.6600536108017 224.93711458146572 6.7947699874639502 2686.4472020119429 104.51706801354885 26.843968719244003 232.53927102684975 365.67160661518574 486.96156419813633 1161.8235599547625 1763.124942779541 53.99485856294632 5779.9044857472181 2596.1009457409382 2647.2251768261194 454.62446720898151 272.69515372812748 2320.1854539364576 1441.4764855057001 487.8786456733942 2901.4067114889622 2788.7572078406811 77.468325793743134 20.670665308833122 132.7774453163147 113.37106685340405 1281.7002970725298 10.768994703888891 2357.6599698662758 336.12320594489574 23.621710628271103
leaf_count=2809 927 36 11101 399 150 923 1727 2222 4753 11137 231 25089 10536 10493 2628 1060 9525 6460 1985 14093 11007 290 81 586 451 5078 42 9447 1755 102
internal_value=-1.97694e-06 -0.00381148 0.00520393 -0.00224945 -0.0124646 -0.0011583 0.00925757 -0.00625607 0.0033195 -0.0139507 -0.0018002 -0.00263658 -0.00302416 0.00249218 -0.0126323 0.000943306 0.00136269 0.00838633 0.0073386 -0.00683783 0.00278192 0.00782338 -0.00247933 0.00352267 0.0101151 0.00259133 -0.00794387 0.00159669 -0.00416431 0.0037527
internal_weight=33515.7 19353.9 14161.9 16394.8 2959.05 12886.3 4493.6 3508.53 9668.28 2575.41 11332.9 8686.01 8376.01 8018.58 2217.75 2646.88 2592.88 4127.92 1649.7 3388.37 7793.64 310.008 383.638 1553.39 120.166 1448.87 143.546 5004.89 362.967 1305.32
internal_count=147123 89223 57900 70663 18560 53861 19288 16802 38612 16574 47654 36838 35625 31874 13765 10816 10585 17561 6738 16315 30947 1213 1986 6207 487 5808 628 19940 1905 5180
is_linear=0
shrinkage=0.03


Tree=52
num_leaves=31
num_cat=0
split_feature=14 12 11 11 17 14 9 12 12 3 6 5 8 14 15 1 1 10 5 10 10 10 6 7 6 17 4 3 6 12
split_gain=698.808 268.135 147.809 67.2777 56.2798 39.7855 33.4357 33.1228 32.3252 31.5343 27.6438 26.5075 25.0453 24.6492 24.418 22.318 21.5046 21.1445 20.8746 23.0988 20.3227 20.1622 20.3483 19.491 17.7901 17.7488 17.6578 18.5742 17.1834 17.0467
threshold=0.0014302892020062207 0.00058467844625117321 0.0019341183297206246 0.00085018158918218534 0.56149132917992739 0.0052501291522619791 108795.56125000001 0.00035099082054606607 0.0012851149694220268 -0.0017678450331650162 0.0036696330668896109 -0.002554078034551543 57902.651000000013 0.00045387626069317736 0.88164658926631101 -0.00054026499141834872 -0.0017167454023455651 109072.86183333334 0.0017807020947732124 117436.32783333334 108450.49075000001 58678.127000000008 -0.013041501643264673 97064.592000000019 -0.016691375214906486 0.71914988652798562 -0.002581918302371033 0.0024504134857535891 0.0087205491747611736 0.00049326257922997969
decision_type=2 2 2 2 2 2 2 2 2 2 2 2 2 2 2 2 2 2 2 2 2 2 2 2 2 2 2 2 2 2
left_child=1 7 4 6 9 23 10 18 -6 -2 11 20 -9 -8 -13 -5 -10 -15 -1 -20 -3 22 -17 28 -23 -25 -14 -28 -4 -29
right_child=2 3 5 15 8 -7 13 12 16 -11 -12 14 26 17 -16 21 -18 -19 19 -21 -22 24 -24 25 -26 -27 27 29 -30 -31
leaf_value=-0.021747002964974747 0.00823328226107173 -0.00051335962948772336 0.010830056878921997 0.0020008328927505689 -0.0010874145961454439 0.015066495860566778 -0.016022768372235617 0.024530704168637969 0.0076168056814878773 0.0033932718216234817 0.00068493188944316219 -0.0068951391835800043 -0.0001516107920491835 -0.023200126426027506 0.0027953738082029823 -0.039630562579334658 0.0016073518737453572 -0.0058106025710478 -0.0065300360520196658 0.070425815378676981 0.032094405988420137 0.014464797454604257 0.0077504211100706509 0.0067983428657491241 -0.0022678184869991016 -0.0017543746478762858 -0.011950612464883846 0.035348685290404011 0.0051049358639249217 -0.0039396537219466357
leaf_weight=403.12067450582981 1749.9358410090208 798.22398567199707 1755.710791900754 2334.012964963913 3614.5743370503187 835.49767529964447 284.66056747734547 17.766543716192245 737.95117229223251 3951.4207117557526 1216.69852386415 2465.4169852733612 127.86032316088676 65.486301198601723 258.04664593935013 8.2982032001018506 1964.396520704031 1646.1083564758301 37.495798073709011 3.7711025997996321 17.47984890639782 57.783008977770805 267.35611186921597 795.61127226054668 4476.1181825697422 300.23375748097897 2568.7838865071535 13.296931222081183 648.7868706882 38.086832642555237
leaf_count=3181 6961 3493 7482 9419 14738 3918 1494 66 2970 15833 5191 11271 705 323 1138 38 7885 7703 262 22 70 219 1038 3304 18422 1280 15653 61 2793 190
internal_value=-1.96257e-06 -0.00424118 0.00443194 -0.00243557 0.00271848 0.00918052 -0.0045827 -0.0120558 0.000767542 0.00487948 -0.00321379 -0.00455492 -0.0108311 -0.00784215 -0.0059758 -0.000405638 0.00324973 -0.006479 -0.019667 0.000583163 0.000185569 -0.00157411 0.00629935 0.00777435 -0.00205359 0.00445243 -0.0110617 -0.0115929 0.00928682 0.0062179
internal_weight=33460 17105.9 16354.1 13895.7 12018.3 4335.84 6752.12 3210.18 6316.92 5701.36 4755.87 3539.17 2765.79 1996.26 2723.46 7143.57 2702.35 1711.59 444.388 41.2669 815.704 4809.56 275.654 3500.34 4533.9 1095.85 2748.03 2620.17 2404.5 51.3838
internal_count=147123 79959 67164 59819 48387 18777 30683 20140 25593 22794 21163 15972 16675 9520 12409 29136 10855 8026 3465 284 3563 19717 1076 14859 18641 4584 16609 15904 10275 251
is_linear=0
shrinkage=0.03


Tree=53
num_leaves=31
num_cat=0
split_feature=11 13 13 11 4 15 4 4 13 9 7 13 7 6 7 11 4 13 7 5 10 15 6 9 10 11 4 11 11 9
split_gain=661.377 264.711 110.196 74.8446 43.8936 41.645 41.0207 39.9286 38.6528 33.9598 29.8323 27.9315 26.5307 25.97 26.9983 25.0329 24.5113 24.2915 23.8828 23.6758 22.1922 21.5265 20.9853 30.3383 29.1597 20.4372 20.4153 22.0509 23.7267 20.3442
threshold=0.0011500674018399438 0.0005933923349788618 0.0021010940198595953 0.00064564687827923172 0.001444435966828417 0.046816912917648383 -0.0053431986789395638 -0.016106474923258892 0.0010168581954896349 62091.548000000003 107021.91400000002 0.00036191475584248161 97185.58100000002 0.0036696330668896109 62661.883000000009 0.0005105047125374423 -0.0044156021255983826 0.0007995907064001674 63347.144000000008 -0.002258863124520671 64126.708833333338 0.11911137638342219 -0.0018837070255477426 84043.37175000002 84065.701666666675 0.0019111159753894189 -0.002858322249051914 0.00079365123107297058 0.00084057438998835071 115023.76475000002
decision_type=2 2 2 2 2 2 2 2 2 2 2 2 2 2 2 2 2 2 2 2 2 2 2 2 2 2 2 2 2 2
left_child=1 4 6 9 11 8 -2 -4 10 -3 13 15 -9 -5 -15 -1 -7 18 -11 -10 -16 -6 -20 24 -24 -8 -13 29 -29 -28
right_child=2 3 7 5 21 16 25 12 19 17 -12 26 -14 14 20 -17 -18 -19 22 -21 -22 -23 23 -25 -26 -27 27 28 -30 -31
leaf_value=-0.02290002787982735 0.007906108742050201 0.0034949683530153832 0.023525625791522356 -0.0043183586276238656 -0.0097023131404257446 0.0077277175242124818 0.0019409642901037768 0.010332310839199357 0.0035941400313747578 -0.031037897530094269 -0.0079651752130367164 8.271178482859884e-05 0.0042441696876849254 0.015700200545083417 -0.021705866995590777 0.039543786567424764 0.0004769763123654678 -0.0038909766878943192 -0.0034180971350928351 -0.0016059180075478805 0.001252146923269548 0.0030589290595582062 -0.0017748065087306159 -0.012587632308278121 0.077535327862559358 0.0056452363742195881 -0.012124930432549134 0.026915694282183326 -0.015528126706749511 -0.020023046033080829
leaf_weight=331.17663930356503 1546.8588023632765 308.59936730563641 173.8302988409996 2087.3797243982553 258.0615466684103 468.47927671670914 7362.9441082626581 2521.2024388164282 1051.8060854971409 43.792547017335892 1391.5659147053957 109.93284037709236 868.12391808629036 112.98008124530315 40.370926961302757 5.7584116756916037 4028.0787750035524 1382.6287758499384 507.66400724649429 3139.8941256552935 594.51627534627914 220.0965574234724 206.76135122776031 1109.7034451812506 4.157949984073638 1640.5119840651751 1473.9859031364322 25.152118504047394 22.167480334639549 368.92498148232698
leaf_count=2692 6363 1334 843 9095 1482 1838 29274 10986 4169 241 6391 570 3704 443 185 34 16622 6190 2548 12802 2501 1142 1015 5855 14 6730 9351 117 114 2478
internal_value=-1.95311e-06 -0.00361228 0.00493327 -0.00215956 -0.0121139 -0.00109726 0.00339223 0.00949513 -0.0023424 -0.00600885 -0.00436675 -0.0138087 0.00877398 -0.00259933 0.00219458 -0.0218125 0.00123323 -0.00691097 -0.00913946 -0.000300319 -0.000206161 -0.00382262 -0.00861163 -0.0106054 -0.00016111 0.0026163 -0.012458 -0.0131889 0.00697825 -0.0137087
internal_weight=33407.1 19293.6 14113.5 16478.4 2815.26 12915.1 10550.3 3563.16 8418.51 3563.31 4226.81 2337.1 3389.33 2835.25 747.867 336.935 4496.56 3254.71 1872.08 4191.7 634.887 478.158 1828.29 1320.62 210.919 9003.46 2000.16 1890.23 47.3196 1842.91
internal_count=147123 89223 57900 71243 17980 54046 42367 15533 35586 17197 18615 15356 14690 12224 3129 2726 18460 15863 9673 16971 2686 2624 9432 6884 1029 36004 12630 12060 231 11829
is_linear=0
shrinkage=0.03


Tree=54
num_leaves=31
num_cat=0
split_feature=12 13 11 5 5 10 10 4 13 15 8 1 18 10 13 10 10 9 7 13 13 15 8 6 12 5 4 6 10 5
split_gain=626.748 257.426 99.7166 66.4538 55.0843 46.7881 39.6544 44.2404 38.7911 30.0725 29.4994 25.8585 23.9348 23.4183 22.122 24.1876 24.2866 31.2911 26.5357 26.3801 21.3734 21.0133 21.4602 20.4727 20.1958 20.0439 19.1582 18.8864 18.6045 25.322
threshold=0.0012109050773425724 0.00066651012267614446 0.0024078237317037708 -0.002554078034551543 0.0028325676401592674 107845.44166666667 103914.93508333334 -0.0044156021255983826 0.00046750788417634085 0.13164510612810107 118877.3115 -0.0049201908905001082 0.19383908067891401 108018.23883333335 0.0010828228517179067 56937.886250000003 68789.071250000023 67241.334000000017 91069.103000000017 0.0019695994510411279 0.0006997579404964205 0.48412215119310581 57902.651000000013 0.030568097645767515 0.0028729244711353913 0.0019679517455776234 0.001444435966828417 -0.0064267693717223731 88694.093666666682 -0.010676887560600199
decision_type=2 2 2 2 2 2 2 2 2 2 2 2 2 2 2 2 2 2 2 2 2 2 2 2 2 2 2 2 2 2
left_child=1 4 6 10 8 9 7 -2 26 20 12 -4 -3 -7 -9 23 17 19 28 25 -5 22 -10 -16 -21 27 -1 -17 -18 -30
right_child=2 3 11 5 -6 13 -8 14 21 -11 -12 -13 -14 -15 15 16 18 -19 -20 24 -22 -23 -24 -25 -26 -27 -28 -29 29 -31
leaf_value=-0.017767601576118858 0.009361252157500442 0.00013143358071060645 0.019052565363864786 -0.011397359252649624 -0.00052468171525522488 -0.025726061692911601 0.00050464209797274106 -0.0047287610158150877 0.024320485248228395 0.00098942187705817141 -0.010805525013584156 0.0093147487187060507 0.0050463649673403912 -0.0055040441368758436 0.015214109053875786 0.0036407771289131124 0.0067076842340417784 -0.011180374647282597 0.0030816089463079743 0.010367645677074967 -0.0024244928010689524 -0.0049251816851870371 -0.011175628530470674 -0.029852238387029613 -0.014619552213759022 0.0039959757807872705 -0.003572244306180106 -0.0060782417531885418 -0.043121931215310237 0.018161214365974863
leaf_weight=872.81886123865843 1523.4918653666973 1923.5320968478918 277.55612893402576 249.9437793046236 493.43425205349922 52.398704349994659 2618.2458307445049 267.77725075185299 15.300074577331541 2770.5029504299164 158.51443557441235 2173.1269062459469 1664.4201790988445 3136.4343466460705 229.67229609191418 266.58094204962254 1562.7253816127777 171.91831107437611 2648.7313883304596 412.04229213297367 5484.2557111829519 708.95592254400253 2072.5275700688362 9.3117588907480222 31.14243195950985 704.12790641188622 95.528904266655445 551.52903179824352 6.1375367492437354 200.2518564760685
leaf_count=6655 6270 7937 1320 1225 2362 255 10538 1086 60 11379 697 9681 6743 14043 911 1062 6250 720 10623 1654 23161 3782 12050 44 141 2798 611 2259 30 776
internal_value=-1.98226e-06 -0.00342595 0.0049374 -0.00162459 -0.00995613 -0.00273871 0.00373788 0.00472354 -0.0111913 -0.00157621 0.00185201 0.0104196 0.00241234 -0.00583807 0.00372249 0.00405608 0.00371354 0.00108636 0.00498382 0.00216139 -0.00281632 -0.00939639 -0.0109129 0.0134338 0.00860213 0.000283819 -0.0163708 -0.00290758 0.0078298 0.0163043
internal_weight=33352.9 19698.6 13654.4 15440 4258.57 11693.5 11203.7 8585.44 3765.13 8504.7 3746.47 2450.68 3587.95 3188.83 7061.95 6794.17 6555.19 2137.34 4417.85 1965.42 5734.2 2796.78 2087.83 238.984 443.185 1522.24 968.348 818.11 1769.11 206.389
internal_count=147123 90960 56163 65440 25520 50063 45162 34624 23158 35765 15377 11001 14680 14298 28354 27268 26313 8634 17679 7914 24386 15892 12110 955 1795 6119 7266 3321 7056 806
is_linear=0
shrinkage=0.03


Tree=55
num_leaves=31
num_cat=0
split_feature=14 13 14 17 3 11 13 3 7 16 14 13 12 18 12 10 2 6 11 8 11 2 6 3 10 13 13 7 9 16
split_gain=598.341 251.057 127.196 67.0061 46.4128 44.9081 37.826 33.0519 32.0197 31.7157 31.1909 28.553 22.5682 21.5378 21.2492 20.99 20.4031 22.607 25.1503 19.5501 17.7545 18.9704 17.5336 16.0844 17.4579 19.8175 26.0715 16.0617 16.8191 15.4746
threshold=0.0014302892020062207 0.00068360336293240252 0.003538931165861839 0.56149132917992739 0.0024504134857535891 0.00085018158918218534 0.00046750788417634085 -0.0034122223434441263 107021.91400000002 -0.026491984173484747 0.0071272240979873324 0.0011896274857812184 0.0019474968567810053 0.062836163102365034 0.0013663207041703996 108450.49075000001 9.5154979765421657e-05 -0.0032388526139498493 0.00051646887885990029 57902.651000000013 0.00059036345476579783 0.001689711210673406 -0.021928368674437645 -0.0023097741705397352 58678.127000000008 0.0011235763751777179 0.00082744712694049678 97185.58100000002 98220.190750000009 0.34901584310982375
decision_type=2 2 2 2 2 2 2 2 2 2 2 2 2 2 2 2 2 2 2 2 2 2 2 2 2 2 2 2 2 2
left_child=1 4 3 11 6 8 -1 -5 12 -9 22 -2 29 -10 16 -11 17 18 -15 -8 -21 -22 -4 -7 25 26 -25 -13 -29 -3
right_child=2 5 10 7 -6 23 19 9 13 15 -12 27 -14 14 -16 -17 -18 -19 -20 20 21 -23 -24 24 -26 -27 -28 28 -30 -31
leaf_value=-0.016043327839034827 0.0020256888505785896 -0.0012501124060841063 0.015126436903720458 0.0060529586429766977 0.0077457569925015336 0.0033663283659434947 0.021137898217447264 0.0024755774628932494 -0.011065654839012486 -0.00084005677513533737 0.018011074064218816 0.0075502554208299695 -0.062249474751415831 -0.021168983925378561 0.024885205600530366 -0.0067946007680182068 -0.0094120209692285985 -0.0047698800393793902 0.012474280297312271 -0.011337770054083174 -0.0075202454249366476 0.0094842878569088226 0.007645988180152271 -0.044523861309060261 -0.0012152994395074569 0.00041748411210956591 0.018356055768918886 -0.0063317802726652571 0.0047602864114257241 -0.0060824474740550361
leaf_weight=974.50442780554295 2055.5950787514448 3215.4898267537355 322.21128156781197 898.87915633618832 123.71184153854847 965.12148462235928 18.783949673175812 2415.0234427005053 718.40685795247555 2625.3053472787142 357.37711071968079 3046.2083411514759 5.5349137634038916 22.998345509171486 21.598720774054527 668.90817320346832 535.83278392255306 499.43037624657154 146.90191487967968 1809.1786077767611 1177.7446446716785 61.92572894692421 2323.8596523106098 6.1259869635105124 5631.5491736233234 232.49229796230793 119.23114812374115 134.26391910016537 1434.698327422142 732.98522251844406
leaf_count=7354 8319 13970 1497 3637 574 3836 74 9738 3464 10702 1737 12342 27 117 80 2823 2531 2326 624 10904 6129 285 10083 30 23032 925 445 561 5725 3232
internal_value=-1.9616e-06 -0.00393524 0.00410921 0.00284781 -0.0103355 -0.00186062 -0.0108898 0.000706117 -0.00378597 -0.000135271 0.00968486 0.0049689 -0.00223453 -0.00693781 -0.00451734 -0.00205024 -0.0050488 -0.00155046 0.00789278 -0.00925127 -0.00944017 -0.0066677 0.00855855 -0.000226977 -0.000806544 0.00561629 0.0152263 0.00627909 0.00380883 -0.00214807
internal_weight=33301.9 17019.5 16282.3 13278.9 4165.85 12853.7 4042.14 6608.12 5899.18 5709.24 3003.45 6670.77 3954.01 1945.17 1226.76 3294.21 1205.16 669.331 169.9 3067.63 3048.85 1239.67 2646.07 6954.52 5989.4 357.849 125.357 4615.17 1568.96 3948.48
internal_count=147123 79959 67164 53847 25320 54639 24746 26900 26371 23263 13317 26947 17229 9142 5678 13525 5598 3067 741 17392 17318 6414 11580 28268 24432 1400 475 18628 6286 17202
is_linear=0
shrinkage=0.03


Tree=56
num_leaves=31
num_cat=0
split_feature=14 12 14 17 11 5 12 10 11 10 14 9 14 7 16 1 1 5 10 10 9 4 8 4 4 17 12 1 6 10
split_gain=563.928 219.599 121.432 59.9409 53.6552 39.9611 30.0967 29.4201 23.1083 23.0495 22.8646 22.172 22.9986 21.6413 20.7599 29.3876 20.5981 20.2288 21.4896 18.7267 24.2476 23.9778 18.9369 18.7217 18.5184 18.1487 18.6856 17.8887 17.6385 17.5965
threshold=0.0014302892020062207 0.00058467844625117321 0.0029025973312238338 0.46200276710843952 0.00085018158918218534 -0.01804197168760829 0.00035099082054606607 95042.471916666676 0.0013613385305410698 62072.667916666673 0.00050267133105523552 103896.35600000001 0.0065256621876576904 57230.586000000003 0.58187627582197998 -0.00089570507033137614 -0.00054026499141834872 0.0017807020947732124 117436.32783333334 66941.468333333338 61866.758750000015 -0.0021809133015123767 67096.368000000002 8.3113616616392618e-05 -0.002581918302371033 0.43947949025257083 0.0013407704041435301 -0.0054907692438028169 -0.00038827918799655409 58678.127000000008
decision_type=2 2 2 2 2 2 2 2 2 2 2 2 2 2 2 2 2 2 2 2 2 2 2 2 2 2 2 2 2 2
left_child=1 6 3 8 7 -4 17 19 -2 23 -9 12 27 -5 15 28 -6 -1 -19 20 -3 -22 -21 -8 -11 26 -12 -7 -15 -18
right_child=2 4 5 13 16 11 9 10 -10 24 25 -13 -14 14 -16 -17 29 18 -20 22 21 -23 -24 -25 -26 -27 -28 -29 -30 -31
leaf_value=-0.020549498840831258 0.0029251522804005321 -0.00027199186435243237 0.017148412183770459 0.011241843924779234 0.0019227775825839115 0.017771545578273092 -0.0084883491168197406 -0.01073106428569362 0.0072052334497798151 0.00082684671568949172 -0.0025608220544862011 0.0026128353899371685 0.015829964275329483 0.0067482585565398923 -0.0035165142822060516 -0.00052501950070008778 0.0058472778157200684 -0.0053830303378874823 0.068366124545140905 0.023063282655821304 0.0052397283919954326 -0.011841581184602608 1.4275021590085059e-05 0.012391887583788053 -0.011085325535131745 -0.006506508452949018 0.021237437901590432 0.0069449183592500642 0.00093369906114682617 -0.0019611443516766107
leaf_weight=384.52857668697834 2368.0278133302927 572.54609470069408 394.17893109470606 166.04526899755001 2332.0048956125975 143.95694226026535 81.346218958497047 683.67584645748138 2187.1791960000992 122.91255716979504 1331.3772874027491 790.04636198282242 321.75182968378067 1016.8280729502439 1086.0821518748999 3748.8384848535061 275.27690279483795 36.522115647792816 3.8360756412148467 32.695106819272041 87.772701293230057 460.85393969714642 1485.5160997211933 73.376670360565186 2430.3925159052014 2036.2746734917164 30.248862475156784 3161.4136490523815 874.84984670579433 4530.2294073402882
leaf_count=3181 9491 2432 1882 655 9419 643 463 3490 8838 685 6047 3302 1529 4045 4519 15233 1076 262 22 137 369 2129 6459 376 15151 9507 113 13488 3539 18641
internal_value=-1.96181e-06 -0.00382385 0.00399185 0.00231066 -0.00220196 0.0079912 -0.010997 -0.00412564 0.004981 -0.00982927 -0.00572203 0.00717298 0.00816533 0.00054541 0.000280761 0.00101251 -0.000390089 -0.0184287 0.00170438 -0.00165569 -0.00459634 -0.00910288 0.000514104 0.00139625 -0.0105107 -0.00471302 -0.00202841 0.00741788 0.00406096 -0.00151311
internal_weight=33250.6 16991.4 16259.2 11447.9 13858.5 4811.35 3132.91 6720.96 4555.21 2708.03 4081.58 4417.17 3627.12 6892.64 6726.6 5640.52 7137.51 424.887 40.3582 2639.38 1121.17 548.627 1518.21 154.723 2553.31 3397.9 1361.63 3305.37 1891.68 4805.51
internal_count=147123 79959 67164 46320 59819 20844 20140 30683 18329 16675 19157 18962 15660 27991 27336 22817 29136 3465 284 11526 4930 2498 6596 839 15836 15667 6160 14131 7584 19717
is_linear=0
shrinkage=0.03


Tree=57
num_leaves=31
num_cat=0
split_feature=14 14 14 17 14 16 6 3 16 5 14 10 9 1 10 16 6 1 19 7 7 9 4 17 16 3 0 17 5 7
split_gain=531.573 156.02 112.532 73.1856 38.432 37.9555 34.7156 32.5871 28.6686 28.3537 25.997 23.7059 23.9294 23.646 23.0221 22.8309 19.6231 19.3037 19.3004 18.5844 17.5524 16.6241 16.393 16.241 15.2261 14.8606 14.797 14.7337 22.7215 14.4073
threshold=0.0011648694576291984 0.0029025973312238338 0.00059897475438309836 0.47344104305673668 0.0071272240979873324 0.34901584310982375 0.0029819024105272045 -0.0034122223434441263 0.057498607851014245 -0.0041620863043311243 0.0019075065047586173 68205.101166666675 67400.842000000019 0.0002746629009363622 107845.44166666667 0.47707063079395734 0.012564984238755518 -0.0049201908905001082 0.21079016021993932 107808.59300000002 122462.70800000001 56920.073000000011 -0.0023704029666702926 0.74461675677950068 0.7406257264007069 0.0025606209503716841 0.00025395334603794956 0.57975500490239773 -0.004073980840228252 58469.245000000003
decision_type=2 2 2 2 2 2 2 2 2 2 2 2 2 2 2 2 2 2 2 2 2 2 2 2 2 2 2 2 2 2
left_child=2 3 6 10 15 16 9 13 21 -1 -2 12 29 -5 19 17 22 -3 26 -8 -16 -9 25 -19 -12 -4 -13 -7 -29 -11
right_child=1 4 5 7 -6 27 14 8 -10 11 24 18 -14 -15 20 -17 -18 23 -20 -21 -22 -23 -24 -25 -26 -27 -28 28 -30 -31
leaf_value=0.0014761317419055781 0.0025426848380160167 0.016292575502542362 0.0013179039767638465 0.006938012933999713 0.017341313241244244 -0.0045754338412782704 -0.00092923852643945148 0.013974119613366602 -0.002701555468711809 0.008957001143462949 0.0072504826531742802 -0.016273480182745232 0.014528499515434027 -0.0077634403351642721 -0.011022382646177704 0.0032451467494805744 0.0064302384703485722 0.0089346889277919193 -0.0090480129949943051 0.034209182747485016 0.028067356931532114 0.0006242755874738019 -0.0028908940726129714 0.0040604135348380199 -0.0010018834063510128 -0.029626092428736431 -0.0092211183956658581 0.0089462551847670924 -0.012009553391407453 -0.0091482565530924091
leaf_weight=169.35843165963888 4000.9485389739275 249.17325857281685 1182.5478607714176 812.85590972006321 350.91459949314594 896.40980467945337 556.52977830916643 85.606137007474899 3755.3965797126293 43.678491577506065 2184.4687979370356 1096.7705905288458 49.934458963572979 111.7642597258091 340.88468305766582 1089.9409150332212 241.59639991819859 2255.1014865040779 960.74662416428328 13.783989071846007 10.527316853404043 4174.0844285488129 6051.8488195762038 850.02047385275364 220.91757208108902 14.028677076101301 357.95763959735632 50.071245357394218 625.85286980122328 397.7062694132328
leaf_count=770 16171 1137 5004 3235 1737 4316 2636 333 15633 177 8813 6990 255 474 1812 4558 953 9750 5541 58 47 16964 27303 3662 909 62 2130 214 3275 2204
internal_value=-1.92141e-06 0.00305471 -0.00471601 0.0015785 0.00777833 -0.00286587 -0.00890897 -0.000174984 -0.000790521 -0.0104398 0.00402582 -0.0111351 -0.00511617 0.00515707 -0.00379623 0.0070222 -0.00197571 0.00824848 -0.0123579 -6.88657e-05 -0.00983518 0.000893591 -0.00225639 0.00760151 0.0064913 0.000950164 -0.014541 -0.00710395 -0.0104517 -0.00734818
internal_weight=33201.4 20141.2 13060.2 15346 4795.15 9062.36 3997.88 8939.71 8015.09 3076.15 6406.33 2906.79 491.319 924.62 921.726 4444.24 7490.02 3354.3 2415.47 570.314 351.412 4259.69 7248.43 3105.12 2405.39 1196.58 1454.73 1572.33 675.924 441.385
internal_count=147123 83376 63747 62532 20844 41127 22620 36639 32930 18067 25893 17297 2636 3709 4553 19107 33322 14549 14661 2694 1859 17297 32369 13412 9722 5066 9120 7805 3489 2381
is_linear=0
shrinkage=0.03


Tree=58
num_leaves=31
num_cat=0
split_feature=12 13 14 14 2 5 17 14 17 9 11 14 12 5 15 11 1 9 12 10 10 11 5 5 18 12 16 14 15 9
split_gain=509.223 215.176 88.9372 68.0162 43.0412 39.4248 37.0373 35.8351 31.6261 24.6972 24.4007 23.7364 22.4926 21.007 20.9823 20.7817 20.0401 19.3403 18.4397 19.4467 19.1456 19.6228 17.7972 17.304 15.7373 20.9677 18.4748 17.4554 16.6822 15.6281
threshold=0.0012109050773425724 0.0005933923349788618 0.0043061855351572186 0.00071428902181356376 -0.00099416725212747559 -0.0047294412655284881 0.43183768324413518 0.00059128301642820337 0.78896610683207591 93796.917000000016 0.0011643694582322663 0.0010905545007021884 0.0023257464258486234 -0.027506927825615698 1.0420721964053616 0.00044908741894445408 4.9610949317657756e-05 96969.522000000012 0.00040998856650436769 114793.04733333334 121860.64225000002 0.00036951200718399473 -0.0076378359845919444 0.0028325676401592674 0.087293177282425513 0.00052523537285343669 1.0317205404210994 0.0033001993330650206 0.1451367680051919 118677.33600000002
decision_type=2 2 2 2 2 2 2 2 2 2 2 2 2 2 2 2 2 2 2 2 2 2 2 2 2 2 2 2 2 2
left_child=1 7 4 9 12 16 11 18 10 -3 24 -6 22 -4 -9 -11 -5 -8 20 23 -1 -22 -2 -20 26 -26 28 -27 -7 -10
right_child=2 3 13 5 6 8 17 14 29 15 -12 -13 -14 -15 -16 -17 -18 -19 19 -21 21 -23 -24 -25 25 27 -28 -29 -30 -31
leaf_value=-0.018865192994871657 0.0094995251574021815 -0.0018185237849674422 0.025292997427347363 0.0056507583562785194 -0.0011321805991223954 -0.0047319743451924561 0.0020832708059369287 -0.0096769833947111198 -0.0036223569465364861 -0.015098535124577069 0.0033386873960241231 0.005780571043701558 0.01128958101412408 0.010146582555914318 -0.0011860887234904232 -0.006219565291749567 -0.0019738650185208767 -0.001905399286395945 -0.010551468676333355 -0.020303925020730126 0.060631775959456465 -0.035148529524484537 0.0040082718027380261 0.0059497418305727544 -0.014579064103980632 -0.00033285073085452717 -0.013051869992425955 0.013791451886180264 0.0013413902037838796 -0.013606543014489679
leaf_weight=582.92882595956326 667.70659385621548 1127.5103885680437 87.198905862867832 1157.3481664508581 530.36528097093105 1161.4172056615353 2830.014555349946 914.47275371849537 2798.5080029070377 266.77308036386967 1253.8263444900513 2821.0323882550001 636.63851951062679 1587.782661177218 368.28417963534594 2187.7049106806517 423.10485482215881 1782.9603006690741 624.79184773564339 173.56484161317348 5.3472133949398977 2.8541236817836761 2623.1651754677296 62.652358055114746 91.761382043361664 5367.17084223032 166.66762003302574 79.816455066204071 625.57623399794102 148.78494679927826
leaf_count=4733 2731 5081 447 4621 2128 5055 11564 5531 12011 1527 4943 11430 2763 7328 2062 10515 1732 7244 4109 1178 34 22 10528 311 502 22628 739 303 2644 679
internal_value=-1.86362e-06 -0.00309577 0.00446558 -0.00182908 0.00355355 -0.000838853 0.00228548 -0.0109013 -0.00144011 -0.00549768 -0.000534023 0.00468572 0.00612411 0.0109384 -0.00724184 -0.0071864 0.00360767 0.000540952 -0.0141311 -0.0113182 -0.0182205 0.0269163 0.00512359 -0.00904257 -0.00118254 -0.000365345 -0.00349768 -0.000125083 -0.00260423 -0.00412784
internal_weight=33157.7 19590.9 13566.9 16856 11891.9 13274 7964.37 2734.9 11693.5 3581.99 8746.24 3351.4 3927.51 1674.98 1282.76 2454.48 1580.45 4612.97 1452.14 861.009 591.13 8.20134 3290.87 687.444 7492.41 5538.75 1953.66 5446.99 1786.99 2947.29
internal_count=147123 90960 56163 72980 48388 55857 32366 17980 49504 17123 36814 13558 16022 7775 7593 12042 6353 18808 10387 5598 4789 56 13259 4420 31871 23433 8438 22931 7699 12690
is_linear=0
shrinkage=0.03


Tree=59
num_leaves=31
num_cat=0
split_feature=11 13 13 11 4 4 4 3 10 18 13 14 11 7 9 10 10 3 13 14 17 4 11 11 9 7 10 10 13 13
split_gain=480.536 200.624 87.4456 56.8489 39.3082 37.069 35.8032 32.3734 29.2881 25.9827 25.3016 24.4402 24.3491 23.3003 23.2043 20.8131 19.5333 19.51 19.2914 22.6366 18.7944 17.9738 20.3155 22.6062 19.3494 33.123 17.1906 16.8492 21.8183 17.4133
threshold=0.0011500674018399438 0.0005933923349788618 0.0021010940198595953 0.00062641462759064812 0.001444435966828417 -0.0033251803093476968 -0.016106474923258892 -0.0020790988050447541 61047.613000000005 0.11025893759569133 0.00036191475584248161 0.001140008047333463 0.0005105047125374423 97185.58100000002 121841.39675000003 114486.46500000001 57485.618166666674 -0.0063538294918633045 0.00068360336293240252 0.00027887907863630791 0.72277164214181977 -0.002858322249051914 0.00079365123107297058 0.00084057438998835071 115023.76475000002 110442.00900000001 108450.49075000001 60624.247083333343 0.00081800486217136414 0.0012742890151489143
decision_type=2 2 2 2 2 2 2 2 2 2 2 2 2 2 2 2 2 2 2 2 2 2 2 2 2 2 2 2 2 2
left_child=1 4 7 8 10 17 -4 16 27 -7 12 -9 -1 -8 20 -6 -2 -5 -10 -20 -13 -12 24 -24 25 26 -23 29 -29 -3
right_child=2 3 6 5 15 9 13 11 18 -11 21 14 -14 -15 -16 -17 -18 -19 19 -21 -22 22 23 -25 -26 -27 -28 28 -30 -31
leaf_value=-0.021324284107386435 0.019672553927686701 -0.0022577223159957029 0.02199558972676225 0.022887478724144594 0.00043528803184681125 -0.0032414348692516824 0.0091416159060928384 -0.0020640119310961148 -0.010192458329669359 -0.00037527114474931729 0.00082215968677152771 0.0038300178510145 0.040669261864700636 0.003394100281675225 -0.01947383878872503 -0.015282815915355623 0.00512118671186462 0.0027517235605469797 -0.019845851476212543 -0.004097815898437507 0.00031052095037631741 -0.011212608474909029 0.027152567871208837 -0.014478967567119543 -0.01852428977816711 -0.00010475187280411507 -0.021736186490572428 0.0426644295468913 0.0013300791606845011 0.027547939882466836
leaf_weight=309.49664258211851 85.630334287881851 181.53028163313866 164.78099865466356 44.516926407814026 374.62425929307938 4880.5346688479185 2468.1946118995547 1219.4533514976501 834.25129999220371 6836.9800142496824 108.73657152056694 4330.2177481800318 5.6873630583286277 857.34841605275869 42.555447682738304 94.851314641535282 2815.5346807986498 1538.3403374254704 85.811850845813751 1942.3760695159435 1997.363328948617 1036.7848467379808 25.076513901352882 21.811770170927048 352.77511573582888 225.83741510659456 162.46543078869581 21.586583465337753 24.79685190320015 19.433701440691948
leaf_count=2692 338 810 843 171 2046 20921 10986 4911 4704 28679 570 17321 34 3704 182 578 11542 6177 460 9060 8073 6819 117 114 2478 1423 1109 87 104 70
internal_value=-1.88241e-06 -0.00309184 0.00422544 -0.00184117 -0.010641 -0.000987069 0.00833914 0.00285644 -0.00549299 -0.00156935 -0.0122898 0.00182545 -0.0201836 0.00766091 0.00257051 -0.00273654 0.00555238 0.00332134 -0.00634926 -0.00476653 0.00271955 -0.0110005 -0.0117066 0.00773272 -0.0122214 -0.0106578 -0.0126425 0.00440256 0.0206818 0.000621904
internal_weight=33109.4 19128.3 13981.1 16410.2 2718.15 13300.4 3490.32 10490.8 3109.79 11717.5 2248.67 7589.59 315.184 3325.54 6370.14 469.476 2901.17 1582.86 2862.44 2028.19 6327.58 1933.49 1824.75 46.8883 1777.86 1425.09 1199.25 247.347 46.3834 200.964
internal_count=147123 89223 57900 71243 17980 55948 15533 42367 15295 49600 15356 30487 2726 14690 25576 2624 11880 6348 14224 9520 25394 12630 12060 231 11829 9351 7928 1071 191 880
is_linear=0
shrinkage=0.03


Tree=60
num_leaves=31
num_cat=0
split_feature=13 13 3 13 7 13 13 4 5 12 10 15 7 12 6 12 6 5 7 6 2 10 10 10 10 5 6 1 6 3
split_gain=456.831 160.161 113.995 59.1589 48.3055 43.227 42.7893 37.5675 32.7559 33.3435 30.0191 28.186 26.0914 29.5991 25.196 25.1365 21.1152 19.948 26.2077 25.3558 22.6454 20.3539 19.7529 19.1637 19.1264 18.7625 18.3576 18.2284 18.8637 18.094
threshold=0.0010828228517179067 0.0005933923349788618 -0.0032443558762916265 0.0020759752769399244 104930.39500000003 0.0007995907064001674 0.0024855242857915009 0.001444435966828417 -0.0018407867813128307 0.0012246313557469693 105114.8305 -0.18485044349532556 96866.508000000016 0.0020132270070750261 0.0035955970378416251 0.00033778839910711861 0.0058128707866480509 -0.0047294412655284881 97894.197 0.0018915822821506947 0.00020134059554777209 104995.5635 114486.46500000001 56187.057583333335 58049.635666666676 -0.0035796117434476744 -0.0031575024859896157 -0.00013494547796782938 -0.0022746077968474605 -0.0025176897398207494
decision_type=2 2 2 2 2 2 2 2 2 2 2 2 2 2 2 2 2 2 2 2 2 2 2 2 2 2 2 2 2 2
left_child=1 7 6 8 5 14 25 15 23 -10 17 27 -5 -14 24 -1 29 18 -7 20 -19 -20 -9 -4 -3 -2 -17 28 -6 -13
right_child=2 4 3 12 11 10 -8 22 9 -11 -12 16 13 -15 -16 26 -18 19 21 -21 -22 -23 -24 -25 -26 -27 -28 -29 -30 -31
leaf_value=-0.019967514968320665 0.0090992724990986637 0.015883631506603078 0.031583577331052388 0.0079329837900799956 0.0016620101276612542 0.0025388865644532209 0.016310545692771777 0.00042215576701918277 -0.0021635105318213725 0.0017701299926080416 0.043395663631492228 0.0027665379599856269 -0.0069563628479161312 0.0054387248461785871 0.0015087145840199431 -0.0042420414962952768 0.0043891308749574257 0.00024455168259779651 0.021249981029404359 0.0022610222841580943 -0.005543753630995356 -0.028699724133662691 -0.014934345845316806 0.0035066788864418041 -0.0059883249222269768 0.0036624179830584652 -0.012057116819310503 -0.0090483425694166605 -0.0065947487601834632 -0.0048298509631847786
leaf_weight=308.67922630906105 1467.3285326361656 36.47149133682251 21.944043457508087 2029.2135394886136 362.80281057953835 498.78502503037453 542.64686753600836 374.69166984409094 3173.8949740380049 4985.1748131364584 14.658934041857718 341.39678786695004 252.55957590043545 551.95062743127346 574.12430317699909 327.39783404767513 361.23375308513641 1447.8598531782627 114.41854411363602 2148.6631425619125 1047.7796970456839 7.7104997783899298 94.165442600846291 3563.5527453422546 2014.7903197407722 939.56626319885254 1596.5951820239425 1458.6055307239294 790.19812108576298 1613.915057554841
leaf_count=2709 6211 148 80 8916 1632 1997 2597 2046 12982 20039 50 1390 1047 2383 2534 1983 1526 6010 429 8797 4434 34 578 14249 9639 3871 10664 6982 3739 7427
internal_value=-1.89819e-06 -0.00374772 0.00331786 0.00222931 -0.00234979 -0.000896079 0.00869681 -0.010387 0.00129024 0.00023956 0.000667761 -0.00468103 0.00612013 0.00154343 -0.00404214 -0.0120085 -0.00226998 0.00054741 0.00559725 -0.000127182 -0.00218456 0.018051 -0.00265818 0.00368023 -0.00559722 0.0069784 -0.0107291 -0.00681835 -0.00399416 -0.00350192
internal_weight=33062.8 15534.9 17527.8 14578.3 12833.4 7905.26 2949.54 2701.53 11744.6 8159.07 5279.88 4928.15 2833.72 804.51 2625.39 2232.67 2316.55 5265.22 620.914 4644.3 2495.64 122.129 468.857 3585.5 2051.26 2406.89 1923.99 2611.61 1153 1955.31
internal_count=147123 74748 72375 59696 56768 34072 12679 17980 47350 33021 21751 22696 12346 3430 12321 15356 10343 21701 2460 19241 10444 463 2624 14329 9787 10082 12647 12353 5371 8817
is_linear=0
shrinkage=0.03


Tree=61
num_leaves=31
num_cat=0
split_feature=14 12 14 17 14 6 12 6 2 17 10 12 10 3 5 10 12 12 3 4 10 5 6 6 4 9 5 12 19 1
split_gain=434.304 173.076 97.3225 53.1696 40.5589 27.549 26.0615 25.2432 25.1261 22.8511 22.5133 21.0431 21.0366 27.6356 19.6893 20.1577 18.8816 17.7787 17.3371 17.981 16.7654 16.2213 15.6249 16.3452 15.7979 15.4589 17.4508 16.7121 15.1841 14.9958
threshold=0.0014302892020062207 0.00058467844625117321 0.003538931165861839 0.62248454869151482 0.00068955430706514771 -0.021928368674437645 0.00035099082054606607 -0.0067415939450108367 -0.0030960727285764262 0.44320020867257964 94412.69666666667 0.0020132270070750261 62072.667916666673 -0.0001745544894760642 0.0017807020947732124 117436.32783333334 0.00098087906625093902 0.0013246642701047393 0.0024504134857535891 -0.002581918302371033 121860.64225000002 -0.0006939227347224074 -0.010280266321802343 0.0072215064058328568 -0.0015166627037968004 93796.917000000016 -0.0062832140103896697 0.00081255715391342703 0.52611466689260611 -0.00044164882421687807
decision_type=2 2 2 2 2 2 2 2 2 2 2 2 2 2 2 2 2 2 2 2 2 2 2 2 2 2 2 2 2 2
left_child=1 6 3 7 10 -4 14 -2 -5 29 -3 25 13 -8 -1 -16 20 -10 19 21 -11 -14 -12 -24 -25 27 -27 -9 -15 -6
right_child=2 4 5 8 9 -7 12 11 17 16 22 -13 18 28 15 -17 -18 -19 -20 -21 -22 -23 23 24 -26 26 -28 -29 -30 -31
leaf_value=-0.019135831858193328 0.0071535582131187049 -0.0014468706100873015 0.015751611781265631 0.0063128805387838239 0.002916713487424661 0.0072939918533287216 -0.012912332036159865 -0.0045068226541090167 -0.001969280260062968 -0.0035070398543582326 0.012128981679225402 0.0071025209315418777 -0.0012445261838087153 0.0080897141347208937 -0.0039370305529020915 0.067339526416179907 -0.00037934442016694317 0.0016177477340711646 0.0081833292405025706 -0.010360160123465474 -0.020898927034972061 0.045563216020963762 -0.0079335237349169811 -0.028030969916035261 0.0035943102705474788 0.0097712365307924855 -9.9347633932964807e-05 0.0047623125386320152 0.045411370672840977 -0.00068960798113070138
leaf_weight=363.44141524285078 1806.7075837552547 1121.6006729006767 402.53763856738806 548.03685277700424 1577.4768708646297 2533.6507900059223 64.338504701852798 190.13148973882198 2930.7163575291634 3272.5353274792433 38.682458862662315 976.64622035622597 114.74414049088955 77.542918935418129 35.329199202358723 3.8668481037020674 2656.0430755913258 2159.4298729449511 49.127376459538937 2322.9971710443497 50.638337761163712 6.9693734496831885 1870.989717617631 15.307796642184256 182.56488862633705 173.3620679974556 2273.5658207535744 2155.0168326199055 11.218137517571448 3030.2532256990671
leaf_count=3181 7374 4955 1990 2229 6467 11327 379 808 12016 14608 156 4111 649 408 262 22 10709 8798 242 14909 246 36 9110 71 793 682 9257 8572 52 12704
internal_value=-1.85842e-06 -0.00336893 0.00351427 0.00241611 -0.00194083 0.00845501 -0.00983765 0.00405787 0.000209691 -0.00104275 -0.00488419 0.0030877 -0.00875303 0.0020237 -0.0169565 0.00317182 -0.00226635 -0.000446938 -0.00941589 -0.0097711 -0.00377358 0.00144628 -0.00671189 -0.00706619 0.00111964 0.00226871 0.000599117 0.00400938 0.0128862 0.000544418
internal_weight=33015.5 16865.7 16149.8 13213.6 13816.1 2936.19 3049.58 7575.43 5638.18 10586.9 3229.15 5768.72 2646.94 153.1 402.637 39.196 5979.22 5090.15 2493.84 2444.71 3323.17 121.714 2107.54 2068.86 197.873 4792.08 2446.93 2345.15 88.7611 4607.73
internal_count=147123 79959 67164 53847 59819 13317 20140 30804 23043 44734 15085 23430 16675 839 3465 284 25563 20814 15836 15594 14854 685 10130 9974 864 19319 9939 9380 460 19171
is_linear=0
shrinkage=0.03


Tree=62
num_leaves=31
num_cat=0
split_feature=14 13 13 11 3 14 17 3 4 17 13 7 17 7 7 7 14 4 8 1 16 4 7 7 3 3 8 6 1 6
split_gain=409.579 203.766 76.555 39.6392 37.9538 33.0136 29.4711 29.3412 27.6696 24.7582 22.3024 19.5461 18.3978 18.3028 17.502 21.7843 22.843 16.9047 16.171 16.0848 18.3975 15.8743 15.7018 17.6794 14.867 14.6219 14.3123 15.4883 18.0474 17.9725
threshold=0.0016199712649396169 0.00072682591663209917 0.0022636220951974596 0.00048079728438620955 -0.0067560172787827213 0.00076942216941663498 0.43183768324413518 0.0022607325875144695 -0.016106474923258892 0.55804805604485674 0.00034444809460778414 58469.245000000003 0.67550335205336487 105026.98400000001 67806.302000000011 101299.22700000001 0.0011484853701847545 -0.0023209877383584261 116702.49200000003 -0.00085941904304487327 0.14636356866127989 -0.0040882002967403954 101299.22700000001 100523.28500000002 0.0086474296063244766 -0.0031666407548624482 57902.651000000013 0.0012552691528301409 0.00010962788001556147 -0.0031575024859896157
decision_type=2 2 2 2 2 2 2 2 2 2 2 2 2 2 2 2 2 2 2 2 2 2 2 2 2 2 2 2 2 2
left_child=1 3 4 7 -2 -3 21 10 -4 17 -1 -11 26 24 -12 -16 -17 -7 25 -13 -21 -6 23 -19 -8 -10 -5 28 29 -28
right_child=2 5 8 12 6 9 13 -9 18 11 14 19 -14 -15 15 16 -18 22 -20 20 -22 -23 -24 -25 -26 -27 27 -29 -30 -31
leaf_value=-0.020323313652718552 0.01072382461483669 -0.0035976745214480427 0.021448521617923121 0.022723112621429863 0.0088370194945598737 0.0040824435557984531 0.0020125946047221672 0.024810662411793659 0.012228444130294136 0.006886333255364697 -0.0023757900760856816 0.00070182356352168067 -0.0086889795020208844 -0.0012657941537615035 -0.017932813614576333 -0.010452479600023233 0.011750515140340152 0.001317913244117154 -0.019373455085486914 -0.0019206434627307787 -0.0068882719393108397 0.0037596131988149204 -0.0019693532145136257 0.021672055968311968 0.011926812998956206 0.0067627867181131495 0.0031763139165698522 -0.00070867217779372715 -0.011006056528768772 -0.0068964197992615875
leaf_weight=248.18562432378531 530.55719351768494 3346.0636595338583 143.9209975451231 17.634581938385963 698.48402146995068 1321.7876283824444 5356.1432591080666 19.60273739695549 587.65707927197218 222.15846435725689 202.54772534966469 1236.5854983776808 1341.3176569640636 1737.7767823934555 381.56338384747505 922.98983212560415 43.470386296510696 2931.2496777921915 19.261119231581688 2421.9971573799849 929.58177021145821 2709.4534691423178 1792.6220745891333 38.840496748685837 139.72930230200291 1788.2006993144751 244.53492103517056 674.35782934725285 465.59181793779135 456.05272181332111
leaf_count=2255 2352 14890 764 69 2841 5271 21792 95 2759 869 1296 5082 7302 7128 2660 6423 227 11874 90 10080 3994 10959 7547 146 586 8050 1242 3414 2547 2519
internal_value=-1.84506e-06 -0.00282327 0.0039609 -0.00802185 0.00289179 -0.000991266 0.00250093 -0.0115606 0.00866364 -0.000190473 -0.01196 -0.00179909 -0.00600944 0.00141667 -0.0106182 -0.0118542 -0.0094496 0.0010808 0.00789329 -0.00222044 -0.00329951 0.00480138 0.000247056 0.00158582 0.00226542 0.00811641 -0.00407325 -0.00433284 -0.00642574 -0.00337637
internal_weight=32969.9 19258.7 13711.2 5017.85 11172.1 14240.9 10641.6 1818.36 2539.04 10894.8 1798.76 4810.32 3199.49 7233.65 1550.57 1348.02 966.46 6084.5 2395.12 4588.16 3351.58 3407.94 4762.71 2970.09 5495.87 2375.86 1858.17 1840.54 1166.18 700.588
internal_count=147123 89802 57321 30049 45658 59753 43306 12956 11663 44863 12861 20025 17093 29506 10606 9310 6650 24838 10899 19156 14074 13800 19567 12020 22378 10809 9791 9722 6308 3761
is_linear=0
shrinkage=0.03


Tree=63
num_leaves=31
num_cat=0
split_feature=13 13 14 7 5 13 5 4 10 11 15 10 2 3 14 6 3 16 6 15 13 11 10 10 5 7 6 11 2 10
split_gain=388.516 138.78 101.268 43.3441 39.2399 37.6837 35.3893 34.9358 28.2063 26.8741 25.5024 24.7173 25.4968 23.7581 23.4118 23.2594 21.5149 20.1486 19.7232 19.12 18.7547 18.0331 23.1578 21.7824 17.8211 24.7774 23.878 21.0637 21.8013 19.1721
threshold=0.0010828228517179067 0.0005933923349788618 0.00249334913266715 104930.39500000003 -0.01804197168760829 0.0007995907064001674 -0.0030672418912272566 0.001444435966828417 105114.8305 0.0013898493041408896 -0.18485044349532556 108904.55066666669 -0.0060567587733855168 0.0015192511238023567 0.00089941148685645004 0.0035955970378416251 -0.0021693761250210493 0.50196168741822433 0.0058128707866480509 0.11911137638342219 0.0036869461035313623 0.00079365123107297058 116469.22350000001 94292.886833333338 -0.0047294412655284881 97894.197 0.0018915822821506947 0.00042830241253522878 0.00020134059554777209 104995.5635
decision_type=2 2 2 2 2 2 2 2 2 2 2 2 2 2 2 2 2 2 2 2 2 2 2 2 2 2 2 2 2 2
left_child=1 7 6 5 16 15 13 14 24 -8 -5 12 -6 17 21 -3 -4 -2 -12 -9 -14 -1 23 -23 25 -7 27 -26 -29 -27
right_child=2 3 4 10 11 8 9 19 -10 -11 18 -13 20 -15 -16 -17 -18 -19 -20 -21 -22 22 -24 -25 26 29 -28 28 -30 -31
leaf_value=-0.013285041401427727 0.0062870685874857916 -0.005236309646799363 0.019344569493871363 -0.0064215144686342483 0.014772398712907293 0.0023513486067046514 -0.00073771169578512629 -0.0078950413613031109 0.042130989970087122 0.0027914511126310121 -0.0032814637676830344 -0.000938601312758242 0.00522863533847272 -0.0013866125155416445 -0.0052110710454670054 0.0015971920311641172 0.003825163788751505 -0.0033747433479063612 0.0043474806352040074 0.0042906395464174345 0.013459199795338835 0.039868781323396524 0.067233251224188398 -0.020281920485095823 -0.036693060760027596 0.020560726460255974 0.00222996494800229 0.00053065682263285388 -0.0051677032480789125 -0.027894225940777211
leaf_weight=1707.4350307434797 2295.6626420468092 2042.3998593986034 303.34223766624928 2600.318148240447 297.46735591441393 498.17066778242588 5664.3174447417259 249.26924632489681 14.625707074999807 2954.359051823616 1950.0781491547823 470.45524734258652 4337.6920388638973 554.75964830815792 454.02250036597252 573.5025876313448 110.15444088727236 211.72856809198856 361.14249074459076 216.0904196947813 264.87638421356678 7.6866697520017686 5.155161276459693 17.681643664836884 15.637834087014197 114.17700669169426 2147.8999340683222 1436.2121634632349 1042.0010118931532 7.7181194871664038
leaf_count=12626 9100 9787 1501 12353 1408 1997 22912 1482 50 11901 8817 1980 18619 2267 2572 2534 545 862 1526 1142 1280 35 23 100 78 429 8797 5956 4410 34
internal_value=-1.82192e-06 -0.00346541 0.00306425 -0.00217023 0.00631075 -0.000792788 0.00145638 -0.00970453 0.00066634 0.000471705 -0.00438297 0.005624 0.0062547 0.00422675 -0.0112897 -0.003737 0.0152194 0.00546991 -0.00208796 -0.00223045 0.00570324 -0.0128756 0.00989831 -0.00185332 0.000549716 0.00532623 -8.78065e-05 -0.00208527 -0.0018642 0.0174477
internal_weight=32926 15461.2 17464.8 12803.9 5783.99 7892.34 11680.8 2657.34 5276.44 8618.68 4911.54 5370.49 4900.04 3062.15 2191.98 2615.9 413.497 2507.39 2311.22 465.36 4602.57 1737.96 30.5235 25.3683 5261.82 620.066 4641.75 2493.85 2478.21 121.895
internal_count=147123 74748 72375 56768 25333 34072 47042 17980 21751 34813 22696 23287 21307 12229 15356 12321 2046 9962 10343 2624 19899 12784 158 135 21701 2460 19241 10444 10366 463
is_linear=0
shrinkage=0.03


Tree=64
num_leaves=31
num_cat=0
split_feature=14 13 13 2 2 7 13 6 13 17 13 17 14 4 8 6 7 10 12 4 4 7 4 7 4 12 1 6 10 0
split_gain=367.854 164.147 86.3778 51.1559 40.3285 29.8764 30.3783 28.7658 27.3655 27.1484 24.6556 22.4728 20.2556 19.7481 19.3871 19.3405 24.5626 21.3777 18.925 18.7628 17.4092 15.9689 15.2418 14.8097 14.803 14.4081 14.272 14.1823 18.6446 13.9887
threshold=0.0014302892020062207 0.00068360336293240252 0.0014207478014663585 -0.00479155865434333 0.0017220650875289236 104930.39500000003 0.0010472033750838709 0.0058128707866480509 0.0026241499810997679 0.5652348093236147 0.00046750788417634085 0.43183768324413518 0.0020563075502274208 -0.0053431986789395638 57902.651000000013 0.0018915822821506947 104703.63800000002 56937.886250000003 0.0010339543827128901 -0.00096748679468583443 -0.00032695708895197345 57496.54500000002 0.0035979478587681028 114011.84900000002 0.0081256902005626425 0.0016679066840290674 -0.0029250051435446562 -0.0091523013485483844 113578.69333333334 0.00023575201932646286
decision_type=2 2 2 2 2 2 2 2 2 2 2 2 2 2 2 2 2 2 2 2 2 2 2 2 2 2 2 2 2 2
left_child=1 4 9 -4 7 13 19 10 11 12 -1 22 25 -3 -12 17 -17 -15 -19 23 -9 -13 -5 -7 -21 29 -23 28 -16 -2
right_child=2 5 3 8 -6 6 -8 20 -10 -11 14 21 -14 15 27 16 -18 18 -20 24 -22 26 -24 -25 -26 -27 -28 -29 -30 -31
leaf_value=-0.013838610099947163 0.0033280435912914404 0.0084041915004581663 0.013241153785900725 0.0076367538219896712 0.0078146434438532645 0.0012910662503900073 -0.00024228532092472014 -0.028535055723812205 0.0085866072026699169 -0.00066058108017616002 0.023510312554155404 0.011594245730522767 0.0057044850079150328 0.011809745177347378 0.05807037695402438 0.00072184931545525035 0.022131991205219029 -0.0037900118920431939 0.00013762140671920304 -0.0074338051819231258 0.0069279769080666381 0.00778437826177666 0.0023754600911112733 -0.0064572282902510877 0.027866634371242666 -0.020270876663925894 0.0014673569885460779 -0.0084503466947425283 -0.019309325721557531 -0.0017982458625890256
leaf_weight=896.47811285406351 1219.3590622395277 222.44817726314068 678.72232555598021 1720.6334111765027 132.93541873991489 533.33490115404129 1630.3356954306364 13.558531299233435 1317.9572884961963 4251.5126080363989 17.19316603243351 164.85079625248909 1399.0348511636257 99.786105141043663 6.4625239521265012 3505.26354393363 48.812201365828514 2752.2578798830509 1841.3429071456194 1774.6921152770519 139.56400987505913 355.13448625802994 698.7842343300581 379.63654257357121 10.625163942575453 28.110805749893188 3465.4579959437251 2785.1489336490631 4.7467938512563705 788.20330736041069
leaf_count=7313 4889 867 3239 7065 634 2377 6693 78 6146 17383 67 687 5600 387 26 14505 189 12051 7370 8400 666 1505 2925 1761 39 122 14381 16511 25 3222
internal_value=-1.78092e-06 -0.00310743 0.00324013 0.00534276 -0.00841532 -0.00144986 -0.00347746 -0.00897477 0.00464806 0.000941387 -0.00950092 0.00383702 0.00292515 -0.000413248 -0.0081173 -0.000651532 0.00101736 -0.00191594 -0.002215 -0.00543099 0.00375168 0.0024511 0.00611857 -0.00192794 -0.00722049 0.00101337 0.00205551 -0.00831367 0.0251562 0.00131389
internal_weight=32882.4 16794.6 16087.8 8401.54 3996.09 12798.5 4328.62 3863.15 7722.82 7686.22 3710.03 6404.86 3434.71 8469.91 2813.55 8247.46 3554.08 4693.39 4593.6 2698.29 153.123 3985.44 2419.42 912.971 1785.32 2035.67 3820.59 2796.36 11.2093 2007.56
internal_count=147123 79959 67164 35948 25320 54639 19270 24686 32709 31216 23942 26563 13833 35369 16629 34502 14694 19808 19421 12577 744 16573 9990 4138 8439 8233 15886 16562 51 8111
is_linear=0
shrinkage=0.03


Tree=65
num_leaves=31
num_cat=0
split_feature=11 11 11 17 7 12 11 12 5 10 7 5 13 10 7 5 13 11 6 13 10 10 10 13 13 10 13 15 19 9
split_gain=346.837 110.76 94.821 38.353 35.3927 29.7753 28.0031 27.5957 25.8434 24.6526 27.0488 24.5421 35.4089 22.5929 22.1118 21.4879 19.1363 18.6559 18.355 18.2459 18.0503 17.8773 18.4807 30.2677 31.1275 17.5825 17.3469 16.9617 19.0806 16.9163
threshold=0.00085018158918218534 0.0019341183297206246 0.00045530295664389982 0.84713807516363382 104930.39500000003 0.0013407704041435301 0.0030182305929653207 0.00053156308776556031 -0.0093940202014445289 62072.667916666673 60431.304000000011 0.0011930767688892454 0.0010878863797642998 58049.635666666676 57735.488000000005 -0.0084289269578427511 0.0013352462185953421 0.0008648871427647686 -0.021928368674437645 0.00034444809460778414 121314.54758333335 105208.29350000001 68789.071250000023 0.0019095241820873421 0.0043846570948943347 105784.841 0.0012742890151489143 0.74384015348489751 0.36127788852703124 113562.83575000001
decision_type=2 2 2 2 2 2 2 2 2 2 2 2 2 2 2 2 2 2 2 2 2 2 2 2 2 2 2 2 2 2
left_child=2 4 9 7 5 15 14 -4 -9 10 13 12 25 -1 -3 16 -2 -13 -8 -11 -16 22 23 -7 -25 -6 -10 28 -21 -14
right_child=1 6 3 -5 11 21 18 8 26 19 -12 17 29 -15 20 -17 -18 -19 -20 27 -22 -23 -24 24 -26 -27 -28 -29 -30 -31
leaf_value=0.032641773793662586 0.013991677260576579 0.014835681506333163 -0.0080473487481567268 -0.0068207969096153098 -0.017286820406239935 -0.0011869379578189438 0.018307027444968885 0.024296008811985376 -0.0021209927824931397 -0.019128793895145053 0.029988745250422475 0.012594996045929526 0.001665868677802779 -0.012651218559521752 0.0047672147634105471 0.00045071739273451781 -0.006224255268416334 -0.0042685464254498635 0.0086825357527762128 -0.01389741892180635 -0.018955819740016464 -0.028748958687257187 0.0051107840845143835 0.0089387583189616347 -0.034013135215623762 -0.0020445923947807467 0.0032125009646238102 -0.0033527623731987944 -0.0054083753331065588 0.0086784678715838611
leaf_weight=11.688913956284521 189.83142326772213 200.22069975733757 639.8499866053462 1916.4413835480809 72.399491831660271 1244.6249470114708 229.27190966904163 34.556792661547661 6469.9902330487967 233.51250377297401 26.410303734242916 60.832219272851944 908.22601503133774 61.589492104947567 3103.6594456657767 7080.1470684111118 53.864521443843842 1829.4843688905239 818.36015266180038 888.62023248523474 28.991302937269211 15.088534250855444 3404.6495967060328 480.03107686340809 15.558260232210158 1147.7987593561411 599.19489455223083 275.56532152742147 327.65988643467426 470.795654758811
leaf_count=43 740 870 3985 9578 318 5074 1205 128 29686 2191 140 251 3640 396 13476 28546 227 7595 4006 6137 129 68 13737 1963 74 4833 2399 1743 2110 1835
internal_value=-1.73153e-06 0.00225927 -0.00420578 -0.00302045 0.00116141 0.00198302 0.00651238 -0.00207945 -0.00154139 -0.0104776 0.0040022 -0.00112252 0.000768099 -0.00535084 0.00516558 0.000752704 0.00951029 -0.00372364 0.0107932 -0.0113161 0.00454611 0.00372866 0.00382504 0.00130768 0.00757771 -0.00295278 -0.00166845 -0.0100901 -0.0116136 0.00406259
internal_weight=32838.9 21353.8 11485.1 9660.03 16973.3 12483.8 4380.5 7743.59 7103.74 1825.05 99.6887 4489.54 2599.22 73.2784 3332.87 7323.84 243.696 1890.32 1047.63 1725.36 3132.65 5159.95 5144.86 1740.21 495.589 1220.2 7069.19 1491.85 1216.28 1379.02
internal_count=147123 88587 58536 45776 68901 50429 19686 36198 32213 12760 579 18472 10626 439 14475 29513 967 7846 5211 12181 13605 20916 20848 7111 2037 5151 32085 9990 8247 5475
is_linear=0
shrinkage=0.03


Tree=66
num_leaves=31
num_cat=0
split_feature=14 13 13 3 17 6 5 5 3 6 7 14 14 7 17 7 10 10 10 6 11 12 10 10 3 5 13 9 13 10
split_gain=331.644 127.637 108.57 58.7683 33.578 29.9863 26.8808 26.064 27.5671 25.0132 22.2122 22.0188 21.9779 21.4394 20.7403 20.2449 28.119 26.3212 32.561 25.2985 24.6312 23.5006 20.9458 26.8228 22.4827 20.6092 20.2638 28.3593 19.8512 18.5948
threshold=0.0011567348833449547 0.00059932848766249003 0.0014115142971732446 -0.0032443558762916265 0.56149132917992739 0.0057040652270801137 -0.01804197168760829 -0.002554078034551543 0.0025606209503716841 0.0062985459917300765 58469.245000000003 0.0022977264447584566 0.003475768497969912 108258.80100000002 0.43183768324413518 115014.36400000002 111017.18300000003 116469.22350000001 116718.90125000001 -0.0050207853029002871 0.00036951200718399473 0.00033778839910711861 107845.44166666667 107317.80858333335 0.0025606209503716841 0.00088988515652854716 0.00041392730367743484 116488.03675000001 0.0005100923703181394 111592.23616666668
decision_type=2 2 2 2 2 2 2 2 2 2 2 2 2 2 2 2 2 2 2 2 2 2 2 2 2 2 2 2 2 2
left_child=1 5 4 6 11 15 -4 8 -3 10 -9 -2 14 -7 -5 16 20 19 26 -17 -1 29 23 24 -22 -24 -19 -28 -26 -18
right_child=2 7 3 12 -6 13 -8 9 -10 -11 -12 -13 -14 -15 -16 17 21 18 -20 -21 22 -23 25 -25 28 -27 27 -29 -30 -31
leaf_value=-0.01692104956581586 0.0011509637369686719 0.0012925927377712089 0.017663212706362234 0.0047523532999761784 -0.0012340075946591453 0.025952600182143671 0.0078336867666283037 0.0050472238944804411 -0.016385452581252721 0.00041508202311058256 -0.0042249901108936784 0.0062007874667661424 0.0066777399841778827 -0.0096332581349195152 0.0011213746911681842 0.044316468804310789 -0.0058008302850083935 0.063174427078664164 -0.014128711781389781 -0.027364446880869628 -0.0080292884485645422 -0.0019003537299069578 -0.023191392939106416 0.023120406506168898 0.063663637553997759 -0.00048486868598984371 0.058761919428875042 -0.012940930478015521 -0.002235551003919613 0.065439172359047573
leaf_weight=410.94493193179369 3965.9507227391005 2046.7820527553558 292.73656350374222 2446.0888940393925 5733.6075537726283 35.053592845797539 1759.4192190989852 240.78253607451916 82.480872854590416 1477.6896159350872 6496.2326081991196 967.19129565358162 1544.394231595099 26.665821582078934 3368.3225630372763 4.4333385080099097 5.1965418979525557 6.7726369425654402 292.03206917643547 167.83042029291391 931.90728312730789 226.91183383017778 142.69334430992603 26.479160845279694 7.3255353718996075 48.46048030257225 6.5351561903953579 19.5290492400527 9.0223905891180021 8.52302537858486
leaf_count=3448 16197 8792 1478 10002 23772 164 7759 968 353 6237 29979 3883 7115 141 13749 24 45 50 2175 1402 6128 1466 1028 154 31 305 37 134 45 62
internal_value=-1.70063e-06 -0.0037918 0.00239939 0.00474804 0.00032693 -0.0100618 0.00923811 -0.00235102 0.000605655 -0.00311776 -0.00389308 0.00214175 0.00349538 0.0105385 0.00264948 -0.0106129 -0.00914068 -0.0159861 -0.0109377 -0.0254776 -0.0105984 0.000399435 -0.00836596 -0.00657906 -0.0074139 -0.0174539 0.0173074 0.00507855 0.0273191 0.0383919
internal_weight=32798 12720.3 20077.7 9410.96 10666.7 2376.32 2052.16 10344 2129.26 8214.7 6737.02 4933.14 7358.81 61.7194 5814.41 2314.6 1817.46 497.133 324.869 172.264 1576.83 240.631 1165.89 974.734 948.255 191.154 32.8368 26.0642 16.3479 13.7196
internal_count=147123 63168 83955 40103 43852 16839 9237 46329 9145 37184 30947 20080 30866 305 23751 16534 12712 3822 2396 1426 11139 1573 7691 6358 6204 1333 221 171 76 107
is_linear=0
shrinkage=0.03


Tree=67
num_leaves=31
num_cat=0
split_feature=14 13 14 16 13 7 18 2 14 8 4 1 10 13 10 9 4 15 13 4 13 6 13 10 6 12 6 16 12 7
split_gain=314.654 157.279 63.8757 40.857 32.0526 28.5875 25.5083 24.6112 21.6243 20.5085 19.1033 18.8241 21.0256 23.9464 23.3941 38.1415 18.6927 17.9248 17.6045 16.6234 16.3568 16.1975 24.0273 16.1291 15.9942 15.7779 14.9374 14.7177 14.7469 14.3797
threshold=0.0016312044067007868 0.00072682591663209917 0.0045581045655294352 0.294479330193616 0.00046750788417634085 109396.04300000001 0.16131914577509507 -0.0015675745770026837 0.00045387626069317736 57902.651000000013 0.00076031757824190926 -0.00055422205463251373 58678.127000000008 0.0026885573085962404 66941.468333333338 67241.334000000017 -0.0038200323303755885 0.58337155467142654 0.0019095241820873421 -0.020197045047089853 0.00088765635312890525 0.0015107064738721923 0.00042703116657513549 68205.101166666675 0.00010733826685549454 0.00056127136274595796 0.0026320627068520124 -0.21066876191220432 0.0021664272905068701 118287.24900000001
decision_type=2 2 2 2 2 2 2 2 2 2 2 2 2 2 2 2 2 2 2 2 2 2 2 2 2 2 2 2 2 2
left_child=1 4 3 6 10 11 -2 -8 -7 26 16 20 13 -13 18 -16 -1 -11 -14 -4 25 23 29 -12 -19 -3 -6 28 -10 -23
right_child=2 5 19 -5 9 8 7 -9 27 17 21 12 14 -15 15 -17 -18 24 -20 -21 -22 22 -24 -25 -26 -27 -28 -29 -30 -31
leaf_value=0.058423393607668121 0.0022024541628192446 0.021267857009615549 0.022415799293276775 7.5502353691849974e-05 0.03460224241885345 -0.012738203339129424 0.0090086881654530652 0.004075628648217618 -0.00029085238589063837 -0.0071192213177493115 0.020282439447100384 0.0057163301896919379 -0.0056751511367678564 -0.05024653068962695 0.019205234364494759 -0.00085860420663820265 -0.015302410274291443 -0.0062083747667913709 0.0086246642068446965 0.0086800991900382821 0.0027434441833468284 0.010086155688456352 -0.013955495264889499 -0.016125353167719198 0.0022609260927674737 -0.0029961840723598098 -0.01102996304502126 -0.0042715123717983958 0.025713491849767255 0.077506745924323689
leaf_weight=2.9975722879171363 4067.1206777095795 24.804203748703003 84.525166608393192 3509.5233294516802 19.086754053831104 208.86153781414032 1277.4748877510428 3183.2909543067217 966.68522907793522 3203.6105960682034 11.921391822397707 496.12122772634029 1342.9355720132589 6.8693531453609458 86.457803204655647 5708.2271968275309 642.75479580461979 413.56938885897398 81.979096040129662 1353.9375329613686 2739.1629149466753 75.089611984789371 49.656790643930435 117.4206535667181 389.03432182967663 743.96655601263046 9.5448177158832532 1919.7464167177677 19.931447297334671 2.8811094760894767
leaf_count=15 16839 117 477 14467 71 1059 5340 13148 4157 18238 89 1957 5646 33 335 23940 5539 2261 321 6471 10994 538 334 934 2024 3241 42 8406 73 17
internal_value=-1.72204e-06 -0.00245968 0.00351526 0.00280087 -0.00707789 -0.000869919 0.00392208 0.0054892 -0.00341266 -0.00593287 -0.0121912 -0.000164298 -0.000992333 0.00493625 -0.00140586 -0.000558404 -0.0149465 -0.00611443 -0.00484979 0.00949081 0.00165771 -0.00525223 0.00230999 -0.0127334 -0.00209967 -0.00220674 0.0193001 -0.00274105 0.000233995 0.0127119
internal_weight=32759.2 19283.3 13475.9 12037.4 4937.57 14345.7 8527.89 4460.77 3115.22 4034.85 902.722 11230.5 7722.59 502.991 7219.6 5794.69 645.752 4006.21 1424.91 1438.46 3507.93 256.97 127.628 129.342 802.604 768.771 28.6316 2906.36 986.617 77.9707
internal_count=147123 90381 56742 49794 30102 60279 35327 18488 13695 22636 7466 46584 32232 1990 30242 24275 5554 22523 5967 6948 14352 1912 889 1023 4285 3358 113 12636 4230 555
is_linear=0
shrinkage=0.03


Tree=68
num_leaves=31
num_cat=0
split_feature=14 13 13 3 17 14 5 13 7 8 10 8 2 1 10 14 17 12 10 17 5 7 16 14 5 12 17 5 10 13
split_gain=298.007 118.363 98.7256 56.5241 32.1889 26.4065 24.8256 24.5023 24.481 26.3213 22.2322 21.9818 21.6455 20.8065 19.8721 18.3779 18.3905 17.3665 19.2573 17.2901 17.2372 16.9277 18.7841 19.9517 15.9228 15.9226 15.4401 14.9981 14.6964 14.6459
threshold=0.0010341568814612302 0.0014207478014663585 0.0005933923349788618 -0.0032443558762916265 0.72277164214181977 0.002075707759167017 0.0010587896553753142 0.0024855242857915009 115014.36400000002 114010.69150000002 58049.635666666676 57902.651000000013 0.00023088541954885414 -0.00029190982876553523 123484.74150000002 0.003475768497969912 0.43572077524528702 0.00057326207486005202 61807.948916666683 0.42781532897394431 -0.0034998867123363637 104930.39500000003 -0.40451698156479338 0.0017313141932975924 0.0026127550030821127 0.00033778839910711861 0.96352378238495351 0.008709858861644439 107845.44166666667 0.00039913891961255863
decision_type=2 2 2 2 2 2 2 2 2 2 2 2 2 2 2 2 2 2 2 2 2 2 2 2 2 2 2 2 2 2
left_child=2 4 6 7 5 10 11 -3 9 -8 27 -1 -12 20 15 16 -5 18 -15 -19 26 -6 -23 29 -22 -13 -4 -2 -7 -24
right_child=1 3 13 14 21 28 8 -9 -10 -11 12 25 -14 17 -16 -17 -18 19 -20 -21 24 22 23 -25 -26 -27 -28 -29 -30 -31
leaf_value=0.035083506675665843 0.010863336340722675 0.0070096683972279677 0.0026344828127121901 0.0045084355764915514 -0.0007001855159665712 0.0054129518970710199 -0.0029921443442660739 0.014591210196800181 -0.016192884625722131 0.03611554244782076 0.0014108575413342185 -0.019382493907742084 -0.0022262647784495175 0.012763421234723323 -0.041591351238996078 0.0062955851055478572 0.0011641112988179613 -0.0013108625982873631 -0.010978920327231188 -0.004899526186598625 -0.0031152792146042349 0.0083090350037808933 0.041117187142266587 -0.0014779748216824898 0.0022251531147191501 -0.010872369955926241 0.021194552927680868 -0.039908411327495757 -0.00074469595219784084 -0.0091872091030289916
leaf_weight=8.7766952961683256 211.50991334021091 1521.3531789705157 492.41606219112873 2603.2632984220982 2739.3047726526856 1617.0569041073322 476.48927652835846 514.82670662552118 133.79965884238482 15.902403548359869 3374.6187370494008 235.52805637568235 2612.414680570364 32.871150508522987 8.7563355118036252 1523.3775819689035 3436.8142610043287 2212.3890801072121 437.80424530804157 2669.9084921330214 1947.0882420167327 92.934055715799332 5.1270380765199652 590.90394774079323 676.48202097415924 1283.7138620093465 43.930440202355385 5.2495485246181479 443.70242826640606 753.29104712605476
leaf_count=32 813 6638 2092 10644 11331 6477 3092 2586 980 88 13992 2265 10936 153 41 7066 14022 9729 2600 12120 9032 382 30 2428 2891 9227 182 24 1816 3414
internal_value=-1.69076e-06 0.00198931 -0.0041184 0.00449063 5.80332e-05 0.00114348 -0.00985608 0.00892868 -0.00481615 -0.00171594 0.000165605 -0.0119191 -0.000175694 -0.00266601 0.00329673 0.00334965 0.00260606 -0.00380565 -0.00931207 -0.00327402 -0.000734428 -0.00208654 -0.00471736 -0.00561732 -0.00173708 -0.0121949 0.00416394 0.00960206 0.00408572 -0.00883781
internal_weight=32721.6 22054.5 10667.1 9608.39 12446.1 8264.55 2154.21 2036.18 626.191 492.392 6203.79 1528.02 5987.03 8512.89 7572.21 7563.46 6040.08 5352.97 470.675 4882.3 3159.92 4181.56 1442.26 1349.32 2623.57 1519.24 536.347 216.759 2060.76 758.418
internal_count=147123 92640 54483 40997 51643 34058 15684 9224 4160 3180 25765 11524 24928 38799 31773 31732 24666 24602 2753 21849 14197 17585 6254 5872 11923 11492 2274 837 8293 3444
is_linear=0
shrinkage=0.03


Tree=69
num_leaves=31
num_cat=0
split_feature=11 14 3 13 17 4 1 11 4 8 8 7 12 8 17 13 16 3 0 15 14 7 13 4 2 11 19 17 3 1
split_gain=285.433 134.445 50.8039 48.697 33.392 30.139 27.7448 27.6039 22.0628 22.4979 23.9914 27.8091 22.8209 20.2512 19.693 19.2281 19.063 18.422 16.3418 16.0598 15.2206 15.0991 20.7659 15.0892 14.8452 14.4385 16.3542 14.4348 14.272 14.261
threshold=0.00067410959916185944 0.0018313997132282649 -0.0067560172787827213 0.00068360336293240252 0.43183768324413518 -0.002581918302371033 -0.0049201908905001082 0.0011709716373509819 5.3812273340558832e-05 68219.053000000014 97898.581500000015 108910.23000000003 0.00081746715535617443 96964.60100000001 0.55440374836511697 0.00042703116657513549 -0.018747460802077839 0.00091552464783950527 -7.865240467097577e-05 -0.38813758778706675 0.00027887907863630791 94627.012000000017 0.0012016239363946588 -0.00044532809122560518 0.0017563186624121043 0.00037880886411865191 0.70309339558148032 0.17753787657204387 -0.0018792668785056474 0.0035296872450465426
decision_type=2 2 2 2 2 2 2 2 2 2 2 2 2 2 2 2 2 2 2 2 2 2 2 2 2 2 2 2 2 2
left_child=3 7 -3 5 28 -1 -6 14 15 -10 13 -12 19 25 -2 -7 -8 20 -9 -13 -5 -19 23 -23 -22 -11 -27 -28 -4 -18
right_child=1 2 4 17 6 8 16 18 9 10 11 12 -14 -15 -16 -17 29 21 -20 -21 24 22 -24 -25 -26 26 27 -29 -30 -31
leaf_value=0.0036221658875764859 -9.3444098980894941e-05 0.011128078537315175 0.0088205254275997014 -0.013817132631939564 0.013880603748975649 -0.018384939990435601 0.0037871489806306472 0.0033418878134338806 0.0021083475346802402 -0.026294605333511616 0.00060605639872360979 -0.016186719146324399 0.050770621434013417 -0.03219444804986369 -0.0027130112969936618 -0.0098261492579881839 -0.0001774543368075772 -0.0016428084654148605 -0.00017712711027660137 -0.0061419538917917684 -0.00091298151203096005 0.0092500896704769964 0.011664971602202387 -0.01312426956232263 -0.042734240766189056 -0.010843220305493921 -0.0037913733946970387 0.050051466092557916 0.0045144822693669612 0.0049125951025216488
leaf_weight=183.03749223798513 5493.74109788239 808.78281684219837 984.18549116700888 87.566435739398003 176.39024072140455 293.78669905662537 2698.1964555755258 2183.8164835423231 236.06742951273918 51.00285916030407 402.38447599858046 237.86977002024651 5.478291153907775 50.128214322030544 4878.5735264271498 1233.9462458044291 3518.4681216850877 314.18745572865009 2600.2447763234377 364.28088174015284 2161.6300023496151 28.686457455158234 36.587856963276863 438.65497243404388 7.5697800964117041 250.5419130846858 10.613129965960981 7.525514379143714 2362.2115792781115 576.29883193224669
leaf_count=992 23174 3940 4149 467 807 2691 11312 8661 1420 421 2575 1696 23 349 21037 8059 14609 1371 10437 2427 9927 132 148 2150 39 1540 66 41 9943 2520
internal_value=-1.6798e-06 0.00138192 0.00388648 -0.00568231 0.00331833 -0.00819838 0.00213487 -0.000456204 -0.00888768 -0.00643902 -0.00790357 -0.00550415 -0.00955483 -0.0144454 -0.00132585 -0.0114751 0.00182923 -0.00295907 0.00142863 -0.010117 -0.0015591 -0.00681655 -0.0100353 -0.0117428 -0.00106227 -0.0116436 -0.00884258 0.0185349 0.00578202 0.000538291
internal_weight=32682.5 26280.9 11124.5 6401.55 10315.8 3326.66 6969.35 15156.4 3143.63 1615.89 1379.83 1010.01 607.629 369.812 10372.3 1527.73 6792.96 3074.88 4784.06 602.151 2256.77 818.117 503.929 467.341 2169.2 319.683 268.681 18.1386 3346.4 4094.77
internal_count=147123 110589 47280 36534 43340 22300 29248 63309 21308 10558 9138 6721 4146 2417 44211 10750 28441 14234 19098 4123 10433 3801 2430 2282 9966 2068 1647 107 14092 17129
is_linear=0
shrinkage=0.03


Tree=70
num_leaves=31
num_cat=0
split_feature=11 13 3 13 15 10 5 5 10 13 17 11 11 2 18 5 17 5 9 7 11 8 10 2 19 8 7 8 11 3
split_gain=269.288 126.053 56.9014 46.3433 41.1185 28.1468 26.4747 23.8205 23.5295 21.924 21.4394 21.4355 21.3304 20.2592 28.8551 19.7874 19.7197 16.6356 17.2158 16.8127 34.5554 16.3396 16.3088 15.8009 15.2493 14.8861 28.7502 14.6644 16.3477 14.779
threshold=0.00067410959916185944 0.0014207478014663585 -0.003321558592284612 0.00068360336293240252 0.046816912917648383 123484.74150000002 -0.0051729677909217999 -0.01804197168760829 59077.962833333346 0.00034444809460778414 0.79258098223617479 0.0030182305929653207 0.00049867190261302546 0.0005841171803747659 6.2355802220097949e-05 -0.0044298864021725661 0.43572077524528702 0.0079470807291275331 68220.991750000001 67640.071000000011 0.00046201407473314162 107477.56700000002 121314.54758333335 0.0018657620792129628 0.33079935468478144 58470.867000000013 64328.313000000009 58649.19000000001 0.00080291597283360194 0.0035122957711910545
decision_type=2 2 2 2 2 2 2 2 2 2 2 2 2 2 2 2 2 2 2 2 2 2 2 2 2 2 2 2 2 2
left_child=3 4 7 9 6 11 -2 -3 -5 12 25 16 -1 14 -10 -11 -4 18 19 -17 -21 -14 -15 24 -20 -8 27 28 -27 -29
right_child=1 2 5 8 -6 -7 10 -9 13 15 -12 -13 21 22 -16 17 -18 -19 23 20 -22 -23 -24 -25 -26 26 -28 29 -30 -31
leaf_value=-0.018387179911739628 0.0029379481152783105 0.016567874145268908 0.0042696255008672799 0.009921453025308731 0.001631250846537349 -0.041879820123456854 0.005147513811095435 0.0071488724037527583 -0.0094483406799998806 0.0063749455669488185 -0.0046541707998508245 0.0079050216266463962 0.080106281227742868 -0.0068477506231095185 -0.00025319592607805192 -0.0038278471140019131 0.0011482079059555845 0.045311312055369986 -0.010599365632898736 -0.011146078365687184 0.059169520451603445 -0.0087253583337151257 -0.03925153111875055 0.007636334853483649 -0.0053346096573508766 0.010242672932935456 -0.00080170823746767968 -0.0071536045817340204 -0.03908628375706346 0.013417811149059955
leaf_weight=230.27862807363272 1076.5780571699142 281.91204859316349 3104.2341937720776 123.92665693163872 6047.1864515542984 12.540459573268889 315.5780348777771 1720.7098046988249 372.4189025759697 91.930570974946022 2146.2245415374637 706.38886538147926 3.4273557364940634 807.05735303461552 1754.6295518279076 424.99036122113466 4417.1342716962099 5.1970672011375418 1785.6452899798751 13.433133341372015 11.594255939126013 3.8007198348641396 14.174565836787222 51.349072314798832 689.38769414275885 7.8764677345752707 5697.5675410479307 671.285509288311 24.274719625711441 32.788116902112961
leaf_count=2277 4325 1466 12720 495 24874 59 1246 7671 1805 480 9279 3485 18 3779 8078 2605 18268 20 11962 107 55 25 77 248 4503 31 24082 2847 111 125
internal_value=-1.71376e-06 0.0013415 0.00394072 -0.00552843 -0.000320296 0.00283781 -0.00150403 0.00847706 -0.00287307 -0.00799119 -0.00204198 0.00290684 -0.0167819 -0.00341221 -0.00186493 -0.00731039 0.00243692 -0.00773355 -0.0078287 -0.00241288 0.021415 0.0335051 -0.00741541 -0.00879208 -0.00913442 -0.00121083 -0.00152325 -0.00710224 -0.0269143 -0.00618958
internal_weight=32645.5 26262.3 10242.9 6383.24 16019.4 8240.3 9972.17 2002.62 3072.21 3311.03 8895.59 8227.76 237.507 2948.28 2127.05 3073.53 7521.37 2981.6 2976.4 450.018 25.0274 7.22808 821.232 2526.38 2475.03 6749.37 6433.79 736.225 32.1512 704.074
internal_count=147123 110589 43669 36534 66920 34532 42046 9137 14234 22300 37721 34473 2320 13739 9883 19980 30988 19500 19480 2767 162 43 3856 16713 16465 28442 27196 3114 142 2972
is_linear=0
shrinkage=0.03


Tree=71
num_leaves=31
num_cat=0
split_feature=14 13 11 2 13 18 1 11 17 11 19 2 10 7 1 7 4 17 10 12 1 13 14 2 12 7 11 9 13 12
split_gain=255.475 100.666 87.3363 45.4305 30.0997 29.6969 34.8511 26.9516 25.5172 25.0399 21.7079 20.0273 19.2064 33.2932 16.4848 16.4462 16.3817 16.1014 15.4426 14.342 14.1019 13.7224 13.376 13.2026 12.3433 13.0909 11.8817 11.8619 14.7057 11.8413
threshold=0.0010341568814612302 0.0014207478014663585 0.00045530295664389982 -0.00479155865434333 0.00074157992038469546 0.08913272756351194 0.00010962788001556147 0.0030182305929653207 0.43183768324413518 0.00084057438998835071 0.020320949439119152 0.0018657620792129628 62072.667916666673 60431.304000000011 -0.0029250051435446562 57735.488000000005 -0.0030467474684409131 0.52129235399782348 58049.635666666676 0.00066889613334465909 -0.00027790750120715296 0.00034444809460778414 0.0029025973312238338 -0.0025750358775345479 0.00030397623063466682 117878.79200000002 0.00084057438998835071 84163.950250000009 0.0003796788143968774 0.00077097402612678683
decision_type=2 2 2 2 2 2 2 2 2 2 2 2 2 2 2 2 2 2 2 2 2 2 2 2 2 2 2 2 2 2
left_child=2 5 12 -3 17 9 10 8 -5 11 -7 23 13 18 -10 -11 -12 27 -1 -20 -6 24 -8 -2 25 -14 -24 28 -4 -22
right_child=1 3 4 7 20 6 22 -9 14 15 16 -13 21 -15 -16 -17 -18 -19 19 -21 29 -23 26 -25 -26 -27 -28 -29 -30 -31
leaf_value=0.02792433399406348 0.0067458551151698305 0.011755211046138952 0.060479741334525841 0.0051275750219027666 0.00026588026095758965 -0.00093480409720689782 -0.0014624944563781841 0.0087551997627965152 0.0074901297171292187 0.011161329661574603 0.007776148929165263 0.0057765404258843184 -0.013508124920645998 0.034110618442147335 0.0011560600342134574 -0.00073335193782540211 0.0029613134049200434 -0.0074167439527393717 -0.018565208630136134 0.03843806895307008 0.00030862440268282487 -0.009898536937263374 0.02520143205388083 -0.006878022590347632 -0.026908537084880325 0.054960457981555841 0.0030901678614677036 -0.0043560303544214066 0.0018437106824965275 -0.0035830052035843041
leaf_weight=9.1361920088529569 67.146163135766983 659.60853559523821 3.8094662427902213 3235.9790559113026 2412.4921471625566 878.69537942111492 3328.1445154845715 826.44173347949982 403.6282469779253 107.98103247582912 913.84181207418442 138.83322891592979 124.44930428266525 23.229575656354427 4436.6653245463967 3249.9420820623636 2104.2870779335499 1485.8116015195847 49.569778390228748 4.1942946612834922 922.3403297662735 1304.025454826653 23.24190229177475 1259.6811544969678 86.351407095789909 2.4520813673734656 362.65252093970776 962.67054223269224 273.19769690930843 2949.39268194139
leaf_count=34 273 3254 25 13416 10265 3674 13852 4141 1734 417 3655 584 1269 125 18452 13218 8622 8654 347 16 4242 9217 86 5796 866 22 1466 5441 1411 12549
internal_value=-1.70835e-06 0.00184263 -0.00382455 0.00415689 -0.00267598 6.26608e-05 0.00123005 0.00359346 0.00306479 -0.00177866 0.00321207 -0.00505036 -0.0102761 0.00347485 0.00168502 -0.000349639 0.00442037 -0.00530937 -0.00782776 -0.0139994 -0.00153332 -0.0110588 -0.000848736 -0.00618585 -0.0181317 -0.0121193 0.00443586 -0.00278077 0.00268245 -0.00265517
internal_weight=32609.9 21996.8 10613.1 9562.32 9009.71 12434.4 7610.86 8902.71 8076.27 4823.58 3896.82 1465.66 1603.41 86.1298 4840.29 3357.92 3018.13 2725.49 62.9003 53.7641 6284.23 1517.28 3714.04 1326.83 213.253 126.901 385.894 1239.68 277.007 3871.73
internal_count=147123 92640 54483 40997 42587 51643 31355 37743 33602 20288 15951 6653 11896 522 20186 13635 12277 15531 397 363 27056 11374 15404 6069 2157 1291 1552 6877 1436 16791
is_linear=0
shrinkage=0.03


Tree=72
num_leaves=31
num_cat=0
split_feature=11 14 3 13 13 4 11 6 10 16 7 10 10 12 7 4 12 12 10 9 8 10 10 12 9 13 4 8 15 13
split_gain=241.746 115.931 44.9185 41.9041 29.8169 27.707 23.8824 22.4837 21.9273 20.3706 20.1278 31.2709 35.3473 29.1978 26.3896 26.0879 25.2538 19.6084 19.2859 18.9685 18.381 24.569 22.2847 40.181 18.1343 17.6224 36.4771 21.1704 17.4383 19.9069
threshold=0.00067410959916185944 0.0018313997132282649 -0.0067560172787827213 0.00068360336293240252 0.0022636220951974596 -0.002581918302371033 0.0011709716373509819 0.0058128707866480509 59077.962833333346 0.294479330193616 115014.36400000002 116469.22350000001 116718.90125000001 0.00045574413701675521 110442.00900000001 5.3812273340558832e-05 0.00038879810186767937 0.00035099082054606607 62072.667916666673 118677.33600000002 103106.20050000002 84525.692333333354 104832.13216666668 0.0003767339888297443 116488.03675000001 0.00041392730367743484 -0.00059034316608430604 119534.14200000002 0.046816912917648383 0.00093494492062678721
decision_type=2 2 2 2 2 2 2 2 2 2 2 2 2 2 2 2 2 2 2 2 2 2 2 2 2 2 2 2 2 2
left_child=3 6 -3 5 9 -1 28 10 -5 -4 14 -12 13 17 15 16 -7 -13 -17 -14 21 -20 23 -22 -15 26 -21 -27 29 -2
right_child=1 2 4 8 -6 7 -8 -9 -10 -11 11 12 19 24 -16 18 -18 -19 20 25 22 -23 -24 -25 -26 27 -28 -29 -30 -31
leaf_value=0.0037317994011455322 -0.0039201995288455065 0.010465319858326768 0.0033484149737399529 0.0096174098071134303 0.0063136372003383661 -0.022651672136550425 0.0013181203875856286 0.0045707805922441643 -0.0032527079043389731 0.00021020843207644798 -0.024266326769761676 0.0026024225914652991 -0.015445166192465156 0.046713902100803534 -0.00022812425700789976 0.0083548716534648619 -0.010136678305716594 0.07074721128956496 -0.0033678755649745756 -0.033679569100728592 0.086972891860955331 -0.016134683625395153 -0.0058294108958129431 0.0058603880128718835 -0.01933496125807346 0.02219401251282721 0.10528041377478776 -0.013878932359146263 0.0007614624405607904 -0.00076040298557322077
leaf_weight=182.6284329816699 2953.3401088863611 796.78988035023212 5391.8038222193718 123.96460697054863 2044.2670779749751 176.92059021443129 4779.5420613437891 117.52257526665926 2943.3025894016027 2846.4622486382723 178.03945723921061 5.9110125601291683 299.30836564302444 4.6701561957597759 373.92253982275724 82.546338386833668 822.8860706910491 11.079034708440302 251.48087279498577 2.8273991718888283 5.7745838016271582 296.43529554456472 290.6738793477416 88.248447395861149 17.111102283000946 20.626986175775528 3.9373691231012335 49.613761954009533 2831.1793346554041 4580.6426964402199
leaf_count=992 13533 3940 22088 495 9545 1667 19098 588 13739 11707 1518 52 2240 24 2435 461 5410 67 1652 25 41 1962 2052 532 112 118 25 327 11908 18770
internal_value=-1.65741e-06 0.00126996 0.00360207 -0.00525402 0.00306985 -0.00761051 -0.00043594 -0.00827988 -0.00273128 0.00226449 -0.00878748 -0.0137403 -0.00921353 0.0179975 -0.00755597 -0.00891425 -0.0123563 0.0473684 -0.00552041 -0.0120291 -0.00675251 -0.0102822 -0.00171611 0.010961 -0.00488744 0.00121267 0.0471192 -0.00322656 -0.00124506 -0.00199948
internal_weight=32573.5 26224 11079.3 6349.43 10282.5 3282.16 15144.7 3099.54 3067.27 8238.27 2982.01 593.125 415.085 38.7713 2388.89 2014.97 999.807 16.99 1015.16 376.314 932.613 547.916 384.697 94.023 21.7813 77.0055 6.76477 70.2407 10365.2 7533.98
internal_count=147123 110589 47280 36534 43340 22300 63309 21308 14234 33795 20720 4508 2990 255 16212 13777 7077 119 6700 2735 6239 3614 2625 573 136 495 50 445 44211 32303
is_linear=0
shrinkage=0.03


Tree=73
num_leaves=31
num_cat=0
split_feature=14 13 11 3 13 5 13 10 6 3 1 16 6 11 10 7 3 3 4 10 5 4 3 1 0 13 16 10 13 9
split_gain=228.433 90.7197 80.0084 46.469 26.92 26.7335 22.6646 21.933 28.5096 22.7617 19.9717 23.3403 20.8125 18.494 17.8315 30.8287 18.8168 18.394 17.4956 17.2744 16.5011 15.8802 15.6694 15.3598 15.0469 14.9799 14.8251 14.5954 18.3841 16.352
threshold=0.0010341568814612302 0.0014207478014663585 0.00045530295664389982 -0.0032443558762916265 0.00074157992038469546 -0.0076378359845919444 0.0024855242857915009 58049.635666666676 0.005353962416768999 0.005532747428718344 0.00024727142114555628 0.58187627582197998 -0.0057468784866970815 0.00064564687827923172 62072.667916666673 60431.304000000011 1.0000000180025095e-35 0.0026143421183512099 0.016021920813402594 123484.74150000002 -0.0018888770017209675 0.001209375652339806 -0.0029464901783255999 -0.0025301070513423225 -0.00067477669988702516 0.00048584722937311677 -0.40984284661677844 104995.5635 0.0013514994132302332 97727.616750000001
decision_type=2 2 2 2 2 2 2 2 2 2 2 2 2 2 2 2 2 2 2 2 2 2 2 2 2 2 2 2 2 2
left_child=2 5 14 6 25 27 -3 8 -7 10 11 12 -9 -12 15 16 -1 -16 19 21 -6 -5 26 -22 -13 -4 -15 29 -29 -2
right_child=1 3 4 18 20 7 -8 9 -10 -11 13 24 -14 22 17 -17 -18 -19 -20 -21 23 -23 -24 -25 -26 -27 -28 28 -30 -31
leaf_value=-0.02460148738428421 0.006227100892535877 0.0061594716483044055 -0.012120567591371815 0.0040673668805637836 0.0011129211838210372 0.010649008559518247 0.013538999985404542 0.0057337391100218968 -0.007852143907390129 0.0070618772427599305 -0.0078017837855825934 -0.0057640829944942571 0.00041701046736051687 0.012289707141365416 -0.010794505517151724 0.032591017908820012 0.0082942290989230748 0.046843881019968378 0.011008781353597534 -0.03922184394693936 0.027019900322432035 0.0012658051866861525 -0.0013031338495955928 -0.0024736651020385403 0.0012223501446766913 -0.0043225063559657372 -0.016529257085510306 0.0028437739309793001 -0.021314205768484175 0.021215207512345687
leaf_weight=30.169949606060982 397.66522534191608 1500.6523263826966 244.13594232499599 3621.9081096723676 1662.6969001740217 326.38897782564163 500.83042019605637 792.03429155051708 97.032309338450432 342.36671461164951 483.24913720786572 801.9361604526639 4063.7581486478448 18.76496647298336 1493.9792691916227 23.5784877166152 32.144240371882915 4.8838614374399176 230.23395483195782 8.7664888054132444 15.831055685877798 3670.4859260618687 4217.1787146478891 4602.4668480157852 423.17276087403297 2468.0791889205575 105.04531647264957 247.42549814283848 31.916934117674828 78.711457595229149
leaf_count=209 1620 6638 1794 15134 6984 1264 2586 3165 400 1353 2355 3467 16875 72 11353 125 188 21 1090 41 58 15508 17355 20014 1821 13737 449 1000 143 304
internal_value=-1.71615e-06 0.0017428 -0.00362355 0.00394432 -0.00252779 5.36839e-05 0.00800813 -0.000300171 0.0064013 -0.000552774 -0.000792174 0.00035092 0.00128495 -0.00223363 -0.00983933 0.00342426 -0.00759835 -0.0106016 0.00286387 0.00260647 -0.0014485 0.0026577 -0.00161292 -0.00237133 -0.0033485 -0.00502596 -0.0121308 0.00552171 6.61712e-05 0.00871381
internal_weight=32537.5 21959.5 10578 9532.88 8993.21 12426.6 2001.48 11670.9 423.421 11247.5 10905.1 6080.9 4855.79 4824.24 1584.76 85.8927 62.3142 1498.86 7531.39 7301.16 6280.99 7292.39 4340.99 4618.3 1225.11 2712.22 123.81 755.719 279.342 476.377
internal_count=147123 92640 54483 40997 42587 51643 9224 48576 1664 46912 45559 25328 20040 20231 11896 522 397 11374 31773 30683 27056 30642 17876 20072 5288 15531 521 3067 1143 1924
is_linear=0
shrinkage=0.03


Tree=74
num_leaves=31
num_cat=0
split_feature=14 13 14 17 5 8 10 10 12 10 7 7 12 5 8 14 5 2 6 7 10 12 9 12 19 3 12 13 7 13
split_gain=215.461 110.265 51.4334 33.8632 28.6833 38.107 27.7033 26.381 26.3695 23.6204 23.3748 22.7219 24.3225 20.649 20.1499 19.6126 19.5459 17.5358 17.202 17.1521 20.5831 19.2495 16.345 15.9349 15.7209 15.3545 17.0352 17.5784 16.4408 15.2173
threshold=0.0016199712649396169 0.00072682591663209917 0.0045581045655294352 0.43183768324413518 0.0016863390527163127 118666.87650000001 115341.20116666668 110884.09375000001 0.00033778839910711861 115341.20116666668 109396.04300000001 113305.32900000001 0.00033778839910711861 -0.0084289269578427511 57902.651000000013 0.00037554119203724739 -0.00099758375643016462 0.0017901092177825542 0.00016018013796303968 116114.01000000002 116718.90125000001 0.00045574413701675521 95906.310000000012 0.0023257464258486234 0.037234399622608855 0.0021711367436042521 0.00071561479452143654 0.00059932848766249003 122462.70800000001 0.00039913891961255863
decision_type=2 2 2 2 2 2 2 2 2 2 2 2 2 2 2 2 2 2 2 2 2 2 2 2 2 2 2 2 2 2
left_child=1 4 3 16 5 6 7 8 -1 17 -3 12 -9 -5 -10 -12 -2 -6 -11 -8 21 24 -15 -18 -21 26 27 29 -29 -7
right_child=2 10 -4 13 9 25 19 11 14 18 15 -13 -14 22 -16 -17 23 -19 -20 20 -22 -23 -24 -25 -26 -27 -28 28 -30 -31
leaf_value=-0.019438112370483228 0.0066724803988245244 -8.7672111634918998e-05 0.0083347944220990098 0.0055295493572584424 -0.0013399729427894134 0.043990806790739134 -0.022701032723281712 0.076385056687304762 0.021562357127399165 -0.0358890695307593 -0.015030400455906661 -0.0064093186883697403 0.0052124993508695094 0.0018767027759809224 -0.0074386305187235779 -0.0025610200090602012 0.0013981247900422037 0.012722280914645875 -0.0082318018816770044 0.0067498150034624831 -0.013376103369515998 -0.0060309351824504743 -0.0010250382410337056 0.0080229144460723101 0.066900954662347398 0.066454859565140967 -0.016046264478802755 0.015883395539331473 0.058314021934990717 -0.011482974829312301
leaf_weight=169.40655419230461 1921.7893378660083 11100.353767767549 1402.2715083956718 849.15472888201475 920.91419506818056 5.1147748529911032 152.9845672249794 4.3167347684502593 21.62134937942028 22.963929459452629 118.07180428504944 258.59472035616636 220.6661099717021 3902.359651863575 2286.907147243619 2968.1233087778091 1872.0114401429892 87.278134122490883 172.63681966811419 8.6744673252105695 330.20154321938753 30.21052759885788 3161.7428589612246 396.30756655335426 7.2517059445381156 4.0353957116603842 22.080953329801559 44.487128928303719 10.143664017319677 29.988128148019314
leaf_count=1723 8081 46138 6948 3687 5017 37 1292 33 84 160 621 1585 1291 16131 14150 12994 7670 378 1053 67 2328 186 13010 1794 49 16 112 232 46 210
internal_value=-1.65592e-06 -0.00206124 0.00289512 0.00226458 -0.0059863 -0.00732491 -0.00788721 -0.00675499 -0.00800583 -0.0019729 -0.000730056 -0.000338947 0.00662474 0.00110936 -0.00716479 -0.00303952 0.0044455 -0.000118502 -0.0115108 -0.0142137 -0.0107505 0.0079647 0.000577524 0.00255719 0.0345723 0.00958465 0.00744785 0.0132739 0.0239087 -0.00321278
internal_weight=32502.7 18997 13505.6 12103.4 4810.48 3606.69 3490.84 2961.51 2477.94 1203.79 14186.5 483.578 224.983 7913.26 2308.53 3086.2 4190.11 1008.19 195.601 529.323 376.338 46.1367 7064.1 2268.32 15.9262 115.85 111.815 89.7337 54.6308 35.1029
internal_count=147123 89802 57321 50373 30049 23441 22788 18866 15957 6608 59753 2909 1324 32828 14234 13615 17545 5395 1213 3922 2630 302 29141 9464 116 653 637 525 278 247
is_linear=0
shrinkage=0.03


Tree=75
num_leaves=31
num_cat=0
split_feature=14 13 13 1 18 1 6 17 5 1 12 10 6 9 6 1 17 8 10 12 16 15 15 14 6 4 8 9 4 8
split_gain=205.015 82.2622 72.1249 40.4474 27.3168 31.5802 34.3062 23.9495 23.0422 19.4416 18.5083 20.4953 18.3341 17.728 17.0143 16.8172 16.3559 16.2593 16.0501 17.1577 15.521 18.3608 15.4976 15.2641 14.8231 14.7986 13.7025 20.5834 17.1692 13.6196
threshold=0.0010341568814612302 0.0014207478014663585 0.00056294368488964206 -0.0049201908905001082 0.08913272756351194 0.00010962788001556147 -0.0026221480938978798 0.43572077524528702 0.00081061231577028725 -0.00029190982876553523 0.00057326207486005202 62855.174916666678 0.0060616486166282799 58066.633750000001 -0.0088913630397202664 -0.0029250051435446562 0.86684235115166564 104931.02300000002 107845.44166666667 0.00056721996186075835 0.83530541225246113 0.18609071661941454 -0.28053297742685768 0.0065256621876576904 0.0057040652270801137 0.0011043654462674637 115017.68250000001 114004.28625000002 0.0015127214005071778 56115.200500000014
decision_type=2 2 2 2 2 2 2 2 2 2 2 2 2 2 2 2 2 2 2 2 2 2 2 2 2 2 2 2 2 2
left_child=2 4 8 -3 13 6 -6 23 -1 14 11 -11 26 -2 -4 -9 -12 -8 -14 -20 21 -15 -22 25 -16 -5 27 -10 -29 -17
right_child=1 3 9 7 5 -7 17 15 12 10 16 -13 18 20 24 29 -18 -19 19 -21 22 -23 -24 -25 -26 -27 -28 28 -30 -31
leaf_value=-0.01151604981101685 0.0080956314650158529 0.013324146786068946 0.0088603144076852026 0.0066565750489824558 0.0065426367293121472 -0.0008157725503312132 0.0023909465542019471 0.0071410746482598137 -0.00389372594600289 0.010079017473655649 -0.0021182207360278876 -0.010207977560181171 0.040525204723661105 -0.002952450458603159 -0.0018893568222943748 0.012434948077233755 -0.006994907821092548 -0.0030708019507114 0.029100340143893556 -0.037695814871743255 -0.01923314658829894 0.0012384851352490562 -0.0046611050207479169 0.019138066885287922 0.003865705031122478 0.0028044811551048215 -0.014058698784905229 0.067084333956408462 -0.0069384015667274266 0.0012933833449525177
leaf_weight=1146.1285774707794 159.76568125188351 381.45966029167175 165.6619088947773 2018.5874815434217 1534.7163547948003 3710.6013202592731 1661.195960149169 532.47513903677464 411.13839513063431 48.723309844732285 4255.4721304923296 530.95816210657358 14.989040344953539 2450.7276044934988 2619.9765297621489 100.80681467801332 725.23836919665337 695.67922514677048 6.7958244010806066 6.8267777562141418 73.797180458903313 1525.751391030848 607.10763269662857 69.529462829232216 475.61538933217525 1623.0926357731223 126.19877928495407 6.7400823533534986 4.6534570157527924 4779.7399134039879
leaf_count=9301 626 1981 664 8574 6206 15404 6758 2379 2929 248 19100 3331 64 10286 12267 469 3438 2987 34 38 338 6384 2654 369 1993 6888 1010 38 28 20337
internal_value=-1.67516e-06 0.00165144 -0.00343904 0.00375186 4.35289e-05 0.00116374 0.00305194 0.0033512 -0.00905268 -0.00234188 -0.00342053 -0.0084962 -0.00415612 -0.00172371 -0.00050181 0.00207756 -0.00282904 0.000777467 0.0191924 -0.00418577 -0.00206136 -0.00134367 -0.00624744 0.00520795 -0.00100407 0.00494065 -0.00538229 -0.00278107 0.0367929 0.00152438
internal_weight=32470.2 21925 10545.1 9505.69 12419.3 7602.19 3891.59 9124.23 1723.47 8821.65 5560.39 579.681 577.342 4817.15 3261.25 5413.02 4980.71 2356.88 28.6116 13.6226 4657.38 3976.48 680.905 3711.21 3095.59 3641.68 548.731 422.532 11.3935 4880.55
internal_count=147123 92640 54483 40997 51643 31355 15951 39016 13442 41041 26117 3579 4141 20288 14924 23185 22538 9745 136 72 19662 16670 2992 15831 14260 15462 4005 2995 66 20806
is_linear=0
shrinkage=0.03


Tree=76
num_leaves=31
num_cat=0
split_feature=11 13 2 4 15 13 10 11 5 17 10 17 4 15 13 18 5 9 1 12 2 18 10 8 10 12 10 0 18 17
split_gain=196.117 90.602 41.772 34.439 33.8052 31.9751 27.9454 26.401 23.5845 20.9835 18.8513 18.6745 18.218 19.9087 18.5986 18.0901 16.5631 16.7139 16.4206 16.0547 15.8816 15.9311 15.2775 13.4842 14.5923 13.0465 13.028 12.8778 12.5429 15.8921
threshold=0.00067410959916185944 0.0014207478014663585 -0.00479155865434333 -0.0026883213992685557 0.058576501084350807 0.00068885377062051273 123484.74150000002 0.0030182305929653207 -0.0051729677909217999 0.43572077524528702 59077.962833333346 0.79258098223617479 5.3812273340558832e-05 0.24437352941068977 0.00045850268560150711 0.00010027575868088686 -0.0012162933624381698 92481.115000000005 -0.0029250051435446562 0.0011573856939539045 0.0005841171803747659 0.0014544147623773878 121314.54758333335 58913.43450000001 58475.495666666669 0.0028729244711353913 59202.815416666672 0.00073958410701768795 0.28680248733757002 0.46200276710843952
decision_type=2 2 2 2 2 2 2 2 2 2 2 2 2 2 2 2 2 2 2 2 2 2 2 2 2 2 2 2 2 2
left_child=3 4 -3 15 8 12 7 9 27 16 23 -10 14 -14 -5 -1 -4 -18 -11 -17 21 -12 -22 24 -7 -19 -23 -2 -15 -30
right_child=1 2 6 5 -6 10 -8 -9 11 18 20 -13 13 28 -16 19 17 25 -20 -21 22 26 -24 -25 -26 -27 -28 -29 29 -31
leaf_value=-0.0080625455724386945 0.0043866789096199321 0.01074465323914498 0.0066588626813343151 -0.015640195180031579 0.0015235521786525967 0.010785883162362024 -0.040368149898332366 0.008075138135690765 -0.001061636259934404 0.0070322543814617111 -0.0061453200347494465 -0.0042664847380729336 -0.0075197320421365082 0.0031581271368503628 -0.0079272340616050405 0.0046489849051397827 0.0048783696102672807 -0.0011540383420773686 0.00069284337709273676 0.041560778973619331 -0.0064767256620566014 -0.042482769605226553 -0.038320752862921047 0.044419495284660944 -0.022871202015944069 0.017190407460578115 0.00023995938625125904 -0.0041189583320137444 -0.00056282241623035079 -0.019727083972852621
leaf_weight=109.91569942981005 887.83587777614594 645.42007976770401 1453.9101944416761 375.31826318800449 5963.2562801241875 83.138095930218697 13.333637997508047 816.86662873625755 6790.0961308330297 399.15318255126476 551.04422463476658 2157.7146157175303 1095.8773933053017 327.87080709636211 1141.7251891568303 390.04676742851734 1188.92694889009 916.13224275410175 4687.1044507995248 10.830224901437758 779.73094233870506 6.3584883511066428 13.747431367635725 8.9836786985397321 13.330312594771383 36.164805144071579 1199.7293209731579 195.03383876383305 122.22865702956915 57.294385604560375
leaf_count=543 3558 3258 6078 3540 24562 329 63 4159 28653 1732 2698 9348 7534 2054 7454 1795 4937 3771 19515 37 3670 32 76 31 62 156 5556 799 754 369
internal_value=-1.64118e-06 0.00114203 0.00335789 -0.00475907 -0.000264985 -0.00541949 0.00285623 0.00291765 -0.00132858 0.00243193 -0.0029982 -0.00183484 -0.00747942 -0.00524505 -0.00983831 0.00270321 0.00418654 0.00250618 0.00119106 0.0056638 -0.00351307 -0.00191974 -0.00703698 0.0094183 0.00608511 -0.000452501 8.73482e-06 0.00285173 -0.000325718 -0.00670333
internal_weight=32438.1 26150.9 10157 6287.17 15993.9 5776.38 9511.59 9498.26 10030.7 8681.39 2656.06 8947.81 3120.31 1603.27 1517.04 510.793 3595.13 2141.22 5086.26 400.877 2550.61 1757.13 793.478 105.452 96.4684 952.297 1206.09 1082.87 507.394 179.523
internal_count=147123 110589 43669 36534 66920 34159 40411 40348 42358 36189 12454 38001 21705 10711 10994 2375 14942 8864 21247 1832 12032 8286 3746 422 391 3927 5588 4357 3177 1123
is_linear=0
shrinkage=0.03


Tree=77
num_leaves=31
num_cat=0
split_feature=11 13 14 3 7 6 10 10 5 10 3 7 19 11 6 5 7 3 17 10 10 13 7 11 6 18 3 13 6 16
split_gain=186.062 80.5117 44.6211 28.7807 32.8332 27.8692 24.7315 34.7016 23.3319 22.497 21.8745 26.858 21.1861 21.137 20.9886 22.582 17.6989 16.9016 16.566 16.1018 15.95 20.908 29.6431 18.1488 17.8285 16.016 15.9364 17.0657 15.7171 19.3226
threshold=0.0011500674018399438 0.0005933923349788618 0.0045581045655294352 -0.0021693761250210493 94150.35500000001 0.0051491335002310521 73778.213583333345 58678.127000000008 -0.0048346415245792409 82549.641833333342 2.0507150051640725e-05 57230.586000000003 0.037234399622608855 0.00062641462759064812 0.00082750549489152292 -0.0018407867813128307 121852.45100000002 -0.0016970967777203414 0.57975500490239773 71956.689666666673 91613.472999999998 0.00089251333470730858 93337.628000000012 0.00087955807421941719 -0.0072562053945678931 0.014896675086505018 0.0025606209503716841 0.00088765635312890525 -0.0084469809076975193 -0.50026709272192826
decision_type=2 2 2 2 2 2 2 2 2 2 2 2 2 2 2 2 2 2 2 2 2 2 2 2 2 2 2 2 2 2
left_child=1 5 10 8 6 12 7 -5 -3 17 11 -2 -1 -6 15 26 18 -8 -12 -16 25 22 -22 -24 -23 -11 27 -9 29 -13
right_child=2 3 -4 4 13 -7 9 14 -10 20 16 28 -14 -15 19 -17 -18 -19 -20 -21 21 24 23 -25 -26 -27 -28 -29 -30 -31
leaf_value=-0.010607710389444776 0.014508197385226256 0.0067724192196969169 0.007817290272975121 0.0049063096873457005 -0.0055988535117392248 0.0082609110285090451 0.039514572825271307 -0.0061079410698409754 0 -0.0052247036350294186 0.0023780143366376196 -0.015362697515901804 -0.0049339215574042469 -0.0020306083954056901 4.5283317349137135e-06 -0.0085706284696668369 -0.016873650343804943 0.0087278555287314975 -0.00071876760479699497 -0.030109851112792869 0.056087073814237859 -0.020277565010183456 0.020381543562737664 -0.0092109345111851468 0.005173080082995404 0.0018818169015596051 -0.034819449735539347 0.0050002708456174426 0.0020749927496966822 0.006134040167924279
leaf_weight=1133.2759199738503 189.52895860373974 654.26395852863789 1359.7794481739402 625.68833507597446 1935.7463245689869 103.30909587442875 17.114378124475479 219.47168751060963 1523.4318114072084 381.57709002494812 3506.4106114506721 38.417148724198341 1247.671021297574 6574.2122008055449 1391.7526104897261 849.49942825734615 50.114075735211372 255.56628102064133 2790.9116552472115 16.063013359904289 15.85727599263191 27.431590348482132 62.390803679823875 26.358124956488609 244.76964822411537 1131.4688715934753 11.880467027425764 287.24981738626957 4212.7972200289369 1521.9673295244575
leaf_count=8729 804 2606 6839 2484 10194 511 61 1014 6346 1674 14492 173 8740 28593 5893 3830 214 1034 11497 76 54 119 266 114 973 4711 55 1146 17359 6522
internal_value=-1.63069e-06 -0.00194342 0.00265956 -0.00117429 -0.00167101 -0.00697351 0.000120446 -0.0014737 0.00203448 0.00262934 0.00208954 0.00339447 -0.00763611 -0.00284268 -0.00291296 -0.00555917 0.000863193 0.0106849 0.00100508 -0.000339057 0.00146494 0.00698688 0.0183843 0.0115584 0.00259072 8.74045e-05 -0.000619734 0.000182897 0.00302885 0.00560191
internal_weight=32406 18736 13669.9 16251.8 14074.1 2484.26 5564.14 3401.61 2177.7 2162.53 12310.1 5962.71 2380.95 8509.96 2775.92 1368.1 6347.44 272.681 6297.32 1407.82 1889.85 376.807 104.606 88.7489 272.201 1513.05 518.602 506.722 5773.18 1560.38
internal_count=147123 89223 57900 71243 62291 17980 23504 14498 8952 9006 51061 24858 17469 38787 12014 6045 26203 1095 25989 5969 7911 1526 434 380 1092 6385 2215 2160 24054 6695
is_linear=0
shrinkage=0.03


Tree=78
num_leaves=31
num_cat=0
split_feature=11 13 11 4 4 3 8 11 8 9 10 11 8 13 3 3 15 9 2 4 8 3 18 13 13 1 18 4 5 3
split_gain=175.255 76.2357 41.3781 28.2272 26.7951 23.7332 25.1554 21.3256 21.6192 20.0916 18.5758 17.4026 17.0631 17.0758 18.8532 15.946 15.8924 18.3932 15.7562 15.5375 15.8753 15.2052 14.7826 14.6015 14.5658 15.2475 14.6477 15.7682 14.1657 13.2044
threshold=0.0011500674018399438 0.0005933923349788618 0.0030182305929653207 -0.0033251803093476968 0.001444435966828417 -0.001341421322610725 56917.439500000008 0.00064564687827923172 57730.136000000006 121265.81700000001 104591.23183333334 0.00034035948233228228 114469.28450000002 0.00039913891961255863 0.00060843511473240863 -0.0067560172787827213 0.11911137638342219 114004.28625000002 -0.0060567587733855168 0.0033769289651708338 105397.71200000001 0.0021293482599027418 0.11025893759569133 0.0031818897991220071 0.00076194649800914217 -0.00062661269841102196 0.00012663838462775219 -0.0037289511681549699 -0.027506927825615698 0.00091552464783950527
decision_type=2 2 2 2 2 2 2 2 2 2 2 2 2 2 2 2 2 2 2 2 2 2 2 2 2 2 2 2 2 2
left_child=1 4 5 15 11 6 -2 8 -5 -7 18 -1 13 14 -6 -3 17 19 -8 -15 -21 -11 23 -9 25 26 27 -17 -4 -10
right_child=2 3 28 7 12 9 10 22 29 21 -12 -13 -14 16 -16 24 -18 -19 -20 20 -22 -23 -24 -25 -26 -27 -28 -29 -30 -31
leaf_value=-0.013794889036799853 0.018305224221810981 0.024710394063159353 0.021712173338348604 0.016177591847230999 0.059088625565768153 0.0013183608641764769 0.012100533334976984 -0.0021795222146618358 -0.0028511907427606984 -0.0034190901459637607 -9.5431494103707007e-05 -0.0068579529341916325 -0.011925177567494474 -0.0099743721046221291 0.0089186074926157904 -0.025641925908394803 0.0077331664467760524 0.059536578262090162 0.0040359439490943649 0.049036868044149418 -0.010007887045905679 -0.030130052166702188 -3.9200725936833301e-05 -0.045987285347770898 0.0032063481160246781 -0.014580490303308938 0.0070611283197079787 0.015411264498675902 0.0075042770115056699 -0.0072140864811117136
leaf_weight=409.25803333520889 106.41952510178089 28.466218367218971 68.02228955924511 48.256068825721741 9.3477322757244092 8170.4344484657049 234.99630127102137 4676.8283042907715 2332.8093550130725 50.819316074252129 976.85238191485405 1616.6117110773921 88.755006179213524 153.84932921081781 24.380874454975128 29.588371783494949 151.86145690828562 3.7136381268501273 3093.854045547545 8.450267970561983 7.684973493218421 31.033349454402924 6585.241985142231 6.7649346292018881 1474.8140115886927 89.342124134302139 105.46869941055775 11.579712137579916 923.91044570505619 854.88022548705339
leaf_count=3911 462 113 411 186 59 33578 1154 20109 11879 207 4059 11445 585 952 157 138 777 19 13091 36 39 138 27684 32 5914 424 445 50 4800 4269
internal_value=-1.59827e-06 -0.00188705 0.00258245 -0.00113964 -0.00679317 0.00211994 0.00389632 -0.00157282 -0.00371972 0.00116979 0.00353908 -0.00826142 -0.000147295 0.00275636 0.0230453 0.00247104 0.000638745 -0.00554741 0.0046065 -0.0070211 0.0208415 -0.0136072 -0.000956019 -0.00224442 0.00209782 -0.00481595 0.00111878 -0.0140125 0.00848371 -0.00402237
internal_weight=32374.3 18718 13656.3 16244 2473.91 12664.4 4412.12 14504.8 3235.95 8252.29 4305.7 2025.87 448.043 359.288 33.7286 1739.26 325.56 173.698 3328.85 169.985 16.1352 81.8527 11268.8 4683.59 1710.79 235.979 146.637 41.1681 991.933 3187.69
internal_count=147123 89223 57900 71243 17980 52689 18766 64159 16334 33923 18304 15356 2624 2039 216 7084 1823 1046 14245 1027 75 345 47825 20141 6971 1057 633 188 5211 16148
is_linear=0
shrinkage=0.03


Tree=79
num_leaves=31
num_cat=0
split_feature=14 13 14 16 5 8 7 3 7 7 7 12 10 12 8 13 14 4 5 11 14 12 19 14 1 1 9 16 11 3
split_gain=169.782 85.4675 36.9307 31.0455 27.4429 27.896 30.1491 25.7618 26.5401 25.1607 23.4734 25.0128 21.8966 20.2395 19.8053 19.2663 18.8948 18.1541 24.6879 23.6236 30.9246 17.4097 17.0887 17.0389 16.6305 16.461 18.7712 16.4168 15.8895 15.6889
threshold=0.0018313997132282649 0.00072682591663209917 0.0071272240979873324 0.15135022608749141 0.0023386639566090888 118666.87650000001 115367.13000000002 -0.0031666407548624482 109515.605 116114.01000000002 110442.00900000001 0.00035099082054606607 116718.90125000001 0.00045574413701675521 84162.560500000007 0.00039913891961255863 0.00037554119203724739 -8.7985293498515902e-05 -0.0014992507403019382 0.00052754407344525521 0.00073041833152605751 0.00083571059394393899 0.00012152145035497515 0.00084598184933421634 -0.0031755539973195575 0.00031407893360468902 100533.71150000002 -0.21376600089116324 0.00092557079658792335 0.0042591857821620014
decision_type=2 2 2 2 2 2 2 2 2 2 2 2 2 2 2 2 2 2 2 2 2 2 2 2 2 2 2 2 2 2
left_child=1 4 3 25 5 6 10 -3 -9 -8 11 -1 13 22 -13 23 -10 18 28 20 -20 -14 -11 -6 -5 -2 -27 -18 -12 -17
right_child=2 7 -4 24 15 -7 9 8 16 12 17 14 21 -15 -16 29 27 -19 19 -21 -22 -23 -24 -25 -26 26 -28 -29 -30 -31
leaf_value=-0.017007515785059876 0.0054834997591520331 0.0039789313902209213 0.013190478069567517 0.0056777064074654219 0.012103807962099037 0.0074501419348866589 -0.024172230130655278 -0.000209865316238515 -0.015318645669124813 -0.012077672920946449 -0.0052790003549426654 -0.0018311670910619094 -0.012760935688901708 -0.0044283821555086752 -0.0076381459149227988 -0.0017174037011271491 0.00031947354463274995 -0.0061283534613629856 0.014318599933143166 0.0028069232583642521 0.060219734550133741 0.043077539142449849 0.053624286239228332 0.071531073558277675 0.00010962939077253089 0.0038454268705511402 -0.0015614054790468515 -0.0043768251692457797 0.04070180469150881 0.024085709717700594
leaf_weight=196.45947649329901 3378.5469831302762 1062.9171652346849 310.73688301444054 550.13971808552742 20.100846789777282 131.46841833740473 138.27652091532946 12068.670079767704 113.47134953737259 4.8260801583528545 168.53412175923586 759.233263656497 357.00544298440218 34.268000572919846 1751.9702686220407 847.70331581681967 991.56856153905392 258.56242914497852 53.945822805166245 94.343210898339748 17.566437043249607 4.9780985862016669 12.514053866267203 5.5299879461526862 3947.2170378491282 2193.4680119082332 783.61558113247156 2057.6126422733068 6.9366097897291175 21.641687154769897
leaf_count=2031 14549 4242 1737 2500 134 747 1260 50157 606 39 1009 4389 2570 212 11030 4391 4301 1630 400 516 99 20 86 24 16494 9483 3294 9063 26 84
internal_value=-1.5644e-06 -0.00157968 0.00299219 0.0026998 -0.0050599 -0.00612464 -0.00658802 -0.000535912 -0.000851202 -0.013083 -0.00550306 -0.00669262 -0.0093633 0.00887151 -0.00588381 -0.000308499 -0.00329751 -0.000128616 0.004408 0.0127072 0.0257041 -0.0119731 0.0352018 0.0252703 0.000791523 0.00404962 0.00242125 -0.00284868 -0.00342208 -0.00106891
internal_weight=32343.8 21180.1 11163.7 10853 4885.86 3990.89 3859.42 16294.2 15231.3 551.868 3307.55 2707.66 413.592 51.6081 2511.2 894.976 3162.65 599.889 341.326 165.855 71.5123 361.984 17.3401 25.6308 4497.36 6355.63 2977.08 3049.18 175.471 869.345
internal_count=147123 99066 48057 46320 30697 26064 25317 68369 64127 4187 21130 17450 2927 337 15419 4633 13970 3680 2050 1015 499 2590 125 158 18994 27326 12777 13364 1035 4475
is_linear=0
shrinkage=0.03


Tree=80
num_leaves=31
num_cat=0
split_feature=14 14 11 17 14 13 3 16 1 9 13 2 6 11 5 5 3 10 8 3 3 10 11 16 10 6 17 11 11 11
split_gain=160.047 65.7243 60.8624 33.2699 24.852 20.7975 19.4386 23.2318 20.5941 17.2772 23.9509 19.8753 16.4013 20.9641 18.1908 17.0309 19.1285 16.2448 29.052 17.8842 17.0847 15.1513 14.9425 14.8894 14.7374 14.0569 13.8572 13.3356 13.323 13.1341
threshold=0.0010341568814612302 0.0029025973312238338 0.00045530295664389982 0.56149132917992739 0.0071272240979873324 0.00048584722937311677 -0.0034122223434441263 0.070134688056784925 0.0002746629009363622 93796.917000000016 0.0019890151577546373 0.00034003733227805372 0.0055883807096259739 0.00048079728438620955 -0.0026115692459036106 -0.0018888770017209675 0.0012271610079525044 62072.667916666673 60425.072500000002 1.0000000180025095e-35 0.0026143421183512099 73778.213583333345 0.0018884598694705222 0.47707063079395734 121860.64225000002 -0.0072562053945678931 0.99980926947440107 0.0016716934794898633 0.0015554110828877126 0.00064113996635474719
decision_type=2 2 2 2 2 2 2 2 2 2 2 2 2 2 2 2 2 2 2 2 2 2 2 2 2 2 2 2 2 2
left_child=2 3 17 9 23 -4 8 -8 -5 10 21 -11 15 -14 -15 16 25 18 19 -1 -19 22 27 -3 26 -7 -17 -2 -12 -16
right_child=1 4 5 6 -6 12 7 -9 -10 11 28 -13 13 14 29 24 -18 20 -20 -21 -22 -23 -24 -25 -26 -27 -28 -29 -30 -31
leaf_value=-0.023666545822011876 0.00032324677029364394 0.0050995868281477029 -0.010891196389120995 0.0055149915073408433 0.012900712072139569 0.0068626185262913447 0.00028357910815165853 -0.0030566815506573768 -0.0097741288946237657 0.0022844642266314353 0.014012668813037116 -0.0016843853262200534 0.031244327728580663 0.015336443369917529 -0.0068191468170056843 -0.0028264444619663979 -0.0074943547199312188 -0.0095161202972938452 0.032412583072061719 0.0087804401793519279 0.045893707904893048 0.0044712485973032873 0.0085683855122743249 0.00098425662876322441 -0.017320408307114565 -0.00021932991680030591 -0.01000698895485308 -0.010251618521103751 0.0054317857941552482 0.0011460802015868536
leaf_weight=29.182206369936466 1687.9120797291398 3174.5366573482752 236.03498768061399 691.79242911934853 308.22569464892149 302.58525445312262 4194.0956436246634 3385.3594605922699 89.33750319480896 2717.9303161352873 235.17316538095474 1949.7487537562847 20.30644091963768 71.653213500976562 222.86569112539291 4842.8653604537249 277.52044797688723 1442.7548597827554 23.568831279873848 31.74244812130928 4.9100872278213492 1515.6577773243189 186.56061606109142 1056.5622944310308 67.27943280339241 1509.6283090487123 254.93092551827431 114.49240720272064 536.83576464653015 1132.7876921892166
leaf_count=209 6864 14549 1794 2802 1737 1254 17302 14388 387 11260 933 8138 92 276 1083 23340 1229 11353 125 188 21 6088 776 4558 352 7064 1356 487 2371 4747
internal_value=-1.57679e-06 0.00146004 -0.00305113 0.000617024 0.00467306 -0.00210368 -0.000743274 -0.00120797 0.00376151 0.00188887 0.00326649 0.000625982 -0.00186487 0.00104922 0.00061537 -0.00244676 -0.000160061 -0.00857603 0.00418176 -0.00672545 -0.00932296 0.00221147 0.0004878 0.00407269 -0.00337133 0.000961801 -0.00318631 -0.000347357 0.0080511 -0.000161575
internal_weight=32314.8 21844.2 10470.6 17304.9 4539.32 8938.46 8360.59 7579.46 781.13 8944.31 4276.63 4667.68 8702.42 1447.61 1427.31 7254.81 2089.73 1532.16 84.4935 60.9247 1447.66 3504.62 1988.97 4231.1 5165.08 1812.21 5097.8 1802.4 772.009 1355.65
internal_count=147123 92640 54483 71796 20844 42587 34879 31690 3189 36917 17519 19398 40793 6198 6106 34595 9547 11896 522 397 11374 14215 8127 19107 25048 8318 24696 7351 3304 5830
is_linear=0
shrinkage=0.03


Tree=81
num_leaves=31
num_cat=0
split_feature=14 13 13 5 7 7 10 17 12 7 4 7 13 12 5 3 7 10 9 5 12 12 10 3 4 5 4 4 7 10
split_gain=152.3 76.9466 33.9287 25.9082 32.223 24.2355 24.585 24.1301 24.0782 23.8572 23.8611 23.5928 29.0709 22.347 24.1644 24.8116 21.8872 19.5162 19.24 18.8369 20.6801 18.4865 18.2249 18.1809 17.7502 17.0357 16.4308 16.3277 17.107 15.8108
threshold=0.0018313997132282649 0.00072682591663209917 0.0026241499810997679 0.0016863390527163127 118668.48800000001 115367.13000000002 110884.09375000001 0.43183768324413518 0.00033778839910711861 113305.32900000001 5.3812273340558832e-05 104930.39500000003 0.0010472033750838709 0.00038879810186767937 -0.0004017492373079023 -0.00013117106421761668 116114.01000000002 116718.90125000001 104713.58850000003 -0.0074145585170469199 0.0020859230529649774 0.00045574413701675521 115341.20116666668 -0.0028158548210717167 0.002275842767254566 -0.0014992507403019382 -0.0096933514944727555 -0.016106474923258892 108258.80100000002 107650.94375000002
decision_type=2 2 2 2 2 2 2 2 2 2 2 2 2 2 2 2 2 2 2 2 2 2 2 2 2 2 2 2 2 2
left_child=1 3 7 4 5 6 8 24 -1 13 25 18 23 14 -8 -16 -7 21 19 20 -3 -18 -5 -13 -2 -11 -9 -4 -29 -10
right_child=2 11 27 22 -6 16 9 26 29 10 -12 12 -14 -15 15 -17 17 -19 -20 -21 -22 -23 -24 -25 -26 -27 -28 28 -30 -31
leaf_value=-0.01811114098856955 0.0060054359079763546 0.0085929029066998119 0.019479930330669065 0.00052782705097920949 0.0094131077344920527 -0.023709599740066867 0.0035057106443452486 0.007660558814312237 -0.0050116583250622805 -0.0078726713622437761 -0.017763985984432629 0.0050000379123720977 0.00026303987609500932 0.0048354135166962181 0.13297838423763333 0.029991292437361268 0.034459728205666326 -0.011720910087168641 0.011208300729472386 -0.00014496781603411533 -0.0085970917178029883 -0.004684994189151229 -0.0094109198794283741 -0.0049330302538181338 0.0011644525139327135 0.0099964486833817989 0.00086044346115979407 0.0071304160422859661 -0.0097557425997076268 -0.011957381583621781
leaf_weight=159.42081339657307 2071.370403714478 406.19150964915752 92.048941127955914 1039.1808219850063 116.54598747193813 123.26225455105305 8.4500309005379695 336.83936506509781 1980.5442583411932 100.71077751368284 94.568733602762222 176.88728450238705 2324.7414474636316 215.03936516493559 3.7140206769108772 5.0943867787718755 16.418266415596008 329.445582062006 142.52395217120647 10588.849594265223 74.289905115962029 31.338226944208145 197.43882137537003 2573.371213003993 1018.6300722584128 91.547465160489082 6345.9113988429308 1217.2392420396209 56.269981309771538 347.61508242785931
leaf_count=1725 8756 1593 575 5564 659 1152 66 1626 12187 613 607 714 9500 1237 21 40 117 2374 576 43747 322 195 1239 11917 4299 554 26469 6055 277 2347
internal_value=-1.52785e-06 -0.001497 0.00283749 -0.00480968 -0.00608934 -0.00660561 -0.00558604 0.00221807 -0.00682531 0.000346739 -0.00543412 -0.000508219 -0.00220538 0.00749676 0.0402653 0.0747573 -0.0127227 -0.00911908 0.000259741 0.000118401 0.00592758 0.00875382 -0.0010572 -0.00429292 0.00441065 0.000621232 0.00120376 0.00726775 0.00638124 -0.00605047
internal_weight=32285.5 21147.2 11138.3 4860.33 3623.72 3507.17 3006.7 9772.75 2487.58 519.125 286.827 16286.9 5075 232.298 17.2584 8.80841 500.464 377.202 11211.9 11069.3 480.481 47.7565 1236.62 2750.26 3090 192.258 6682.75 1365.56 1273.51 2328.16
internal_count=147123 99066 48057 30697 23894 23235 19397 41150 16259 3138 1774 68369 22131 1364 127 61 3838 2686 46238 45662 1915 312 6803 12631 13055 1167 28095 6907 6332 14534
is_linear=0
shrinkage=0.03


Tree=82
num_leaves=31
num_cat=0
split_feature=14 14 13 18 3 14 19 16 7 1 5 3 9 14 6 9 9 3 5 6 6 12 10 5 13 12 7 16 6 18
split_gain=143.579 59.4735 52.6657 32.0074 25.1067 23.3253 20.2343 20.1513 19.6914 17.5789 16.8807 15.8594 15.3871 16.9974 14.6114 13.9845 19.9855 19.1954 15.315 14.2193 18.6203 19.2795 17.835 24.3432 16.2622 16.2777 18.6902 13.8498 13.7581 13.6833
threshold=0.0010341568814612302 0.0029025973312238338 0.00055063253807489346 0.18616838164921959 -0.00038741043967216443 0.0071272240979873324 0.29869384752165867 0.71819462777599186 92501.623000000007 -0.00029190982876553523 0.00081061231577028725 -0.0021693761250210493 94272.003000000012 0.00069781333037181837 -0.0088913630397202664 114782.97650000003 105121.78375000002 0.0022607325875144695 0.0042120292363684317 -0.0014474985133763327 0.0015107064738721923 0.00065394006183808532 105996.48825000001 0.002721710983590309 0.00050204985176068777 0.00045574413701675521 111011.80700000002 0.47707063079395734 -0.0022746077968474605 0.1810224221046009
decision_type=2 2 2 2 2 2 2 2 2 2 2 2 2 2 2 2 2 2 2 2 2 2 2 2 2 2 2 2 2 2
left_child=2 3 10 7 28 27 8 11 -6 14 -1 29 -11 -14 -4 16 17 -12 -17 -18 -21 22 23 -22 -24 -26 -27 -3 -5 -2
right_child=1 5 9 4 6 -7 -8 -9 -10 12 15 -13 13 -15 -16 18 19 -19 -20 20 21 -23 24 -25 25 26 -28 -29 -30 -31
leaf_value=-0.010315052594489229 0.0028662658382789716 0.0048599719984717621 0.0084044391002327159 0.0057360713475432803 0.0017513170303307039 0.012470093297769557 0.003639439758998937 -0.0046414488931542167 -0.0028509062061517891 -0.00094788506558309623 -0.008845616450367029 -0.00081529228743076768 -0.0063551629075329465 -0.0022178141301340301 -0.00073459507855342049 -0.01481857209859881 0.044922800465506826 0.031688002624926777 0.041253099780045349 -0.0074994996198289908 0.11031023645291906 -0.041139348856458396 0.0030638312161424576 0.0046861322109614878 0.072647348928515806 0.039024155149407838 -0.019269779106873865 0.00088706255495705827 0.0020280916314040177 -0.021610173245183772
leaf_weight=1006.4187664836645 1557.6978493183851 3161.7014111056924 165.65102292597294 1730.5712324678898 1536.4079266041517 304.39558311551809 1310.0034332126379 1013.780774064362 1836.0897935330868 2033.6007143184543 213.56573592126369 6402.7177247181535 1731.4345377534628 1853.5547394677997 3134.7454356849194 114.33156430721283 8.2599724382162076 10.934710219502447 4.4380572438240042 66.418721526861191 3.9975378364324561 5.4627964347600928 57.888387195765972 3.9079684019088745 6.4407214149832752 13.615696787834169 7.590958170592784 1055.3012428060174 1885.2542061582208 20.705767661333084
leaf_count=8629 6378 14549 665 7078 6283 1737 5363 4424 7742 9077 1574 26664 9111 8532 14611 968 56 52 21 546 21 33 420 20 37 62 48 4558 7771 93
internal_value=-1.52995e-06 0.00138315 -0.0028945 0.000581986 0.0019258 0.00444666 0.000474982 -0.000657431 -0.000753393 -0.00201352 -0.00805032 -0.000150944 -0.00303433 -0.00421698 -0.000274746 -0.00363348 -0.000928807 -0.00684476 -0.0126652 0.00670476 0.00475115 0.0130076 0.0162458 0.059182 0.012178 0.0310734 0.0180244 0.00386651 0.00380371 0.00254193
internal_weight=32256.9 21814.6 10442.3 17293.2 8298.33 4521.4 4682.5 8994.9 3372.5 8918.99 1523.27 7981.12 5618.59 3584.99 3300.4 516.853 398.083 224.5 118.77 173.583 165.323 98.9041 93.4413 7.90551 85.5358 27.6474 21.2067 4217 3615.83 1578.4
internal_count=147123 92640 54483 71796 34237 20844 19388 37559 14025 41996 12487 33135 26720 17643 15276 3858 2869 1626 989 1243 1187 641 608 41 567 147 110 19107 14849 6471
is_linear=0
shrinkage=0.03


Tree=83
num_leaves=31
num_cat=0
split_feature=14 13 14 16 5 8 7 7 7 13 7 12 6 7 8 6 10 15 8 12 5 12 10 12 13 6 2 7 6 13
split_gain=136.805 69.3663 31.2914 27.3603 24.0746 24.9776 26.8601 23.8219 21.5977 27.0253 21.1939 22.5575 21.1885 20.756 20.4418 25.6003 19.9878 19.3845 18.3068 17.5551 17.3483 19.2584 16.9053 16.3058 16.0282 19.3773 15.8703 19.9504 15.7084 15.5259
threshold=0.0018313997132282649 0.00072682591663209917 0.0052501291522619791 0.13049741202032075 0.0023386639566090888 118666.87650000001 115367.13000000002 116114.01000000002 104930.39500000003 0.0010472033750838709 110442.00900000001 0.00035099082054606607 0.0033603987328484357 113305.32900000001 104610.46200000001 0.010271527644297842 116718.90125000001 0.30464569920432921 84162.560500000007 0.00045574413701675521 -0.0074145585170469199 0.0020859230529649774 115341.20116666668 0.00083571059394393899 0.00049359677666256489 -0.0028438567845204261 -0.00038197893747832218 85695.535000000018 -0.023498019440145564 0.001530449447662004
decision_type=2 2 2 2 2 2 2 2 2 2 2 2 2 2 2 2 2 2 2 2 2 2 2 2 2 2 2 2 2 2
left_child=1 4 3 -2 5 6 10 -8 14 -10 11 -1 13 -12 20 29 19 22 -13 -9 21 -3 -6 -18 25 -15 27 -20 -4 -16
right_child=2 8 28 -5 17 -7 7 16 9 -11 12 18 -14 24 15 -17 23 -19 26 -21 -22 -23 -24 -25 -26 -27 -28 -29 -30 -31
leaf_value=-0.016129127437010327 0.0035665769774037553 0.0081840017194742803 0.016988746919356586 0.00043109176038350804 -0.0010498468542315192 0.0072481055690214674 -0.023289979848329881 0.032748536495116394 -0.0041223190068705486 0.00027229885389617412 0.0080016890557505615 -0.0014748271394427049 -0.017847261407979632 -0.015482429156293958 0.0093774742491918653 0.045247436193523345 -0.011944957599784605 0.0062568864885610758 -0.022261040915339838 -0.0038642310747097957 -0.00017736031230025014 -0.0083780994547373727 -0.01502962856467366 0.041903227581876701 -0.0067192029724322038 0.027619291316055089 -0.00936980230237279 -0.0020434013796697095 0.0063033201160774457 -0.019213754692472211
leaf_weight=189.36414264887571 5863.7543493509293 409.72137804329395 149.95564891397953 4376.4535755366087 511.0163005143404 131.72517545521259 132.53133165836334 17.862691439688206 2745.6328971832991 2324.3258331418037 260.36871833354235 754.63560903072357 53.717328131198883 13.879649825394152 168.02051576972008 16.638582095503807 349.5750489756465 289.3733869343996 47.205002978444099 33.896702110767365 10521.648114711046 74.450211852788925 91.883180595934391 5.0160542428493491 241.03890013694763 28.169128440320492 1059.1435764580965 625.8124211654067 724.27071368694305 18.875846445560455
leaf_count=2031 25074 1611 902 18351 2663 747 1260 125 12631 9500 1590 4389 329 106 688 56 2570 1406 337 212 43480 322 564 20 1448 207 6927 3766 3730 81
internal_value=-1.50866e-06 -0.00141963 0.0026924 0.00222685 -0.00457438 -0.00558115 -0.00602541 -0.0122352 -0.000482221 -0.00210705 -0.00500183 -0.00614213 0.000103421 0.00188621 0.000252428 0.00967087 -0.00861752 -0.000120874 -0.00537982 0.00875214 7.78898e-05 0.00562988 -0.00318751 -0.0111632 -0.00372872 0.0133179 -0.00707916 -0.00346901 0.00814135 0.00646509
internal_weight=32230 21115.5 11114.4 10240.2 4836.21 3943.94 3812.22 538.882 16279.3 5069.96 3273.33 2676.16 597.174 543.456 11209.4 203.535 406.35 892.273 2486.8 51.7594 11005.8 484.172 602.899 354.591 283.088 42.0488 1732.16 673.017 874.226 186.896
internal_count=147123 99066 48057 43425 30697 26064 25317 4187 68369 22131 21130 17450 3680 3351 46238 825 2927 4633 15419 337 45413 1933 3227 2590 1761 313 11030 4103 4632 769
is_linear=0
shrinkage=0.03


Tree=84
num_leaves=31
num_cat=0
split_feature=13 14 14 4 12 16 15 7 10 7 13 9 10 12 9 9 1 4 7 2 8 6 4 8 17 17 15 13 12 7
split_gain=129.337 55.5123 43.285 26.0412 25.8919 22.7559 22.8461 19.4595 20.8706 32.7829 27.0473 22.6689 19.186 18.4327 16.4344 15.7209 14.6615 14.5176 14.2086 14.732 13.7701 17.7255 16.6944 13.9895 14.2538 13.5461 13.3662 12.8179 12.7578 13.7857
threshold=0.0010828228517179067 0.00059897475438309836 0.0043061855351572186 -0.0020887439658537894 0.00040998856650436769 -0.018747460802077839 0.11911137638342219 58059.65600000001 68789.071250000023 91069.103000000017 0.0016086028413831133 67241.334000000017 121860.64225000002 0.00097048197501637941 58930.447500000002 91648.095000000016 0.00072327051585563417 -0.020197045047089853 55076.499000000003 -0.001273972909830001 112564.68600000003 0.0025631696857068014 -0.0020029740578751394 111818.71800000002 0.68993089184832812 0.30546449370067713 0.94318454182933775 0.0011599212754306761 0.003063864875755707 92501.623000000007
decision_type=2 2 2 2 2 2 2 2 2 2 2 2 2 2 2 2 2 2 2 2 2 2 2 2 2 2 2 2 2 2
left_child=1 4 3 -2 12 6 14 -5 10 -10 27 13 16 -12 18 -11 -1 -4 -3 -20 21 23 -23 -6 -25 -24 -7 -9 29 -17
right_child=2 5 17 7 20 26 -8 8 9 15 11 -13 -14 -15 -16 28 -18 -19 19 -21 -22 22 25 24 -26 -27 -28 -29 -30 -31
leaf_value=-0.013574385091423724 0.0032104675010012169 -0.0093751689419629483 0.019314189454172237 0.0055752203590274611 -0.0053091984652548106 -0.0031279760680151887 0.0035745352408255455 0.0010850258246424991 0.0041181012942843043 -0.010266673071235769 0.039476989393253399 -0.014554110837569492 0.03398245350119012 0.0025453424625920241 -0.0012333572821913929 0.0089948189816133044 0.011731294424081747 0.0059161139039907414 -0.011622830407978053 0.018373034863615308 -0.0081841730379379213 0.021518096185227625 0.0064827058610394559 0 0.044418285622390641 -0.0032721902044788487 -0.00017206783207497861 -0.006331355337176753 0.0096299043303744759 -0.0004265559922878012
leaf_weight=475.29640489816666 4576.9430331215262 29.58504119515419 76.783569313585758 644.68019315600395 1497.0394387692213 4594.0908666625619 1475.1828023120761 256.68355004489422 2126.2334959357977 136.86595368385315 12.260218888521193 70.928313449025154 8.0029334574937803 821.89448086172342 3594.9052510857582 143.27111457288265 21.337929487228394 1457.3839307948947 17.150481700897217 97.744731217622757 645.16486059874296 33.985758751630783 190.22997883707285 17.951654478907589 10.062594354152678 391.8188012316823 1969.0989784300327 1130.0461419820786 121.5305707231164 5558.8293089494109
leaf_count=4768 19188 125 491 2632 8699 21461 6513 1035 8782 588 42 309 59 3436 16344 582 180 7331 72 374 3956 153 928 98 50 2069 8899 4662 562 22735
internal_value=-1.54869e-06 -0.00202899 0.0017813 0.00130818 -0.00547387 -0.00106615 0.000412764 0.000518035 0.00020356 0.00092001 -0.00232308 0.00170844 -0.0117296 0.00309642 -0.000833811 -0.000220362 -0.0124789 0.00658984 0.00908079 0.0138632 -0.00433939 -0.00317913 0.00111158 -0.00491426 0.0160277 -7.82954e-05 -0.00224161 -0.00495644 1.54014e-05 -0.000189155
internal_weight=32203 15068.6 17134.3 15600.2 3290.89 11777.8 5214.57 11023.2 10378.5 8086.73 2291.81 905.083 504.637 834.155 3739.39 5960.5 496.634 1534.17 144.48 114.895 2786.25 2141.09 616.035 1525.05 28.0142 582.049 6563.19 1386.73 5823.63 5702.1
internal_count=147123 74748 72375 64553 20960 53788 23428 45365 42733 33249 9484 3787 5007 3478 16915 24467 4948 7822 571 446 15953 11997 3150 8847 148 2997 30360 5697 23879 23317
is_linear=0
shrinkage=0.03


Tree=85
num_leaves=31
num_cat=0
split_feature=11 14 17 1 13 14 6 6 14 1 16 10 16 17 1 10 2 18 6 8 6 7 5 12 18 10 14 5 13 6
split_gain=123.385 61.0552 27.6727 25.0434 23.0217 21.3127 20.9925 20.8047 20.51 18.0379 18.0291 18.0088 17.4559 17.3919 19.5195 16.8256 17.0883 24.9601 15.9221 18.0512 27.3611 22.0468 16.753 19.8754 20.6667 14.9333 14.6153 14.0442 13.9519 14.6438
threshold=0.00067410959916185944 0.0029025973312238338 0.43183768324413518 -0.00091440533753506237 0.00068360336293240252 0.0071272240979873324 -0.0086698661438749918 0.0020281808244676518 0.0019075065047586173 -0.0021879786344505265 0.67727849880431257 109269.55191666669 -0.51968645888704346 0.67550335205336487 -0.00073918681035239897 59077.962833333346 0.0005841171803747659 6.2355802220097949e-05 0.0058128707866480509 83227.41750000001 -0.0016374824146332399 97730.260000000024 0.00072781544447697588 0.00051228942071933554 0.21714682891633838 121314.54758333335 0.00050267133105523552 -0.002554078034551543 0.0010273600309433854 -0.0061400719492963321
decision_type=2 2 2 2 2 2 2 2 2 2 2 2 2 2 2 2 2 2 2 2 2 2 2 2 2 2 2 2 2 2
left_child=4 2 8 6 9 -3 12 -5 -2 -1 -8 -9 -4 14 -13 -6 17 28 19 -11 -21 -22 -23 24 -24 -18 27 -19 29 -17
right_child=1 5 3 7 15 -7 10 11 -10 18 -12 13 -14 -15 -16 16 25 26 -20 20 21 22 23 -25 -26 -27 -28 -29 -30 -31
leaf_value=0.035335717031426059 0.00075276931012958621 0.0035341081105848236 -0.030463112150925387 -0.0027415679149034068 0.0088673725229115735 0.011831029380870871 0.0013487807120162721 0.0010694773787939206 0.0042245031431010329 -0.0012145202301741731 -0.0058175163659721137 0.029012762356197395 0.0077311773739751951 -0.0076321760953793616 -0.00053565248168526878 0.017112153597101457 -0.0055795818776595389 0.0093604293980398684 0.0050806484428604498 -0.0024043284532737396 -0.015400541154323615 -0.010567188553399925 0.0057073837128616333 -0.010093358409734243 -0.010077835192105254 -0.037273043251207311 0.0017866617470456889 -0.008203050922863938 -0.02193881169253149 -0.0074777946050800315
leaf_weight=9.5295043513178808 6620.6740480586886 4184.6642496213317 10.867934614419935 5135.7659359872341 123.83725434541702 298.85598413646221 2738.5141199156642 3361.0598655343056 1993.6059489101171 543.11551456153393 356.98478911817074 21.513470813632011 526.22134758532047 469.65135011076927 289.10340984165668 23.426792606711388 796.35445393621922 48.441953346133232 117.23828665167093 733.69293890893459 410.75384247303009 708.30744827538729 243.65777487307787 257.91808710247278 107.45420899242163 13.550341814756392 1431.0757605433464 258.84851288795471 55.683282017707825 287.15776532888412
leaf_count=41 27481 19057 50 21869 495 1737 11285 13764 8317 3581 1501 82 2127 2085 1234 104 3779 230 591 5063 3040 5706 1877 1573 828 77 6483 1365 260 1441
internal_value=-1.49609e-06 0.000903252 0.000239687 -0.000638841 -0.00381556 0.00408807 0.0014723 -0.00146582 0.00155662 -0.00562105 0.000521206 0.000115567 0.00694721 -0.00398923 0.00150991 -0.00195352 -0.00241461 -0.000987795 -0.00574815 -0.00617179 -0.00726415 -0.00932548 -0.00742793 -0.00377089 0.000866444 -0.00611808 0.000510354 -0.0054224 -0.00810464 -0.00560846
internal_weight=32177.5 26007.5 21524 12909.7 6170.04 4483.52 3632.59 9277.09 8614.28 3131.67 3095.5 4141.33 537.089 780.268 310.617 3038.38 2914.54 2104.63 3122.14 3004.9 2461.78 1728.09 1317.34 609.03 351.112 809.905 1738.37 307.29 366.268 310.585
internal_count=147123 110589 89795 53997 36534 20794 14963 39034 35798 22300 12786 17165 2177 3401 1316 14234 13739 9883 22259 21668 18087 13024 9984 4278 2705 3856 8078 1595 1805 1545
is_linear=0
shrinkage=0.03


Tree=86
num_leaves=31
num_cat=0
split_feature=11 11 13 4 6 7 7 13 4 11 11 9 3 8 9 17 1 3 18 9 13 6 3 7 11 7 17 13 5 16
split_gain=116.873 52.6269 31.7252 24.7043 20.4525 36.9473 31.0129 19.4004 18.3978 18.3807 19.8447 22.9995 18.229 20.9583 18.8423 17.8246 17.0909 16.1075 16.7637 15.5159 15.5124 15.0206 15.3005 14.978 18.9098 15.2476 17.8487 14.781 14.6998 14.6137
threshold=0.0011500674018399438 0.00045530295664389982 0.0026241499810997679 -0.0033251803093476968 0.0055883807096259739 58059.65600000001 57901.786000000007 0.0023372750606612722 -0.00032695708895197345 0.00048661349382275932 0.00064113996635474719 63550.402750000008 -0.0020790988050447541 57229.717500000006 121265.81700000001 0.55440374836511697 -0.0054907692438028169 -0.00036419597768605477 0.26907186004472267 119083.56025000002 0.0024855242857915009 0.011140352636577091 -0.0063538294918633045 67806.302000000011 0.00034035948233228228 122462.70800000001 0.48105019273658356 0.00078519737472450225 -0.027506927825615698 -0.32836904084804236
decision_type=2 2 2 2 2 2 2 2 2 2 2 2 2 2 2 2 2 2 2 2 2 2 2 2 2 2 2 2 2 2
left_child=1 23 12 21 5 7 -6 -5 17 -10 -11 29 13 -2 19 -7 -4 18 -8 -14 28 22 -3 24 -1 -25 -27 -17 -15 -12
right_child=2 3 16 4 6 15 8 -9 9 10 11 -13 14 20 -16 27 -18 -19 -20 -21 -22 -23 -24 25 -26 26 -28 -29 -30 -31
leaf_value=-0.014944335277522772 0.017425369680626055 0.020542616734157401 0.018080324785203539 0.0081980088571323908 -0.018625979024040215 -0.0011100719884759643 -0.0050963047810910116 -0.049217397304583632 0.025500913188464258 -0.0057750723991021168 0.027372582038700327 0.0018802486232984336 0.00090081047009517323 0.027370353840318492 -0.012370512389591559 -0.0053416857121585904 0.0053979627052076805 -0.0093671662306950652 0.0086369600322478597 0.012965563843800754 0.014639488185647677 -0.020561034952860702 0.0021939611764743945 -0.0079920503623695412 0.0060437113254887846 -0.014070330030314826 0.067120176588061728 -0.0022563700710880796 0.002544119838893986 0.0082124684753575559
leaf_weight=51.1436852440238 94.406596012413502 41.85700024664402 103.09755327552557 363.36688211560249 72.410029351711273 5843.5396742969751 186.72668358683586 5.2628251314163199 30.484118968248367 257.42502342164516 43.327666327357292 1858.8072947263718 8548.60400673002 21.54060760140419 95.252520754933357 2279.9948881417513 1354.5797731876373 247.37482725083828 139.72138099372387 96.969522222876549 101.37273728847504 25.363278284668922 1706.9174759611487 1435.8713283911347 156.73360881209373 4.3867445662617666 5.1689842194318771 3625.4717547744513 3142.9053041860461 212.11102397739887
leaf_count=428 419 169 635 1430 310 26843 797 25 140 1227 160 7666 35205 109 401 12600 6737 1075 562 373 492 110 7020 11322 960 26 24 15497 13529 832
internal_value=-1.50632e-06 -0.00154615 0.00211648 -0.0010473 -0.00143927 -0.0019919 0.000756508 0.00735704 0.00122973 0.00238335 0.00208388 0.00304241 0.00161246 0.00349068 0.000890039 -0.00228554 0.00629819 -0.00359392 0.000773258 0.00103663 0.00308642 0.00230154 0.002636 -0.00665522 0.000860932 -0.00773824 0.0297777 -0.00344813 0.00271492 0.0114836
internal_weight=32152.2 18593.5 13558.7 16940.2 15166 12117.6 3048.39 368.63 2975.98 2402.16 2371.67 2114.25 12101.1 3360.23 8740.83 11749 1457.68 573.823 326.448 8645.57 3265.82 1774.14 1748.77 1653.3 207.877 1445.43 9.55573 5905.47 3164.45 255.439
internal_count=147123 89223 57900 76463 69164 56395 12769 1455 12459 10025 9885 8658 50528 14549 35979 54940 7372 2434 1359 35578 14130 7299 7189 12760 1388 11372 50 28097 13638 992
is_linear=0
shrinkage=0.03


Tree=87
num_leaves=31
num_cat=0
split_feature=14 13 13 3 17 10 6 4 5 2 6 2 4 1 10 18 4 4 6 6 17 4 19 18 1 6 8 16 14 13
split_gain=112.012 48.1135 42.6901 31.1439 22.0758 19.5371 25.7498 19.1086 18.7561 18.2214 24.1241 18.1884 16.6387 15.8323 14.8542 13.614 13.49 13.4107 13.2486 13.1556 13.0421 12.8862 15.6719 14.1716 12.8819 11.8374 11.4445 17.3452 14.3142 14.2841
threshold=0.0010341568814612302 0.0014207478014663585 0.00055063253807489346 -0.0032443558762916265 0.72277164214181977 58049.635666666676 0.005353962416768999 0.001444435966828417 -0.01804197168760829 0.00034003733227805372 -0.0022746077968474605 0.0015008583865524507 0.00039790817277318707 -0.00029190982876553523 123484.74150000002 0.26620249571241777 0.016021920813402594 0.001209375652339806 0.012564984238755518 -0.0088913630397202664 0.42781532897394431 0.0015127214005071778 0.00023121387287947443 0.023883916717485024 0.0021341500465692502 0.0062985459917300765 104931.02300000002 -0.40451698156479338 0.0017313141932975924 0.00039913891961255863
decision_type=2 2 2 2 2 2 2 2 2 2 2 2 2 2 2 2 2 2 2 2 2 2 2 2 2 2 2 2 2 2
left_child=2 4 7 8 5 6 -2 -1 -3 10 -7 -11 15 19 16 -12 17 -5 -8 -4 -15 22 -9 -24 -22 -21 -6 -28 29 -29
right_child=1 3 13 14 26 9 18 21 -10 11 12 -13 -14 20 -16 -17 -18 -19 -20 25 24 -23 23 -25 -26 -27 27 28 -30 -31
leaf_value=-0.0087580456014619609 0.012869645453581035 0.013729742090982688 0.0081122580548204856 0.0030879283986236521 -0.00064633574213251912 0.0042922610852344171 -0.0035272769582637546 -0.016462223366967815 0.0050671785039434446 -0.003289717825224363 -0.0049949950641646852 0.0011880151646844728 0.0026137598210225804 -0.0011272371902273004 -0.036907634257844588 0.00076588068358124037 0.0093009851975774313 0.00049834422565386111 -0.047422039974296878 -0.0012691617860295914 -0.004320869701410276 -0.0015193650018230605 0.010507316716356954 0.074828197714575648 0.0094253867448936338 0.0042649793471829546 0.0086212952101806361 0.042136942089945367 -0.001316592220332972 -0.0079243986262550505
leaf_weight=1249.0614227280021 241.58734413981438 260.53294606506824 165.54884660243988 3574.5266106575727 2727.8653664365411 2007.063361287117 60.282946363091469 5.599620774388316 1672.9711774811149 1677.1252147257328 756.76891385018826 1589.4624162092805 1161.3879232183099 2487.0528066977859 8.7305486351251584 719.22754048556089 221.5620496571064 3631.6546295806766 6.8306529819965354 2728.4370166882873 3047.2699344158173 223.36434319615364 6.276221886277197 6.2831299304962158 62.391307726502419 398.43712554872036 91.981287732720375 5.0491866767406455 587.33175708353519 744.87142086029053
leaf_count=10915 933 1475 665 15134 11339 8239 245 42 7749 7126 3246 6465 4776 11562 41 2996 1090 15508 32 12952 14905 1449 45 36 253 1659 380 30 2421 3415
internal_value=-1.4435e-06 0.00122228 -0.00256558 0.00284405 -5.26164e-06 0.000895527 0.00829912 -0.0072644 0.00623663 0.000606147 0.00181384 -0.00111005 -7.11993e-05 -0.00177724 0.0019615 -0.00218593 0.00200808 0.00178331 -0.00810332 -0.000125562 -0.00274833 0.000448147 0.0246896 0.0432593 -0.00404381 -0.000562909 -0.00178707 -0.00396201 -0.00483036 -0.00757776
internal_weight=32126.5 21746.8 10379.7 9369.98 12376.8 8219.74 308.701 1490.58 1933.5 7911.04 4644.45 3266.59 2637.38 8889.14 7436.47 1476 7427.74 7206.18 67.1136 3292.42 5596.71 241.523 18.159 12.5594 3109.66 3126.87 4157.1 1429.23 1337.25 749.921
internal_count=147123 92640 54483 40997 51643 34058 1210 12487 9224 32848 19257 13591 11018 41996 31773 6242 31732 30642 277 15276 26720 1572 123 81 15158 14611 17585 6246 5866 3445
is_linear=0
shrinkage=0.03


Tree=88
num_leaves=31
num_cat=0
split_feature=14 14 16 11 0 6 5 5 7 3 14 7 6 3 12 1 17 6 15 11 6 12 7 6 7 9 17 12 2 17
split_gain=106.116 57.2284 30.6887 27.7347 24.8671 29.4587 23.3139 20.2423 19.3828 18.7525 18.5623 18.0877 16.5338 15.9053 15.5221 15.3329 15.1944 14.0942 13.9823 13.5678 13.4122 16.4629 13.6995 14.3194 13.3708 17.119 13.0108 17.3984 12.9832 13.651
threshold=0.00071428902181356376 0.00249334913266715 0.34901584310982375 0.00045530295664389982 0.00055159379103109096 -0.002920665405786393 -0.01804197168760829 -0.0081383198492523384 108113.65100000001 -0.0021693761250210493 0.0016797998240347222 57496.54500000002 0.0072215064058328568 0.0012821423433995174 0.0055426614884636852 0.00072327051585563417 0.78896610683207591 -0.014147808832570106 2.2816459612727074 0.00080767798880412574 -0.0099700767544009788 0.00072025080222363179 93796.584000000017 0.00043312486302027336 68220.894000000015 56920.073000000011 0.58654650203831371 0.0010019085103479262 -0.0060567587733855168 0.45444890449124442
decision_type=2 2 2 2 2 2 2 2 2 2 2 2 2 2 2 2 2 2 2 2 2 2 2 2 2 2 2 2 2 2
left_child=3 2 4 15 5 10 9 -7 14 -3 13 17 20 18 28 -1 -4 -6 -2 -10 21 -5 23 26 25 -12 -22 -28 -8 -30
right_child=1 6 16 12 11 7 8 -9 19 -11 24 -13 -14 -15 -16 -17 -18 -19 -20 -21 22 -23 -24 -25 -26 -27 27 -29 29 -31
leaf_value=-0.0088169580335031531 0.0035967685979729474 0.014845551309723693 -0.0012363887989989926 0.04953572599469979 -0.029088907305343199 0.013738925741898562 0.0097026881883617508 0.00013516108893259958 0.017718366264633009 -0.00030681843206508455 0.024827358663905241 -0.0014929276563409501 0.0037200680864186621 -0.0029778172290742923 0.020597269508976484 0.004958803139173267 -0.0053776503729484094 0.011603060432305258 -0.014698977713625622 -0.0027399748274036066 -0.00046127166969940175 0.0043303784956026173 -0.0048114186518986969 0.0025170131527207729 0.0085642621395580834 -0.0016518377997395775 -0.013360210674812505 0.0061792329198881125 0.005174025896615397 0.0018087237661132927
leaf_weight=1116.6836527660489 2038.3815164044499 263.71813957393169 3258.1757420822978 8.1572166383266431 7.9865358322858802 99.651590645313263 269.74968388676643 7564.0127386599779 30.366926550865173 101.36387269943953 24.120422005653381 4807.7405364215374 329.43395422399044 446.77491415292025 47.04976823925972 77.432739980518818 1057.0685830935836 135.72374977171421 38.143277764320374 673.86725607514381 367.65118366479874 61.669789656996727 2468.2862547039986 573.96545562148094 870.83805485069752 236.03951887786388 198.91219786554575 51.363495275378227 1633.595320686698 3243.3218267410994
leaf_count=9413 8515 1504 14381 32 38 395 1408 32254 120 545 98 20387 1411 1847 268 551 4877 535 181 2867 1750 251 13331 2705 3508 996 1092 204 7339 14320
internal_value=-1.40044e-06 0.000761507 -2.35303e-06 -0.00390066 0.000594065 0.00136995 0.00327252 0.000312621 0.00281633 0.0106314 0.00358645 -0.00117883 -0.0027172 0.00215309 0.00344981 -0.00792081 -0.00225163 0.00930213 0.00325856 -0.00185115 -0.00328663 0.00971747 -0.00353579 -0.000891401 0.0067812 0.000800219 -0.00406208 -0.00933733 0.00329207 0.00293668
internal_weight=32101.2 26847.7 20584.7 5253.56 16269.4 11318 6263.03 7663.66 5897.95 365.082 3654.3 4951.45 4059.44 2523.3 5193.72 1194.12 4315.24 143.71 2076.52 704.234 3730.01 69.827 3660.18 1191.89 1131 260.16 617.927 250.276 5146.67 4876.92
internal_count=147123 116383 88012 30740 68754 47794 28371 32649 26322 2049 15145 20960 20776 10543 23335 9964 19258 573 8696 2987 19365 283 19082 5751 4602 1094 3046 1296 23067 21659
is_linear=0
shrinkage=0.03


Tree=89
num_leaves=31
num_cat=0
split_feature=14 11 14 17 1 5 1 5 3 5 10 7 13 13 3 17 1 16 3 5 14 3 11 12 13 10 11 15 16 17
split_gain=100.611 48.2147 38.1438 29.132 18.1188 17.7191 17.3693 17.3154 26.2292 16.5385 15.6352 25.7296 15.2803 13.7022 13.671 13.547 13.9401 13.4817 14.5243 13.7245 13.4151 12.163 11.7843 11.4291 17.7597 11.1801 12.356 11.1406 13.3822 12.3226
threshold=0.0011648694576291984 0.00045530295664389982 0.003538931165861839 0.56149132917992739 0.0025085764308069307 -0.0084289269578427511 0.00062668033919643939 -0.0022032697478472914 0.0012271610079525044 -0.027506927825615698 62072.667916666673 60627.165000000015 0.00048584722937311677 0.00082290788762039483 0.00020428443777564811 0.19125104391361877 0.00056791931069444257 -0.026491984173484747 -0.0034122223434441263 -0.0067996995738511248 0.0033001993330650206 0.0026698653067348537 0.0019111159753894189 0.00049987861271111962 0.00039913891961255863 103133.599 0.0013058418780485406 0.11911137638342219 0.16746027695030344 0.48796790932166051
decision_type=2 2 2 2 2 2 2 2 2 2 2 2 2 2 2 2 2 2 2 2 2 2 2 2 2 2 2 2 2 2
left_child=1 10 3 6 7 -5 15 8 23 -4 11 14 -9 -10 -1 16 -2 19 20 -7 -19 -12 -8 24 -3 -11 -27 28 -14 -29
right_child=2 4 9 5 -6 17 22 12 13 25 21 -13 27 -15 -16 -17 -18 18 -20 -21 -22 -23 -24 -25 -26 26 -28 29 -30 -31
leaf_value=-0.016652152782136116 0.0048665101151812067 0.058042671104300669 0.018186734435617649 0.0047754900600598688 0.013239553424834462 -0.0085995721092501243 -0.00083744432141613884 -0.010117216634568896 -0.021233564817708016 0.0051449247610464224 -0.0079957113004832034 0.032953889677634074 -0.0018243384365209745 -0.00449979496149142 0.01124839896596061 0.0020621382661286151 0.023124273249177481 0.0047326164891698863 -0.0024808128769725156 0.0010147061043096466 -0.016128700671500618 0.039388754819101882 0.0038225872154750529 0.0022519538169011545 -0.014201535795788004 0.011100890240952482 -0.0020379488691144028 0.0031123877778006384 -0.0052294346648489353 -0.0023574658202749088
leaf_weight=35.840925768017769 1609.607852615416 3.1125013306736937 78.744730614125729 543.84391831606627 75.338373839855194 139.31017917394638 2293.3266041874886 212.19465587288141 52.090591885149479 2167.3999572396278 1439.7552774623036 22.328083984553814 5375.0158149078488 288.98218075931072 28.013502672314644 3998.435802295804 38.546684235334396 404.12136770784855 3983.9179013669491 3200.3124986514449 29.637921988964081 4.773648113012313 620.36873490363359 2122.1194173544645 61.165096141397953 76.648324176669121 400.75354025512934 745.096276730299 1289.5316927731037 737.13390826433897
leaf_count=253 6641 21 508 2295 294 592 9422 1653 282 10615 11673 119 24892 1205 165 16593 148 1639 16718 13149 137 20 2725 9413 428 300 1894 3455 6244 3630
internal_value=-1.32413e-06 -0.0021051 0.00134044 0.000808114 -0.00140827 -0.000457884 0.00203613 -0.00151003 0.000664884 0.00463482 -0.00709288 0.00529459 -0.00216801 -0.00706974 -0.00436658 0.00300687 0.00529672 -0.000825225 -0.00191277 0.000612509 0.0032969 -0.00783433 0.000153813 0.00187311 -0.0105719 0.00422953 6.71321e-05 -0.00196047 -0.00248371 0.000390153
internal_weight=32077.5 12492.5 19585 16861.4 10961.8 8301.14 8560.29 10886.4 2527.47 2723.55 1530.71 86.1825 8358.97 341.073 63.8544 5646.59 1648.15 7757.3 4417.68 3339.62 433.759 1444.53 2913.7 2186.4 64.2776 2644.8 477.402 8146.78 6664.55 1482.23
internal_count=147123 63747 83376 70059 51517 34530 35529 51223 11349 13317 12230 537 39874 1487 418 23382 6789 32235 18494 13741 1776 11693 12147 9862 449 12809 2194 38221 31136 7085
is_linear=0
shrinkage=0.03


Tree=90
num_leaves=31
num_cat=0
split_feature=14 13 3 5 17 12 5 9 7 4 10 10 9 12 10 11 10 7 17 11 9 3 16 5 7 13 10 3 11 10
split_gain=95.9329 49.5933 25.6535 25.5021 21.4299 20.8122 24.7152 21.6341 49.87 22.5575 22.5155 23.3463 21.0261 20.0043 20.9229 19.5228 16.4562 16.1859 16.1515 16.0122 15.6226 14.2729 14.1274 13.8296 13.7537 22.8642 14.0234 13.0077 12.8102 14.6925
threshold=0.0018313997132282649 0.00059932848766249003 -0.0067560172787827213 0.0028325676401592674 0.43183768324413518 0.00065900733375212032 -0.0038171217565788891 115023.76475000002 111156.85300000002 0.001444435966828417 116469.22350000001 116718.90125000001 107996.197 0.00033778839910711861 111592.23616666668 0.00085018158918218534 118134.97358333335 116704.51300000002 0.42392369190341544 0.00040484686875043741 117422.12300000001 -0.00082038526464761608 -0.018747460802077839 0.00020302927893289804 56636.97600000001 0.00083639793455428282 56602.265416666669 -0.0012281757342784692 0.00034035948233228228 106234.7325
decision_type=2 2 2 2 2 2 2 2 2 2 2 2 2 2 2 2 2 2 2 2 2 2 2 2 2 2 2 2 2 2
left_child=1 3 -2 5 27 6 -1 8 9 12 -9 17 28 14 -10 18 -7 21 -3 20 -13 -12 -6 -16 25 -17 -27 -4 -8 -30
right_child=2 15 4 -5 22 16 7 10 13 -11 11 19 -14 -15 23 24 -18 -19 -20 -21 -22 -23 -24 -25 -26 26 -28 -29 29 -31
leaf_value=0.010527352194039021 0.007636629647310933 -9.5826578104154378e-05 0.0063650929717061645 0.0039775954340468284 0.0026173184839793973 -0.02019147968720951 -0.013722831428111672 -0.022346879575312069 -0.0020952645425120452 0.0034854416090509023 -0.013125608245999738 -0.027861661166652806 -0.016266764101033043 0.0070409910399959084 0.026705687275170267 -0.045110101858669135 0.03175472204907593 -0.035621543220605643 -0.0028619279292522014 -0.017354439597150148 0.0035162317730691641 0.037904407675410111 -0.00015517282633135336 0.11323095372854462 4.7444930971261821e-05 0.0085453075787903319 0.039172626998491097 0.0024523888835511144 -0.0056576426475456873 0.010539360504871621
leaf_weight=82.444564945995808 745.84028511494398 3110.6935042887926 1191.0062531679869 241.78156188875437 2707.9195795431733 124.81383989751339 165.85440868884325 136.01608095318079 4.6336460858583433 171.37826040387154 6.3251253068447175 16.99007523059845 231.14671014994383 185.05917899310589 2.9938186481595039 6.5147107094526282 5.610340639948844 4.386164315044879 4889.9202943518758 134.99351411312819 86.410573303699493 20.525696061551571 4245.4652397856116 4.2394754812121391 10471.866004556417 124.4886504560709 15.098360747098921 2148.5323818027973 717.72436761856079 54.000566236674786
leaf_count=490 3940 14324 5165 1262 11589 757 1706 1386 42 1118 46 173 2090 1242 27 32 30 35 23219 1067 811 137 18083 28 42738 488 53 9280 5361 404
internal_value=-1.28527e-06 -0.00119083 0.00226311 -0.00525225 0.00187338 -0.00628906 -0.00553822 -0.00622207 -0.00459204 -0.0066649 -0.0123884 -0.00734721 -0.00815605 0.00949504 0.0471355 -0.000667691 -0.0179114 0.0169661 -0.00178684 -0.0105514 -0.00163252 0.0257681 0.000924134 0.0786803 0.000175311 0.00931328 0.0119052 0.00384885 -0.00615175 -0.00451917
internal_weight=32054.7 21015.9 11038.8 2397.33 10292.9 2155.55 2025.12 1942.68 1537.03 1340.1 405.647 269.631 1168.73 196.926 11.8669 18618.6 130.424 31.237 8000.61 238.394 103.401 26.8508 6953.38 7.23329 10618 146.102 139.587 3339.54 937.579 771.725
internal_count=147123 99066 48057 18212 44117 16950 16163 15673 12018 10679 3655 2269 9561 1339 97 80854 787 218 37543 2051 984 183 29672 55 43311 573 541 14445 7471 5765
is_linear=0
shrinkage=0.03


Tree=91
num_leaves=31
num_cat=0
split_feature=14 11 4 14 11 10 18 1 6 7 7 7 7 2 9 17 5 10 4 6 3 4 8 3 6 6 4 4 2 2
split_gain=91.6062 49.5886 25.1426 24.7867 24.4416 25.0782 20.7986 25.505 20.0057 19.4188 17.8414 24.8764 42.8274 20.2698 36.2402 15.9779 15.494 14.5806 14.3733 13.2035 14.0148 12.6272 13.583 13.4484 12.5372 12.4016 12.2004 12.3782 12.1444 13.241
threshold=0.00071428902181356376 0.0012311219805144918 -0.0096933514944727555 0.0071272240979873324 0.00034035948233228228 121860.64225000002 0.087293177282425513 -0.00048328496324734344 0.0072215064058328568 93796.584000000017 57496.54500000002 71919.713000000003 83881.301000000021 -0.00099416725212747559 121265.81700000001 0.38020538747945076 -0.0045271788945710481 84813.945166666672 0.0036705888234731536 -0.010280266321802343 -2.0717634166611539e-05 -0.011298772458900206 96031.600500000015 -0.0057104497841112259 0.0065384184994977676 0.00033118031704104661 -0.00167267011686395 0.00025276537372764812 0.0055687198822921289 -0.0035616455663768361
decision_type=2 2 2 2 2 2 2 2 2 2 2 2 2 2 2 2 2 2 2 2 2 2 2 2 2 2 2 2 2 2
left_child=4 2 -2 10 5 26 -4 16 9 25 -3 28 17 21 15 18 -8 -13 24 20 -11 22 -14 -23 -15 -6 -1 -28 29 -12
right_child=1 3 6 -5 8 -7 7 -9 -10 19 11 12 13 14 -16 -17 -18 -19 -20 -21 -22 23 -24 -25 -26 -27 27 -29 -30 -31
leaf_value=0.0083259059861881795 0.023113215766832101 0.0074344359950453149 -0.0019188816782288449 0.010858147761927235 -0.003385512259550371 0.052931954647467777 0.0067271086169520067 -0.00074894549328696693 0.0038922937759469922 0.024224780914603825 0.0050365527275458895 0.0087039853035938333 0.02026671469444085 0.0069328410498004358 -0.021260562226698601 -0.00038337372124003721 0.0015059298333745664 -0.032420050644758641 -0.00070485126608094324 -0.0051452361819007766 -0.011150535901574861 -0.0022143661082753472 0.0044163542794321995 0.0041547261258979493 -0.0016686774149686856 0.0022630408790702246 -0.017387916788599075 -0.0065846497115464638 0.0090880677718237837 -0.0020419043966844151
leaf_weight=26.227627523243427 40.605518162250519 510.35365853458643 5720.2458203658462 288.3121504932642 719.36777272075415 5.4147353097796431 641.83867964148521 6141.811960272491 348.52257308363914 27.85005958378315 265.91539565473795 975.29063667356968 84.031918957829475 848.448276668787 67.543144270777702 3118.5748005956411 2532.1476973071694 7.6956267803907386 524.2473302334547 3011.1125378981233 15.555335000157354 348.45188634097576 117.07690081745386 2050.7874651104212 185.2329106926918 680.32918604463339 222.03039965033531 169.72812421619892 105.69014963507652 2232.0744101852179
leaf_count=223 166 2294 25485 1726 3775 37 2584 26640 1509 108 1234 4293 436 3498 293 13105 10767 47 2256 17677 68 1670 590 8602 781 3403 2339 1601 466 9450
internal_value=-1.3294e-06 0.000706949 -0.000430995 0.00216984 -0.00363481 -0.0105467 -0.00049493 0.000379118 -0.00302464 -0.00356661 0.00195055 0.00169417 0.0024945 0.00170684 0.000539244 0.00085519 0.00256287 0.00837572 0.00333627 -0.00490761 0.0114818 0.00383573 0.011061 0.00322841 0.00538856 -0.000637898 -0.0113887 -0.012718 -0.000864381 -0.00128702
internal_weight=32032.5 26806.4 15076.6 11729.7 5226.14 423.401 15036 9315.8 4802.74 4454.21 11441.4 10931.1 8327.38 7344.39 4744.05 4676.5 3173.99 982.986 1557.93 3054.52 43.4054 2600.35 201.109 2399.24 1033.68 1399.7 417.986 391.759 2603.68 2497.99
internal_count=147123 116383 65642 50741 30740 4200 65476 39991 26540 25031 49015 46721 35571 31231 19933 19640 13351 4340 6535 17853 176 11298 1026 10272 4279 7178 4163 3940 11150 10684
is_linear=0
shrinkage=0.03


Tree=92
num_leaves=31
num_cat=0
split_feature=11 13 4 8 12 4 8 6 18 7 6 13 3 6 7 6 13 11 7 12 7 9 7 13 7 9 5 4 5 12
split_gain=86.5238 44.4224 24.2248 22.6878 25.9172 22.4623 20.7176 19.5348 15.6569 14.982 19.2504 22.6129 22.4293 21.4615 15.872 15.9129 14.7791 19.3567 17.4205 14.6444 14.4106 14.0482 14.0428 13.97 25.1231 15.6855 14.3468 13.9394 13.771 13.5499
threshold=0.00067410959916185944 0.0021010940198595953 -0.0026883213992685557 97065.652000000016 0.0020132270070750261 -0.0053431986789395638 57730.136000000006 0.0091183239221483987 0.00010027575868088686 109396.04300000001 0.0020281808244676518 0.00091099097288693993 0.0015487047089449704 -0.002343009617685687 55076.499000000003 0.0080062454984947146 0.00034444809460778414 0.00049867190261302546 107484.56500000002 0.0011573856939539045 57735.488000000005 98361.503000000012 56918.37200000001 0.00062234326592058809 67405.737000000008 104926.01525000001 0.013637547302047583 -0.0015166627037968004 0.006072363988646968 0.00030397623063466682
decision_type=2 2 2 2 2 2 2 2 2 2 2 2 2 2 2 2 2 2 2 2 2 2 2 2 2 2 2 2 2 2
left_child=2 5 8 -3 -5 20 -4 16 -1 10 11 -7 13 -13 15 28 17 29 -19 -10 -2 -6 -14 24 -16 -26 -25 -9 -12 -8
right_child=1 3 6 4 21 9 7 27 19 -11 14 12 22 -15 23 -17 -18 18 -20 -21 -22 -23 -24 26 25 -27 -28 -29 -30 -31
leaf_value=-0.0070338784805936035 0.016348091342384845 0.0054687899026901075 0.015025588866215724 -0.0076201049391558633 -0.0073861865682254184 -0.0032205199794750707 -0.0069951882733307689 -0.032117693599823083 0.0048445115416407428 -0.0016530831932309168 -0.0017323383663549715 0.0028291405226839525 0.012984550383115303 -0.0011520158412405856 -0.011691640522543763 -0.05410271882282746 -0.0039338748564797157 0.085847515499235708 -0.0076090628108258567 0.040239123835299685 0.0028831059463314546 0.0051114240314445048 -0.0029873202795239803 0.0012060464895355704 0.036671514633097736 0.0047872752835657782 0.007555786310999694 0.0099831477671932945 -0.050721438490167269 -0.023183746217025725
leaf_weight=108.31679940223694 74.532665893435478 2457.1846388727427 52.034614503383636 282.166329652071 94.605500854551792 2157.5584741160274 106.91028975695372 7.387703761458396 387.39914605021477 4027.7877330780029 41.989644676446915 3188.087003134191 50.788543343544006 1971.361599996686 24.353719919919968 7.7487938851118079 5211.2042157202959 3.2651495188474646 3.7024403214454651 10.746421396732329 1795.0730613619089 551.56114067137241 1795.2255244702101 6992.279685229063 36.233307033777237 22.911184415221214 335.76954294741154 122.16171607375145 5.815214827656745 83.494023606181145
leaf_count=543 319 11935 201 1200 450 9685 1300 35 1795 17438 174 12906 198 8070 123 38 31081 17 26 37 7758 2610 7401 28615 147 104 1390 528 28 971
internal_value=-1.25674e-06 0.000755196 -0.00321693 0.00395932 -3.29992e-05 0.00027352 -0.00378637 -0.00396394 0.00306202 -1.13285e-05 0.000386129 -0.000535031 0.000291658 0.00130742 0.0015169 -0.014439 -0.00424008 -0.0123036 0.0363571 0.00581725 0.00342234 0.00327614 -0.00254559 0.00163709 0.0138359 0.0243999 0.0014975 0.00753624 -0.00784767 -0.0141182
internal_weight=32009.7 25913 6096.62 3385.52 928.333 22527.5 5590.16 5538.13 506.462 20657.9 16630.1 9163.02 7005.46 5159.45 7467.1 55.5537 5408.58 197.372 6.96759 398.146 1869.61 646.167 1846.01 7411.55 83.4982 59.1445 7328.05 129.549 47.8049 190.404
internal_count=147123 110589 36534 16195 4260 94394 34159 33958 2375 86317 68879 38260 28575 20976 30619 240 33395 2314 43 1832 8077 3060 7599 30379 374 251 30005 563 202 2271
is_linear=0
shrinkage=0.03


Tree=93
num_leaves=31
num_cat=0
split_feature=14 14 16 1 11 10 6 6 5 10 4 17 6 6 2 5 3 17 1 9 5 11 14 8 8 10 4 15 15 19
split_gain=82.7816 45.2825 28.3608 25.1906 22.7314 23.1976 21.0121 18.4162 18.2288 18.0017 20.5802 16.636 14.3196 13.7512 13.3517 12.9229 12.7871 12.656 13.6627 12.4304 20.7181 12.402 12.3952 12.3332 12.1499 15.3332 12.487 12.0455 12.2641 11.956
threshold=0.00071428902181356376 0.0029025973312238338 0.34901584310982375 -0.00048328496324734344 0.00034035948233228228 121860.64225000002 -0.002692211035806968 0.0072215064058328568 -0.027506927825615698 112800.58941666667 0.00042554295480756737 0.43183768324413518 -0.010564409894560476 0.00033118031704104661 0.0017563186624121043 -0.0081383198492523384 0.0016468417701887008 0.055114152866511383 -0.0049201908905001082 93796.917000000016 0.00088988515652854716 0.00035992261362005905 0.0019075065047586173 57902.651000000013 94383.402500000011 93332.243083333349 0.0077732718106089402 0.88164658926631101 2.2816459612727074 0.28874459838817795
decision_type=2 2 2 2 2 2 2 2 2 2 2 2 2 2 2 2 2 2 2 2 2 2 2 2 2 2 2 2 2 2
left_child=4 2 3 6 5 -1 -2 9 -3 12 -11 22 -6 23 19 -8 27 -10 -19 -15 -21 -22 -5 -14 25 -13 -26 -17 -29 -4
right_child=1 8 29 11 7 -7 15 -9 17 10 -12 24 13 14 -16 16 -18 18 -20 20 21 -23 -24 -25 26 -27 -28 28 -30 -31
leaf_value=-0.011003312486196178 0.0043458354362374326 0.017279975948507179 -0.0029890613418658558 0.00041129921848551474 0.015602061707527029 0.04996033412215517 0.013670079566853318 0.0037583984660247115 0.012855368425489785 -0.003370911503033344 -0.012445802513378639 -0.00025793257822093386 0.013762846011258193 0.0019758437251812685 0.012171668157672649 -0.0007276896793267459 0.0046365533438137516 0.0084847112595703485 0.0023787423864475225 -0.008398137936046976 0.030206913593841887 -0.00024329830513550175 0.0043025626757944883 -0.0048032377883145882 -0.0026400894776886048 0.008870797077993162 0.0067940463644644818 0.0078565752271664846 -0.0068658039847524811 0.00016902623692288771
leaf_weight=412.66543081402779 2466.1717475727201 84.020719602704048 3180.8685603961349 3471.5068287849426 39.126950487494469 5.5809929743409148 69.224822103977203 348.74359221756458 118.24138920754194 548.27356535941362 382.86166130751371 2808.1477447450161 32.632537856698036 650.28378059715033 69.616730108857155 3009.6519776061177 599.57658816874027 360.97286488115788 3875.9496066272259 420.51776552200317 12.208501197397707 541.98654536157846 935.91684770584106 1744.4891150146723 3516.8362865149975 175.85249520838261 130.71025393903255 281.99136774241924 61.846097871661186 1629.9823484793305
leaf_count=4163 10244 545 14177 14627 152 37 280 1509 549 3466 2345 11733 127 3277 300 12808 2432 1938 17812 2510 85 2889 3931 9880 15452 723 519 1181 281 7151
internal_value=-1.2304e-06 0.000671806 0.000121704 0.000681856 -0.00346158 -0.0101709 0.00216534 -0.00287501 0.00343921 -0.00339655 -0.00710646 -0.00018984 -0.0024116 -0.00261592 -0.000680273 0.000827594 0.000601601 0.00317112 0.00289985 -0.00123343 -0.00337756 0.000427413 0.00123837 -0.00445987 -0.00113951 0.000279314 -0.00230102 -0.000119038 0.00519851 -0.00191845
internal_weight=31986.5 26777.5 22338.3 17527.4 5208.99 418.246 6488.46 4790.74 4439.18 4442 931.135 11039 3510.86 3471.73 1694.61 4022.29 3953.07 4355.16 4236.92 1625 974.713 554.195 4407.42 1777.12 6631.55 2984 3647.55 3353.49 343.837 4810.85
internal_count=147123 116383 95539 74211 30740 4200 27226 26540 20844 25031 5811 46985 19220 19068 9061 16982 16702 20299 19750 8761 5484 2974 18558 10007 28427 12456 15971 14270 1462 21328
is_linear=0
shrinkage=0.03


Tree=94
num_leaves=31
num_cat=0
split_feature=14 13 3 11 17 1 13 18 1 5 4 19 8 9 8 2 5 3 3 18 5 11 2 5 3 7 3 1 5 3
split_gain=78.028 43.629 27.3641 21.7022 20.0325 17.726 15.4131 15.1294 14.2434 14.1785 20.362 14.1289 13.7358 17.2694 21.7243 16.9786 18.5795 16.7279 15.8345 15.1443 15.0038 14.4652 13.386 13.6315 13.1602 13.3936 13.0288 12.9518 14.2603 12.8778
threshold=0.00071428902181356376 0.0014207478014663585 -0.003321558592284612 0.00045530295664389982 0.79258098223617479 -0.00052567064891462223 0.0024855242857915009 0.74224440265897151 0.00072327051585563417 -0.0044298864021725661 0.00091509956882696042 0.085568613310919792 58058.106999999996 66626.650750000015 94145.497500000012 0.00034003733227805372 -0.0038171217565788891 0.0068327063941795449 -0.0026939909304423133 0.39099188097100085 0.0027794048955460675 0.0012236070116352427 -0.0050947862482881292 0.00016317050624969911 -0.0049735109889119658 84871.512000000017 -0.00074769474801605884 -0.0011951656141525044 0.0046418444546562085 0.00099302954647817487
decision_type=2 2 2 2 2 2 2 2 2 2 2 2 2 2 2 2 2 2 2 2 2 2 2 2 2 2 2 2 2 2
left_child=3 4 6 8 5 7 -3 9 -1 11 22 26 -7 20 18 -16 19 -18 24 -17 -14 29 -11 -24 -15 -26 -2 28 -9 -20
right_child=1 2 -4 -5 -6 12 -8 27 -10 10 -12 -13 13 14 15 16 17 -19 21 -21 -22 -23 23 -25 25 -27 -28 -29 -30 -31
leaf_value=-0.0078561697701513434 0.015353635688598344 0.0039570792380447988 0.0014692301634031588 -0.0023220634887814971 -0.0020894669244935983 0.0060242385292374433 0.010309959523414085 0.0049042089770770687 0.0055023689666545989 -0.02528913444180967 0.0040251146345673498 0.0028508894765541691 -0.0065238864555303066 0.016670781430688869 0.0008663427808683359 -0.014450815706758484 -0.0022963263668953544 0.013347956455303414 0.0043311621943813395 9.349280127572812e-05 0.00058419644581282854 0.0081127262358289629 0.00089424000198874394 -0.0039999851789820941 -0.022184774398912342 -0.00012945926258074229 -0.0048581298237681241 0.017662562379889397 -0.04331438606070015 -0.0013488284399389976
leaf_weight=1087.3500806689262 161.57696302980185 1429.4598829001188 7983.3209265097976 4035.3951643407345 4130.4465253204107 279.61256608366966 453.95159465074539 59.044334217905998 76.578784875571728 20.287681117653847 1020.2326403483748 868.35631960630417 777.56092572957277 16.275829344987869 2009.1918555572629 202.8770204782486 2465.6366486698389 62.940060630440712 789.7462542206049 93.798178747296333 406.06255619227886 413.80099500715733 1425.1210286170244 798.86469177901745 55.223005548119545 45.387209042906761 34.594433233141899 98.278676763176918 5.9870680868625632 657.79177498072386
leaf_count=9413 640 6569 34138 20776 18355 1104 2553 241 551 96 4184 3589 3376 65 9012 880 10920 244 3353 389 1669 1624 6185 3445 242 185 144 392 28 2761
internal_value=-1.17208e-06 0.000652014 0.00223715 -0.00336421 -0.000273341 0.000313941 0.00549035 0.00183123 -0.00697429 0.00149214 0.000510632 0.0044989 -0.000509324 -0.000738236 -0.000156637 -0.00124073 -0.00274022 -0.00190522 0.0024911 -0.00984383 -0.00408296 0.00316499 -0.0010858 -0.000862537 -0.00820798 -0.012275 0.0117734 0.010795 0.000359252 0.00174807
internal_weight=31964.8 26765.4 9866.73 5199.32 16898.7 12768.2 1883.41 4492.34 1163.93 4329.03 3264.51 1064.53 8275.9 7996.29 6812.67 4834.44 2825.25 2528.58 1978.23 296.675 1183.62 1861.34 2244.27 2223.99 116.886 100.61 196.171 163.31 65.0314 1447.54
internal_count=147123 116383 43260 30740 73123 54768 9122 18944 9964 18283 13910 4373 35824 34720 29675 21445 12433 11164 8230 1269 5045 7738 9726 9630 492 427 784 661 269 6114
is_linear=0
shrinkage=0.03


Tree=95
num_leaves=31
num_cat=0
split_feature=14 14 14 11 9 7 9 8 7 8 5 6 18 13 12 7 9 12 11 13 4 11 18 12 5 7 4 9 6 13
split_gain=74.4675 41.3502 22.943 20.8325 17.4962 17.3813 18.2594 16.9148 16.8743 16.5328 15.45 15.3748 14.9655 14.2139 21.8791 18.0604 20.2913 20.4241 24.0725 19.1509 16.0893 16.0357 17.3047 16.0235 15.3499 14.2077 13.7417 13.5234 13.0576 27.5821
threshold=0.0018313997132282649 0.00037554119203724739 0.0071272240979873324 0.00067883515304342887 61866.758750000015 63347.144000000008 84043.37175000002 84040.07650000001 85273.216000000015 117873.06950000003 0.00084957532477836228 -0.0064267693717223731 0.54173804025729144 0.0010325440874167445 0.00095011759677335187 63752.350000000013 66431.574750000014 0.00070617760651872185 0.00057478290737555764 0.00061710423859249661 0.00072864784485737754 0.00057008445797334599 0.53610943421205215 0.00049987861271111962 0.0033868157209137055 123541.63700000002 0.0026704296347100924 96742.295000000027 -0.0020770581955819041 0.0011840282793476244
decision_type=2 2 2 2 2 2 2 2 2 2 2 2 2 2 2 2 2 2 2 2 2 2 2 2 2 2 2 2 2 2
left_child=1 -1 9 4 -3 10 7 13 -8 11 -6 12 27 14 15 -7 19 26 -19 23 21 -15 -23 -17 -20 -5 -18 -2 -10 -30
right_child=2 3 -4 25 5 6 8 -9 28 -11 -12 -13 -14 20 -16 16 17 18 24 -21 -22 22 -24 -25 -26 -27 -28 -29 29 -31
leaf_value=-0.0063142931536223157 0.0046765759621318756 0.0038395177118896156 0.010380037599803073 -8.0300803192966984e-05 -0.020239581930970422 0.032160782316379692 -0.01292161934115846 0.061553068364315441 3.9641069169840132e-05 -0.0046430152035623409 -0.0019166163904116385 0.0012583014817721869 0.010108138735884765 -0.027090089326028098 0.03329653374280004 0.029652086802053407 0.0017068095942509183 0.031136710211426069 -0.0011290705295417813 -0.019455146584587191 -0.026658259399610418 0 0.048314754636848624 -0.0073920604846135583 0.035532860730574239 -0.014131978828089283 -0.024005315253429364 0.00019864383141500035 -0.0046171173991029621 0.011309130569319686
leaf_weight=1262.1543000116944 1716.8975468873978 375.54825180023909 286.33811534941196 14621.138082623482 96.034359253942966 17.480680093169212 158.38048735260963 4.1757576391100875 981.35090529918671 349.16653496772051 73.489144347608089 7391.9281673282385 305.55143591016531 14.399675384163855 21.11955389380455 15.845130011439322 266.63681966811419 47.852931246161461 69.203154698014259 71.568027392029762 31.581096813082695 33.449139103293419 8.1960065960884076 30.544554181396961 11.943561896681784 64.953136667609215 20.017179526388645 941.11478301882744 2555.4607838690281 101.5702228397131
leaf_count=9280 7909 1741 1737 61186 592 71 1026 17 5484 1467 404 31396 1396 68 79 111 1536 196 308 368 147 141 28 191 46 295 107 4152 15229 415
internal_value=-1.11649e-06 -0.00105024 0.00199873 -0.000712654 -0.002384 -0.00288949 -0.00253016 0.00205644 -0.00333313 0.00177416 -0.01232 0.00199087 0.00381697 0.0016661 0.00339335 0.00223609 0.00124432 0.0043659 0.0142742 -0.00972433 -0.00956996 3.61397e-05 0.00952989 0.00523299 0.00426718 -0.000142748 -8.59631e-05 0.00309228 -0.00291457 -0.00400677
internal_weight=31945.1 20954.1 10991 19691.9 5005.85 4630.3 4460.78 664.013 3796.76 10704.7 169.524 10355.5 2963.56 659.838 572.212 551.092 533.611 415.654 129 117.958 87.6259 56.0448 41.6451 46.3897 81.1467 14686.1 286.654 2658.01 3638.38 2657.03
internal_count=147123 99066 48057 89786 28305 26564 25568 3414 22154 46320 996 44853 13457 3397 3013 2934 2863 2193 550 670 384 237 169 302 354 61481 1643 12061 21128 15644
is_linear=0
shrinkage=0.03


Tree=96
num_leaves=31
num_cat=0
split_feature=14 14 16 4 17 16 2 1 6 11 4 4 14 6 15 12 1 8 12 6 4 5 1 5 3 1 6 3 6 2
split_gain=70.5653 34.3461 27.8715 24.8888 21.3729 14.3194 13.1053 14.4951 11.6306 15.133 11.5715 14.4405 13.1057 12.3735 11.1542 13.5392 10.3086 14.4729 16.1981 13.214 13.7587 11.4723 10.7708 15.5023 10.9382 10.3219 12.8524 11.9197 23.2555 11.3828
threshold=0.0014302892020062207 0.00037554119203724739 0.08821002549543823 -0.0096933514944727555 0.5652348093236147 -0.026491984173484747 -0.0034272078541724422 0.0035296872450465426 -0.027790785139364445 0.0012466595199893188 0.016021920813402594 0.0035979478587681028 0.00249334913266715 0.018571543075488254 0.77030633551361505 0.00043859505089471868 -0.00029190982876553523 58913.43450000001 0.002436254390022004 -0.0088913630397202664 0.0033133093321577882 0.008709858861644439 -0.00039956458333489925 0.0043818495753458206 -0.0028158548210717167 0.002438738347830705 -0.0084469809076975193 0.00091552464783950527 0.0022229152834202241 1.0000000180025095e-35
decision_type=2 2 2 2 2 2 2 2 2 2 2 2 2 2 2 2 2 2 2 2 2 2 2 2 2 2 2 2 2 2
left_child=1 -1 16 8 10 -6 -7 -8 -2 -10 11 12 -5 -12 15 -4 19 18 21 -3 22 -18 24 -24 -21 27 -27 -19 29 -29
right_child=3 2 14 4 5 6 7 -9 9 -11 13 -13 -14 -15 -16 -17 17 25 -20 20 -22 -23 23 -25 -26 26 -28 28 -30 -31
leaf_value=-0.0061458454989884665 0.015412140851759237 0.007498566825851539 -0.011866089076585599 0.0019711141831195178 0.0016635692573145754 0.0036518846090612257 -0.0022004641438414735 0.0032554765607942615 0.023713335485356729 0.0039875132417129446 -0.00091296474829791533 -0.00016357652210283684 0.0052038573145061764 0.018659463884072965 0.00012660148355052441 -0.0031616359816292123 0.0075094723898822945 -0.000215971746478015 -0.047185050764839385 0.0042251664447850437 0.0066441498750605052 -0.031176948905467516 0.0031730687794648119 0.025993702467654974 -0.0011796580103260079 -0.022898296708822638 0.009087179707077014 0.0015982508310973035 0.00011326034193134871 -0.0068813399059928903
leaf_weight=1257.9135679602623 117.69270408153534 271.74080763757229 168.13202872127295 3711.315370619297 3028.678915373981 488.75825110077858 3629.723330847919 497.94053826481104 37.14632149040699 605.49010142683983 45.741250641644001 1778.2169367969036 1625.4499957412481 78.284691713750362 923.17222081869841 3811.6723781898618 283.73375141620636 3332.2683188989758 5.0242973268032065 386.32158594578505 314.02412435412407 6.9460595995187751 300.65853908658028 29.38909013569355 2628.6229598522186 12.152640670537947 140.77471333742142 162.93156922608614 1142.5963785648346 1103.0019482895732
leaf_count=9280 721 1079 1530 15213 12747 2212 15204 2228 154 3149 233 7654 7270 379 4818 18062 1125 15890 24 1576 1263 31 1486 115 12151 53 555 718 5021 5182
internal_value=-1.10453e-06 -0.00138376 -0.000984786 0.00143763 0.00116691 6.02863e-05 -0.000990937 -0.0015415 0.00673234 0.0051359 0.00233518 0.0021762 0.00295637 0.011422 -0.00284124 -0.00353041 -8.50667e-05 -0.000848362 0.00562527 0.00111606 0.000641042 0.0065643 7.63984e-05 0.00522148 -0.000485996 -0.00117376 0.00651249 -0.00137914 -0.00298711 -0.00578757
internal_weight=31925.5 16281.1 15023.2 15644.4 14884.1 7645.1 4616.42 4127.66 760.329 642.636 7239.01 7114.98 5336.77 124.026 4902.98 3979.8 10120.2 6189.43 295.704 3930.76 3659.02 290.68 3344.99 330.048 3014.94 5893.73 152.927 5740.8 2408.53 1265.93
internal_count=147123 79959 70679 67164 63140 32391 19644 17432 4024 3303 30749 30137 22483 612 24410 19592 46269 28599 1180 17670 16591 1156 15328 1601 13727 27419 608 26811 10921 5900
is_linear=0
shrinkage=0.03


Tree=97
num_leaves=31
num_cat=0
split_feature=11 13 4 8 12 19 10 6 6 10 10 4 6 13 18 13 4 10 6 8 13 9 14 9 13 6 9 10 12 6
split_gain=67.1011 35.889 21.1394 20.8653 23.76 19.0485 18.4493 17.8474 17.648 15.407 23.5742 18.726 15.3128 16.6435 14.4745 14.4586 17.2595 17.5424 21.9858 16.926 18.3214 15.0497 14.4905 14.3837 26.4118 23.5053 14.2822 28.0004 23.8934 14.9362
threshold=0.00067410959916185944 0.0021010940198595953 -0.0026883213992685557 97065.652000000016 0.0020132270070750261 0.00034211426623455949 58049.635666666676 0.0091183239221483987 0.0019630473698527555 107845.44166666667 107317.80858333335 -0.0044156021255983826 -0.00055625192644725974 0.00075727159656378037 0.00010027575868088686 0.0010273600309433854 0.0077732718106089402 109637.44525 -0.002692211035806968 113557.20150000001 0.00085949206228112872 114004.28625000002 0.00081506365269323332 114458.91050000001 0.00076648152371418005 0.0025631696857068014 76566.763250000033 82549.641833333342 0.0013246642701047393 0.00054485179455276988
decision_type=2 2 2 2 2 2 2 2 2 2 2 2 2 2 2 2 2 2 2 2 2 2 2 2 2 2 2 2 2 2
left_child=2 5 14 -3 -5 -2 8 -8 -4 10 11 12 13 -7 -1 16 17 18 22 20 -19 -21 -11 24 25 -23 -13 28 -28 -30
right_child=1 3 6 4 -6 9 7 -9 -10 15 -12 26 -14 -15 -16 -17 -18 19 -20 21 -22 23 -24 -25 -26 -27 27 -29 29 -31
leaf_value=-0.0067073944420915164 -0.0014742771711158456 0.0050135692267561666 0.02179128949289523 -0.0075347858818717011 0.0029082852852751456 -0.014230861790948044 -0.0038718866695827674 0.0075742187952947465 -0.0041804101964620357 -0.025761558727778723 0.011062782427881968 -0.00085422669947041868 -0.0016360328317945275 0.0057203427851375286 0.0056685108752975652 0.00067204730739751125 0.023675722033746897 0.0069558465405070869 -0.016419186252332064 -0.020442431225027795 -0.0039510416679210949 0.043741915581603258 0.0071117750551898942 -0.0048408849172649994 -0.0091577959471829777 -0.010874574213683352 0.017824730100524933 0.0009182649939789906 -0.00980400521589039 0.0080021259564359293
leaf_weight=107.88081239163876 4663.967795714736 2435.0002142414451 50.686122193932533 282.18522185087204 641.81267037987709 38.477707728743553 5326.8316682130098 125.22855918109417 43.550454333424568 14.278096616268156 212.17513124644756 4201.2826454788446 369.68074254691601 1423.2646056264639 397.99227127432823 2089.1196030452847 21.381332993507385 306.76853540539742 180.31613141298294 51.066071137785912 252.37249101698399 24.5029386729002 74.642969980835915 766.58172593265772 33.999696105718613 9.8048170804977399 166.29549853503704 7399.8636727705598 61.982040122151375 133.19586674869061
leaf_count=543 19832 11935 194 1200 3060 170 33236 545 184 73 856 17412 1567 6150 1832 8553 79 1373 854 256 1095 101 305 3506 154 49 627 30574 269 539
internal_value=-1.03932e-06 0.00066451 -0.00284463 0.00355704 -0.00027821 0.000232444 -0.00338036 -0.0036083 0.00976523 0.000679036 0.00113996 0.000987036 0.00381222 0.00519217 0.00302253 -0.00100804 -0.00303185 -0.00336806 -0.0104001 -0.00205521 0.00202775 -0.00463536 0.00177658 -0.00366259 0.00950468 0.0280596 0.000554234 0.00131703 0.00946959 0.00233
internal_weight=31906.2 25854 6052.17 3359 923.998 22495 5546.3 5452.06 94.2366 17831.1 14006.2 13794 1831.42 1461.74 505.873 3824.83 1735.71 1714.33 269.237 1445.1 559.141 885.955 88.9211 834.889 68.3075 34.3078 11962.6 7761.34 361.473 195.178
internal_count=147123 110589 36534 16195 4260 94394 34159 33781 378 74562 58164 57308 7887 6320 2375 16398 7845 7766 1232 6534 2468 4066 378 3810 304 150 49421 32009 1435 808
is_linear=0
shrinkage=0.03


Tree=98
num_leaves=31
num_cat=0
split_feature=11 13 3 4 7 12 18 19 13 6 10 6 1 18 1 19 7 12 13 7 7 4 11 11 4 6 1 6 7 11
split_gain=63.2182 33.8512 20.9546 19.5605 21.5093 21.6798 19.2369 17.9246 17.5126 21.1462 16.2663 19.2888 15.9698 14.9188 22.0279 14.7333 17.0921 13.9206 18.5384 33.9125 35.25 20.1847 15.922 14.7787 23.1377 18.8238 13.7503 13.5519 18.1097 12.9297
threshold=0.00067410959916185944 0.0021010940198595953 -0.001341421322610725 -0.016106474923258892 97185.58100000002 0.0020132270070750261 0.00010027575868088686 0.00034211426623455949 0.00034444809460778414 0.0013184795054398404 62072.667916666673 0.0091183239221483987 0.00097549576607891552 0.18616838164921959 -0.00048328496324734344 0.30832852780825754 63175.940000000002 0.00085916269743511239 0.0008132775936150955 60431.304000000011 61084.409000000007 0.0016617779471892471 0.00050472378174557051 0.00042830241253522878 0.00057474548181479801 -0.0018837070255477426 0.0018838582838485165 0.0015733850730955681 56918.37200000001 0.00020685554020237611
decision_type=2 2 2 2 2 2 2 2 2 2 2 2 2 2 2 2 2 2 2 2 2 2 2 2 2 2 2 2 2 2
left_child=2 7 6 26 -5 -6 -1 -2 9 29 17 15 -13 -9 -15 -12 -17 18 19 21 22 -10 -21 24 -22 -25 -3 -19 -29 -4
right_child=1 3 8 4 5 -7 -8 13 10 -11 11 12 -14 14 -16 16 -18 27 -20 20 23 -23 -24 25 -26 -27 -28 28 -30 -31
leaf_value=-0.0063087760793019768 -0.0014300797947961535 0.019044490663027085 -0.00033376681626633246 0.0044945769012646915 -0.0080263997941071915 0.0021645662267685455 0.0036500009953731646 -0.00014085717281611928 -0.0088229320681961869 0.0043645929344340939 -0.0052195671296809288 0.015037563172565993 -0.010233398825285688 0.0036040795347323652 0.0003913551418983922 -0.022450488776182956 -0.00097625949274740401 0.024929625015233277 -0.011968451903616903 0.07922678090530004 0.078185482905882966 0.017790732630921506 0.030256692577755318 0.032692109433902911 -0.012115306470556378 -0.016833441604264341 -0.0088528048781292279 -0.046507582026240578 0.010476000773454586 -0.023386683045066484
leaf_weight=228.58225259929895 4663.8714781776071 108.99309010058641 27.800364375114441 2350.809315353632 272.97449412941933 601.46487660706043 736.25023783743382 9638.0470845550299 125.74097333848476 48.317027993500233 2972.8644776716828 85.311822310090065 30.333140328526497 3080.5481101572514 5108.0064721256495 34.10473421216011 1381.2876038551331 44.154187843203545 85.954075619578362 9.9237964302301425 5.5106048211455327 32.070973947644234 16.145310238003731 9.2751980796456319 4.5523500815033913 26.013499602675438 18.395634323358536 6.1657021790742901 25.097437709569931 107.9156289473176
leaf_count=1268 19832 718 363 11369 1159 2820 3779 40560 738 512 18471 366 138 12751 21251 217 8119 165 382 36 34 144 68 52 33 157 129 29 98 1365
internal_value=-1.01535e-06 0.000644853 -0.00276339 0.00345704 0.00300019 -0.00101388 0.00128711 0.000225496 -0.00353351 -0.012622 -0.00319092 -0.00370052 0.00838007 0.000658808 0.00160038 -0.00401975 -0.00149736 0.00267679 -8.55558e-05 0.0043603 0.0215029 -0.00338759 0.0492444 0.00541714 0.0373221 -0.00367589 0.0149887 0.0142458 -0.000779076 -0.0186903
internal_weight=31886.5 25843.1 6043.37 3352.64 3225.25 874.439 964.832 22490.5 5078.54 184.033 4894.51 4503.9 115.645 17826.6 8188.55 4388.26 1415.39 390.604 315.187 229.233 71.4208 157.812 26.0691 45.3517 10.063 35.2887 127.389 75.4173 31.2631 135.716
internal_count=147123 110589 36534 16195 15348 3979 5047 94394 31487 2240 29247 27311 504 74562 34002 26807 8336 1936 1644 1262 380 882 104 276 67 209 847 292 127 1728
is_linear=0
shrinkage=0.03


Tree=99
num_leaves=31
num_cat=0
split_feature=14 14 16 11 10 6 10 4 5 7 13 17 10 13 10 15 6 6 15 5 8 6 7 12 13 13 5 5 14 4
split_gain=61.7534 34.557 24.4079 19.4368 21.8141 16.2008 16.5635 19.5814 16.1812 15.6475 20.0295 14.4975 14.1037 13.6233 13.059 13.3998 13.0334 13.1134 12.6175 13.7847 13.7847 12.6514 12.5522 12.1903 12.1654 14.9011 12.163 13.9271 12.67 12.4302
threshold=0.00071428902181356376 0.0029025973312238338 0.34901584310982375 0.00034035948233228228 121860.64225000002 0.0072215064058328568 112800.58941666667 0.00042554295480756737 -0.027506927825615698 57496.54500000002 0.0043846570948943347 0.43183768324413518 55203.617250000003 0.00036191475584248161 57485.618166666674 -0.68169615364283642 -0.010564409894560476 0.00033118031704104661 0.24437352941068977 0.0010587896553753142 102949.68550000001 0.0013184795054398404 56636.97600000001 0.00040015051426930574 0.00078519737472450225 0.00093494492062678721 0.0056958598210914433 0.0093274237327664062 0.0019552094870338502 0.0035979478587681028
decision_type=2 2 2 2 2 2 2 2 2 2 2 2 2 2 2 2 2 2 2 2 2 2 2 2 2 2 2 2 2 2
left_child=3 2 9 4 -1 6 16 13 -3 10 12 26 -2 -8 15 -13 -5 -18 23 21 -21 -20 -14 -19 -7 -26 29 28 -28 -11
right_child=1 8 -4 5 -6 24 7 -9 -10 11 -12 14 22 -15 -16 -17 17 18 19 20 -22 -23 -24 -25 25 -27 27 -29 -30 -31
leaf_value=-0.010135175797196321 -0.0024555529353172015 0.016302975946479961 -0.0017944132222422575 0.01517711189550372 0.048590121361815994 0.014380877020386649 -0.030808983828315911 -0.011783776668432005 0.0027584369641967641 0.0026261858744888044 -0.035658926659598578 -0.0449985181434258 0.017532019898472046 -0.0020657508678740581 -0.00018753476145332715 0 -0.004015402800311426 -0.017203962541203661 0.014618360117564351 0.0044088422477906427 0.02600086656182795 -0.0093121129739230837 0.0057136224268240646 -0.0008028394262382209 -0.011457951529799497 0.0048061329410340418 -0.0064674838626275011 0.0026625296697157571 0.0034298197237977637 -0.0018333504219217008
leaf_weight=401.24229077249765 112.73679715394974 80.874844498932362 4802.2842367738485 39.114761352539062 5.6606785282492629 75.815437912940979 15.192955046892164 377.81719303876162 4322.6633509546518 4968.2656991481781 10.093998149037359 11.772759363055231 121.84242840111256 528.014529556036 10273.776151865721 11.870296776294706 1764.0122371539474 41.903415642678738 28.853123173117638 60.691180907189846 47.932716019451618 63.182998783886433 244.39246092736721 1442.2648436874151 67.149328544735909 205.61676269769669 497.06968162953854 461.96215662360191 151.49479766190052 633.46263015270233
leaf_count=4163 472 545 21328 152 37 352 190 2345 20299 20925 50 56 493 3276 43885 49 10007 396 182 320 253 375 991 7535 318 839 2080 1933 634 2643
internal_value=-1.01925e-06 0.000579637 9.99411e-05 -0.00300403 -0.0092991 -0.00246481 -0.00295745 -0.00653701 0.00300824 0.000619999 0.00591058 0.000467673 0.00680015 -0.00288071 -0.00023919 -0.0224635 -0.00201121 -0.00220745 -0.000312626 0.00674367 0.0139795 -0.00176968 0.00965738 -0.00126905 0.0037567 0.000788528 0.00155252 -0.00131389 -0.00415083 0.00212133
internal_weight=31869 26704.6 22301 5164.46 406.903 4757.56 4408.98 921.025 4403.54 17498.7 489.066 17009.7 478.972 543.207 10297.4 23.6431 3487.96 3448.84 1684.83 200.66 108.624 92.0361 366.235 1484.17 348.582 272.766 6712.25 1110.53 648.564 5601.73
internal_count=147123 116383 95539 30740 4200 26540 25031 5811 20844 74211 2006 72205 1956 3466 43990 105 19220 19068 9061 1130 573 557 1484 7931 1509 1157 28215 4647 2714 23568
is_linear=0
shrinkage=0.03


Tree=100
num_leaves=31
num_cat=0
split_feature=14 18 11 2 19 16 2 0 5 7 3 9 15 6 11 5 3 9 5 4 5 5 9 9 9 4 2 14 7 11
split_gain=58.7502 28.0087 27.9539 27.4922 18.9696 16.3721 16.199 13.3681 16.9911 12.4804 15.904 13.5505 12.4527 12.1352 17.6106 16.3022 14.6043 14.5233 13.9457 12.0973 13.0752 12.3005 11.815 15.0012 12.6122 13.128 11.6852 11.4786 11.384 16.7288
threshold=0.0010341568814612302 0.1407342132956497 0.00045530295664389982 -0.0016993806643440521 0.29549212761311433 0.048524611339464958 -0.0034272078541724422 -0.00084110017907274004 -0.0055382390528797001 67806.302000000011 0.0026143421183512099 67400.842000000019 2.5657887050489463 0.0055883807096259739 0.00048079728438620955 -0.0026115692459036106 0.00094199948186857185 121841.39675000003 -0.0018407867813128307 0.00057474548181479801 0.0044671894695484946 -0.0016430860081336205 102755.18450000002 96872.427000000011 105121.78375000002 0.0085437580424538879 0.0041056786841764401 0.0045581045655294352 122462.70800000001 0.00042051693930975168
decision_type=2 2 2 2 2 2 2 2 2 2 2 2 2 2 2 2 2 2 2 2 2 2 2 2 2 2 2 2 2 2
left_child=2 5 9 7 27 -2 -7 8 -3 11 28 -1 -6 16 -15 -16 17 18 -4 -17 21 -21 23 -22 -24 -26 -8 -5 -11 -30
right_child=1 3 13 4 12 6 26 -9 -10 10 -12 -13 -14 14 15 19 -18 -19 -20 20 22 -23 24 -25 25 -27 -28 -29 29 -31
leaf_value=0.00046182875374496809 0.00092056887321378131 0.012104980030189139 0.0014724334894922078 -2.7681040302319565e-05 0.0028972791938375879 0.0032445733637530639 -0.0025633361449937989 0.0028182941840636223 0.0041959835170818941 -0.0072815439210554313 0.047095174364608229 0.061276683657555252 0.015364220435410109 0.02852427348389101 0.014817399232303808 -0.0036327029831025189 -0.0038859859018324106 -0.013677331121011927 -0.0018069139611996939 -0.029804519047521807 -0.0034154300676437215 0.0063613196152783498 0.021462494193606813 -0.026557528958298618 -0.0018177199883785975 0.033239550627790868 0.0036933060798977082 0.0057716008123084271 0.070401724075249916 -0.017774634266430295
leaf_weight=175.60807836800814 4977.3192166090012 404.44161850959063 1749.9626061841846 6238.8161418288946 2640.8832706734538 566.66987317800522 4042.0469032302499 1424.2582910358906 622.77655634284019 1231.954735852778 4.7884718328714362 3.2633111625909796 74.171629376709461 20.932110607624054 71.484162390232086 490.95526571571827 2051.3946507871151 78.874911457300186 3499.9795863106847 8.4993043392896634 170.1481940895319 456.07465493679047 29.644191354513168 29.609226986765862 160.0236434340477 10.126074984669684 287.31759813427925 322.92808529734612 4.0394469499588004 3.4978930950164795
leaf_count=1255 21191 1938 8229 26217 11112 2723 17370 6179 2690 10564 20 16 307 95 276 2141 9838 418 17880 39 710 1962 116 135 712 36 1281 1632 20 21
internal_value=-1.02205e-06 0.00088643 -0.00187143 0.00187761 0.00113049 -0.000290666 -0.00152262 0.00470343 0.00731375 -0.00577363 -0.0068392 0.00162171 0.00323952 -0.00124194 0.00126837 0.000864371 -0.00173471 -0.000905936 -0.000713231 0.000125059 0.00226369 0.00568694 -0.00170959 -0.00687227 0.003438 0.000269311 -0.00214735 0.00025735 -0.00705376 0.0293915
internal_weight=31852.5 21601.6 10250.9 11728.3 9276.8 9873.35 4896.03 2451.48 1027.22 1423.15 1244.28 178.871 2715.05 8827.71 1447.5 1426.56 7380.21 5328.82 5249.94 1355.08 864.125 464.574 399.551 199.757 199.794 170.15 4329.36 6561.74 1239.49 7.53734
internal_count=147123 92640 54483 50075 39268 42565 21374 10807 4628 11896 10625 1271 11419 42587 6222 6127 36365 26527 26109 5851 3710 2001 1709 845 864 748 18651 27849 10605 41
is_linear=0
shrinkage=0.03


Tree=101
num_leaves=31
num_cat=0
split_feature=14 14 14 16 16 2 10 1 8 18 6 13 14 6 13 3 5 18 18 16 2 2 1 13 10 7 2 15 5 16
split_gain=55.954 32.3606 19.9652 19.4333 18.0949 12.0403 11.9372 11.867 13.5484 12.6155 15.6853 11.8051 11.6644 11.9338 22.659 16.9666 13.0253 11.8584 11.4872 12.3176 16.2321 11.1602 11.1593 12.3056 10.9874 10.7525 10.5495 10.3947 10.1777 11.7402
threshold=0.0018313997132282649 0.00037554119203724739 0.0071272240979873324 0.15135022608749141 0.057498607851014245 -0.0050947862482881292 58475.495666666669 0.00031407893360468902 100549.55700000002 0.54173804025729144 0.0026320627068520124 0.0013931134698195117 0.00083838299436748206 0.0016969804854986006 0.00039913891961255863 0.00047741925089250797 0.0023386639566090888 0.14299560851987081 0.00012663838462775219 -0.24149166649166645 -0.0011524902880430952 0.0041056786841764401 -0.00027790750120715296 0.00069407803174883315 121860.64225000002 117878.79200000002 0.0014159624015297469 0.82394603691488266 0.0001238155357642379 0.95833867932597727
decision_type=2 2 2 2 2 2 2 2 2 2 2 2 2 2 2 2 2 2 2 2 2 2 2 2 2 2 2 2 2 2
left_child=1 -1 3 7 6 11 18 9 21 -2 -11 -5 26 15 16 28 -15 -16 19 20 -3 -9 23 -8 -17 -7 -6 -10 29 -14
right_child=2 4 -4 5 12 25 22 8 27 10 -12 -13 13 14 17 24 -18 -19 -20 -21 -22 -23 -24 -25 -26 -27 -28 -29 -30 -31
leaf_value=-0.0056072469512693972 0.0032003764150049302 -0.029913944848281786 0.0096412018198391361 -0.0044154674497253639 -0.0045087640657642805 -4.1471090751128708e-05 -0.0030389459610205491 0.001327973402293119 -0.0037684278019045831 0.013897462209156107 0.00067578156333882012 0.010643061243483291 0.0015405591574587942 0.0078949944587409972 -0.0020694280071585037 -0.0050023070898045112 0.081524376444928603 0.0022364487143419738 0.0062273010169613448 -0.017219906862616027 0.01448194110018472 0.0066334230495317184 -0.00086666937523887711 0.0016054883985260541 -0.032406168790801493 -0.0076460596677242849 0.0052364852421408412 0.0053209930932214744 -0.0042537890153992513 -0.0057479628485290852
leaf_weight=1242.2479454949498 2942.1893194243312 9.2188887447118741 280.26618268340826 63.768466964364052 1657.1307586729527 4030.7765539139509 586.68938402086496 1691.6882546842098 642.6780224442482 227.82494340837002 125.83928937464952 173.61451701074839 1357.0421949774027 4.1238703057169896 1033.7329366281629 1080.5498319715261 4.7470961064100266 1298.1493176370859 471.3337557464838 42.303187176585197 35.77180403470993 452.99212358891964 7075.8735840544105 4088.881469860673 13.277861192822455 174.52958466112614 106.03080397099257 137.12574046850204 552.64679032564163 232.8853272870183
leaf_count=9280 12966 41 1737 290 9765 17067 3645 7391 2746 1024 559 900 5950 31 4518 4824 19 5449 1869 182 138 2080 32107 17029 67 737 502 560 2500 1150
internal_value=-9.66714e-07 -0.000911299 0.00173673 0.0015286 -0.000614253 1.24814e-05 8.84936e-05 0.00261095 0.00121833 0.00384566 0.00920298 0.00658508 -0.00179319 -0.00111998 0.000510724 -0.00230031 0.0481 0.000326343 0.00437299 -0.00560051 0.00527223 0.00245023 -0.000114958 0.00102201 -0.00534063 -0.000357966 -0.00392075 -0.00216576 -0.000746591 0.000470789
internal_weight=31835.9 20892.6 10943.3 10663 19650.4 4442.69 12310.1 6220.34 2924.48 3295.85 353.664 237.383 7340.32 5577.16 2340.75 3236.4 8.87097 2331.88 558.628 87.2939 44.9907 2144.68 11751.4 4675.57 1093.83 4205.31 1763.16 779.804 2142.57 1589.93
internal_count=147123 99066 48057 46320 89786 18994 55011 27326 12777 14549 1583 1190 34775 24508 10017 14491 50 9967 2230 361 179 9471 52781 20674 4891 17804 10267 3306 9600 7100
is_linear=0
shrinkage=0.03


Tree=102
num_leaves=31
num_cat=0
split_feature=13 14 10 3 17 11 10 12 2 8 7 8 3 2 16 12 17 13 5 3 0 14 11 11 11 3 13 7 11 14
split_gain=53.1435 31.0243 23.234 21.2077 18.2984 17.812 22.7756 15.3897 15.1936 16.3795 18.9986 19.5688 16.9599 14.2497 13.7555 13.3116 12.9802 16.1041 15.899 13.0618 12.9525 12.8438 12.5645 12.4622 15.1548 14.5158 12.4469 11.8908 11.7623 13.0397
threshold=0.0014207478014663585 0.00059897475438309836 123484.74150000002 -0.003321558592284612 0.79258098223617479 0.00034035948233228228 121860.64225000002 0.0055426614884636852 0.00029448177569402217 94145.497500000012 69754.243000000017 58058.106999999996 0.0068327063941795449 0.0026321644391820169 0.294479330193616 0.00064336577489466386 0.23187171407381565 0.00073689108032082837 0.0028325676401592674 -0.0022586003962342667 0.0015095028201312923 0.0025481230727608839 0.001270055784363367 0.00076616522318771426 0.0012311219805144918 0.0010962665682606734 0.0013684834689087616 95515.358000000007 0.00035094972525191828 0.0012085350117973812
decision_type=2 2 2 2 2 2 2 2 2 2 2 2 2 2 2 2 2 2 2 2 2 2 2 2 2 2 2 2 2 2
left_child=1 5 3 7 8 6 -1 -2 14 10 11 20 26 22 28 -12 17 27 -18 -19 -10 -22 -13 -17 25 -25 -11 -7 -3 -30
right_child=2 4 -4 -5 -6 16 -8 -9 9 12 15 13 -14 -15 -16 23 18 19 -20 -21 21 -23 -24 24 -26 -27 -28 -29 29 -31
leaf_value=-0.010639156430141471 0.0044017374883735232 0.02113904913138203 -0.03536950556272251 0.0012043348125167458 -0.00200947417261339 0.014081015643427407 0.050046027973185296 0.025985116048749927 0.0094613996701876004 -0.0022453500859851002 -0.010129260631417959 -0.0028420036656850566 0.012700437318450745 0.0048092006924496241 -0.00091806079018734107 0.011939994456187417 -0.0048951850549221777 0.02014919372818226 0.0016139755166684933 -0.0046091599274365085 -0.054959851403241486 -0.00049800366580477352 -0.011819501690922935 0.005962714335516677 0.0088067963310033501 -0.0036953793203572519 -0.011633059235229979 0.0018685505597615967 0.00034647270460526922 0.0032116701799873408
leaf_weight=359.9353324919939 1833.2619267106056 28.17133417725563 14.995416834950445 8111.0165013894439 4463.0098211020231 102.69119362533092 5.5397917181253424 30.191012695431709 186.8279377669096 3183.9850484132767 57.864588208496571 806.21350200474262 66.158273190259933 178.01050585508347 2298.7305695340037 174.69856186211109 1961.7142912149429 20.074642330408096 407.12121617048979 375.78163360059261 5.4331147819757488 13.574014186859129 170.28076165914536 240.4795940965414 284.32519613206387 334.96285365521908 132.49928113818169 240.23142147809267 2963.2974474057555 2766.6628402248025
leaf_count=3849 8940 193 72 34786 20273 617 35 206 728 14290 334 3502 258 710 10426 721 12280 81 1989 1759 26 56 714 960 1118 1375 556 1638 13399 11232
internal_value=-9.20898e-07 -0.000830432 0.00181136 0.00186791 -0.00033827 -0.00343055 -0.00969766 0.00475441 0.000198417 -0.000967088 0.000898597 -0.00146578 -0.00232072 -0.00298699 0.00104293 0.00384569 -0.00269224 0.000776149 -0.0037752 -0.00334127 0.00704927 -0.0164289 -0.00441162 0.00463121 0.00314141 0.000335897 -0.00262165 0.00553747 0.00182631 0.00173046
internal_weight=31817.7 21828.3 9989.46 9974.47 18355.2 3473.09 365.475 1863.45 13892.2 5835.31 2452.67 1360.34 3382.64 1154.5 8056.86 1092.33 3107.61 738.779 2368.84 395.856 205.835 19.0071 976.494 1034.47 859.768 575.442 3316.48 342.923 5758.13 5729.96
internal_count=147123 103119 44004 43932 80871 22248 3884 9146 60598 25348 10244 5736 15104 4926 35250 4508 18364 4095 14269 1840 810 82 4216 4174 3453 2335 14846 2255 24824 24631
is_linear=0
shrinkage=0.03


Tree=103
num_leaves=31
num_cat=0
split_feature=14 14 14 16 17 16 3 0 5 11 19 8 15 3 5 8 10 8 10 14 4 8 11 2 1 8 6 0 10 10
split_gain=50.521 29.3086 18.6566 17.84 17.2801 16.2033 16.3002 15.7742 12.9549 15.322 12.5999 12.5208 11.8424 11.5866 11.2636 11.6279 15.8329 12.8497 13.9404 12.5299 11.2619 11.2122 13.3595 11.173 10.9842 12.6227 11.847 14.3465 10.8543 19.303
threshold=0.0018313997132282649 0.00037554119203724739 0.0071272240979873324 0.15135022608749141 0.57975500490239773 0.50196168741822433 -0.0014364205271886197 -0.00052203093930897049 0.0019202632970661828 0.00062085352810933067 0.39391802785355284 121280.61850000001 0.20062268231940528 0.0060968548402662312 0.0058254736633238666 96147.217500000013 96034.480333333355 97898.581500000015 97873.109083333358 0.00080735623230913662 0.0030031546176338968 105023.72750000002 0.00071734767143012972 -0.0050947862482881292 0.00031407893360468902 100549.55700000002 0.00016018013796303968 0.0019550027286548981 96129.330083333349 95918.924166666679
decision_type=2 2 2 2 2 2 2 2 2 2 2 2 2 2 2 2 2 2 2 2 2 2 2 2 2 2 2 2 2 2
left_child=1 -1 3 24 13 6 7 -6 9 -8 11 -11 -10 14 15 16 -3 18 19 -17 21 22 -16 -5 26 -26 -2 -28 29 -21
right_child=2 4 -4 23 5 -7 8 -9 12 10 -12 -13 -14 -15 20 17 -18 -19 -20 28 -22 -23 -24 -25 25 -27 27 -29 -30 -31
leaf_value=-0.0053482979182139087 0.0052793927559794587 0.0012683892872772386 0.0093275328954815113 0.0063478450304020771 0.0038192013482099556 -0.0048746509079989238 -0.006469511017864713 -0.0025201866908151137 -0.0011618448793808119 -0.0013211112024006731 -0.018590635105750979 -0.017201255398125982 0.004151829503678304 0.010857928189421981 -0.020377251668684943 -0.010535712164048076 0.01412276064699094 -2.7990322042640257e-05 -0.029455819830595122 0.014145785360149524 0.00013787070609028567 -0.013016520400982484 -0.0013804066568311271 -0.00035770405461205368 0.0023399115611135177 -0.002116169774838206 0.00098748418925599267 0.015157394350695947 0.0006716495334582811 -0.038033296971616198
leaf_weight=1235.3590432927012 1837.8024954721332 4617.5422658994794 277.78107734769583 236.10137810558081 1027.50408757478 1172.3546135351062 840.7019255682826 537.66842499375343 1740.9290092512965 2658.4396988600492 39.750821635127068 45.389558896422386 481.87423001229763 90.899201229214668 36.834139555692673 174.56556806713343 87.838254921138287 4631.3841823786497 19.887896798551083 9.8957820087671298 573.64536160230637 145.61799493432045 346.1034537255764 4204.0875543579459 2141.2780372351408 779.97659049928188 1383.1496568024158 67.39727546274662 342.02228626608849 17.326382845640182
leaf_count=9280 8263 19882 1737 1190 4366 6065 5567 2409 7656 11633 185 221 2104 358 167 968 373 21728 101 39 2350 641 1411 17804 9471 3306 5990 296 1478 84
internal_value=-8.95892e-07 -0.000866157 0.00165162 0.00145104 -0.000584025 -0.00159804 -0.00107652 0.00163955 -0.00180911 -0.00292495 -0.00183752 -0.00158943 -8.42628e-06 0.000196742 0.000108293 0.000428832 0.00150928 -0.000549205 -0.00482546 -0.00391393 -0.00276799 -0.00592684 -0.00322036 -3.34481e-07 0.00248931 0.00114908 0.00367895 0.00164893 -0.000773257 -0.018973
internal_weight=31801.1 20873.5 10927.6 10649.8 19638.2 8544.61 7372.26 1565.17 5807.09 3584.28 2743.58 2703.83 2222.8 11093.6 11002.7 9900.46 4705.38 5195.08 563.698 543.81 1102.2 528.556 382.938 4440.19 6209.6 2921.25 3288.35 1450.55 369.244 27.2222
internal_count=147123 99066 48057 46320 89786 40206 34141 6775 27366 17606 12039 11854 9760 49580 49222 44653 20255 24398 2670 2569 4569 2219 1578 18994 27326 12777 14549 6286 1601 123
is_linear=0
shrinkage=0.03


Tree=104
num_leaves=31
num_cat=0
split_feature=13 13 1 10 6 15 8 7 8 2 7 6 7 12 7 6 6 6 12 13 19 12 7 7 6 18 12 4 17 17
split_gain=47.7878 26.051 21.9708 23.1985 19.3922 16.2688 17.1761 19.5481 19.9908 23.6145 19.758 17.3891 17.3876 19.342 19.1165 16.456 16.2766 17.7385 26.1001 16.9074 16.1821 16.2374 16.081 18.0423 21.133 17.8171 17.72 15.9853 15.6454 15.2646
threshold=0.0014207478014663585 0.0005933923349788618 -0.0049201908905001082 123484.74150000002 0.0051491335002310521 -0.11263184044372672 58470.867000000013 64328.313000000009 94145.497500000012 0.00030943845602482428 94378.987000000023 -0.0036518226367174274 63007.714000000007 0.0013246642701047393 62112.357000000011 0.0059399358847369585 -0.0035673595268131959 0.0019630473698527555 0.00068833227972874011 0.00094936392947147488 0.037234399622608855 0.00069757075931191717 92030.896000000008 91363.673000000024 -0.00055625192644725974 0.10623353036515205 0.0014942109105588327 0.00011031088139878965 0.43572077524528702 0.11507538811805128
decision_type=2 2 2 2 2 2 2 2 2 2 2 2 2 2 2 2 2 2 2 2 2 2 2 2 2 2 2 2 2 2
left_child=1 4 -2 28 20 6 15 12 22 10 -10 -12 13 -8 -15 -3 19 -18 -19 -14 -1 -22 23 25 27 29 -24 -25 -4 -9
right_child=2 5 3 -5 -6 -7 7 8 9 -11 11 -13 16 14 -16 -17 17 18 -20 -21 21 -23 26 24 -26 -27 -28 -29 -30 -31
leaf_value=-0.0071467249388569394 0.0092047950129422514 0.0067914956684629402 0.0029499869074491756 -0.036262070645136528 0.0089685035677327125 0.00056891589302660603 -0.0011641775830995721 -0.022802137519452571 -0.020165881262570792 -0.0040454169693175876 0.0034187003857010863 -0.001276720342107815 -0.021097070042041064 -0.020066493903709987 0.011914769982569169 -0.0084646593608553363 -0.022586207159377092 0.027447871513996358 -0.012200200819201647 0.0092402251934117184 -0.0014772698050975193 -0.027062095117453378 0.0095008638146229923 0.024798819932131805 -0.025881286405816623 0.0029614409721570693 -0.023321562566287139 -0.024153963680486112 0.00049318081131539179 -0.0015985568809270246
leaf_weight=1029.3976827412844 340.86389847099781 402.68427453935146 3985.9625365883112 14.549081295728682 101.89564035832882 8355.8848479241133 792.97351944446564 31.507017314434052 44.894667759537697 2665.8116367384791 927.9674903601408 3018.1334871798754 22.884194806218147 94.084246322512627 20.283832684159279 75.323147565126419 126.45927868783474 17.340316340327263 103.19787788391113 58.753168687224388 1142.8198873400688 22.689382396638393 281.09821635484695 16.939981818199161 48.386954218149185 1433.5613491013646 15.484161630272864 9.1299781054258329 5633.5759338438511 949.16916935890913
leaf_count=8729 1981 1591 17385 70 511 35787 3414 146 221 12164 4016 13911 109 405 78 312 605 74 456 231 8605 135 1133 63 217 5980 68 40 24568 4118
internal_value=-8.88027e-07 -0.000787697 0.00171904 0.00145379 -0.00380988 -0.000431777 -0.00118156 -0.00143084 -0.000966016 -0.00185908 -0.000397889 -0.000171723 -0.00497905 -0.00283253 -0.0143628 0.00437993 -0.0108937 -0.0147312 -0.00645364 0.00068411 -0.00440485 -0.00198019 0.00116733 0.000379003 -0.0141539 0.00082902 0.00776985 0.00751361 0.00151152 -0.0022851
internal_weight=31783.7 21808.8 9974.95 9634.09 2296.8 19512 11156.1 10678.1 9442.08 6656.81 3991 3946.1 1235.98 907.342 114.368 478.007 328.635 246.997 120.538 81.6374 2194.91 1165.51 2785.28 2488.69 74.4569 2414.24 296.582 26.07 9619.54 980.676
internal_count=147123 103119 44004 42023 17980 85139 49352 47449 42077 30312 18148 17927 5372 3897 483 1903 1475 1135 530 340 17469 8740 11765 10564 320 10244 1201 103 41953 4264
is_linear=0
shrinkage=0.03


Tree=105
num_leaves=31
num_cat=0
split_feature=14 14 14 16 16 15 3 12 17 4 2 1 9 0 14 17 7 7 1 5 5 15 7 2 4 2 2 12 8 3
split_gain=45.6737 26.8148 17.4374 16.7664 16.4007 10.4364 12.3823 12.7489 10.6741 10.3468 10.2827 10.2396 12.24 10.7023 10.1732 12.1365 11.2257 10.5235 10.3233 12.0775 10.0487 10.0461 9.94161 9.90079 10.0418 9.80421 9.84926 9.79015 9.25475 9.2405
threshold=0.0018313997132282649 0.00037554119203724739 0.0071272240979873324 0.15135022608749141 0.057498607851014245 -0.093464370563187807 -0.0030125401303531247 0.0021963903566849085 0.17753787657204387 5.3812273340558832e-05 -0.0050947862482881292 0.00031407893360468902 100533.71150000002 0.0021017879233262708 0.00083838299436748206 0.57263006560637619 123541.63700000002 122462.70800000001 0.0016141044554326414 -0.0045271788945710481 -0.003903585904959372 0.82394603691488266 117878.79200000002 0.0014159624015297469 0.0048170702997010215 0.0041056786841764401 -0.0015017304008490549 0.00079389053376227342 60907.326000000008 0.0028415443821335766
decision_type=2 2 2 2 2 2 2 2 2 2 2 2 2 2 2 2 2 2 2 2 2 2 2 2 2 2 2 2 2 2
left_child=1 -1 3 11 5 6 7 -3 -8 -7 -5 13 25 27 23 16 17 -16 19 -17 -20 29 -12 -6 -25 26 -13 -2 -22 -14
right_child=2 4 -4 10 14 9 8 -9 -10 -11 22 12 21 -15 15 18 -18 -19 20 -21 28 -23 -24 24 -26 -27 -28 -29 -30 -31
leaf_value=-0.0051221193037038855 0.01491029120931407 0.002625229074916133 0.0090246718304051836 0.0060789752286616958 -0.0042418894734892109 -0.00018109726355475356 0.0017559883831612946 0.019961986736336021 -0.0011280225288419019 0.003310143743307055 -6.6436147121259578e-05 0.0093444802711036123 -0.0012476163370544881 0.0120311164073443 0.00022857785937719833 0.0027696461089020234 -0.02599026838692179 0.025615470034291099 -0.019268218051812395 -0.0041286614005582268 0.018725756204822013 0.0052785888072050292 -0.0073778918787609695 0.0028025787225943073 0.041273142958670565 0.0061931870381795274 0.00056462324861833175 0.0029486386059042963 0.0018791904665080819 -0.0090030254499445499
leaf_weight=1229.34162068367 62.880069926381111 534.61011563241482 275.42669510096312 234.77716702967882 1649.8174288421869 1466.994462184608 1371.5650659874082 41.105413511395454 7292.515219733119 1590.6528086438775 4028.5465286523104 124.11453305929899 438.92760960012674 128.4072742536664 3013.9488638043404 258.15885135531425 14.52637806534767 14.670768201351164 18.017665177583694 1947.6954726874828 32.893949493765831 135.50558713823557 174.57625685632229 99.564382657408714 6.4310543388128272 451.04054115712643 1566.4859113022685 3090.2909354045987 272.48456470668316 202.57458290457726
leaf_count=9280 249 2169 1737 1190 9765 6802 5929 165 32828 7118 17067 590 1856 601 12969 1063 72 57 78 8990 125 554 737 479 23 2082 6811 13699 1154 884
internal_value=-9.0715e-07 -0.000823875 0.00157144 0.00137811 -0.000554458 0.000114788 -0.000387702 0.00387152 -0.000671109 0.00163419 -2.8972e-05 0.00238572 0.00109144 0.00353587 -0.00167791 -0.00104968 0.000225799 0.000353385 -0.00258546 -0.00331988 0.00241419 -0.00213177 -0.000370999 -0.00366983 0.00520168 0.00226229 0.00121148 0.00318859 0.00370918 -0.00370233
internal_weight=31768.5 20855 10913.6 10638.1 19625.7 12297.4 9239.8 575.716 8664.08 3057.65 4437.9 6200.23 2918.65 3281.58 7328.21 5572.4 3043.15 3028.62 2529.25 2205.85 323.396 777.008 4203.12 1755.81 105.995 2141.64 1690.6 3153.17 305.379 641.502
internal_count=147123 99066 48057 46320 89786 55011 41091 2334 38757 13920 18994 27326 12777 14549 34775 24508 13098 13026 11410 10053 1357 3294 17804 10267 502 9483 7401 13948 1279 2740
is_linear=0
shrinkage=0.03


Tree=106
num_leaves=31
num_cat=0
split_feature=13 3 3 5 8 8 6 12 17 7 13 8 5 6 12 5 15 19 13 2 12 6 5 4 6 5 19 12 7 13
split_gain=43.7157 26.0531 25.2424 22.2029 21.9746 27.1805 20.3968 19.5489 18.4828 16.3513 29.8258 28.6825 25.8981 17.8842 26.4669 17.0269 15.8206 13.787 13.7502 18.268 19.4036 22.3656 20.9207 18.0116 16.5235 13.5961 18.3848 16.2402 15.3248 14.4498
threshold=0.00092103261276192433 0.0029700601957025623 -0.0023097741705397352 -0.01804197168760829 110713.58000000002 110447.86950000002 0.0044708844728103001 0.001101041801279095 0.23664131657525087 114477.37900000002 0.0010472033750838709 115364.60050000002 -0.0049385395607281493 0.016080688977521355 0.0028729244711353913 0.0052388476342302157 0.50279129280602597 0.42470714965599565 0.00059932848766249003 0.0013333442611498383 0.00065900733375212032 0.0051491335002310521 -0.0038171217565788891 0.00045483989900230176 -0.00061519565133744114 0.0052388476342302157 0.22664868038614897 0.0012246313557469693 116114.01000000002 0.0010021020648519829
decision_type=2 2 2 2 2 2 2 2 2 2 2 2 2 2 2 2 2 2 2 2 2 2 2 2 2 2 2 2 2 2
left_child=1 8 3 -2 5 -4 -3 -7 -1 13 12 -12 -11 -6 -15 -13 25 -17 19 20 21 22 -10 -23 -21 27 -27 28 -14 -29
right_child=2 6 4 -5 9 7 -8 -9 18 10 11 15 16 14 -16 17 -18 -19 -20 24 -22 23 -24 -25 -26 26 -28 29 -30 -31
leaf_value=0.00078106527887672288 0.011036011761134756 -0.0014652731073140799 0.00056803309778563789 0.0022147504354755928 -0.0048225165414036266 0.048155740156585622 0.010527396409880898 0.0097723368671194764 0.010195291099520304 -0.031700252124406032 0.014991549349988897 0.0025439641431825393 -0.029551111380714635 -0.033601858019754516 0.031492689243341372 -0.0033058300859903512 0.0065368023796426762 -0.022337663959728443 -0.0018681447205176041 -0.014709655168719783 -0.017215217828611275 -0.020937226036928901 -0.0060739514184637517 0.022946309068681808 0.01154485348417985 -0.015381878262639474 0.036113653338292515 0.052925352742657056 -0.0090926589460860012 -0.011638792284044215
leaf_weight=1802.6910365372896 273.18439002335072 236.93684543669224 14659.802074760199 4318.0997919216752 786.37056349217892 16.98387736082077 275.55229215323925 40.889705792069435 74.274479888379574 36.599870160222054 135.84593492746353 643.8521496206522 40.534094572067261 38.813259437680244 6.4428651779890052 160.931461378932 79.52552105486393 43.636002063751221 5983.461407199502 27.0830123052001 119.88796715438366 10.30947996675968 1576.9387637302279 42.976811714470387 103.35551464557648 11.447085842490198 13.371038302779196 6.4757713526487333 180.66763022542 5.7631714791059494
leaf_count=9592 1633 1042 61447 18898 3359 62 1104 164 431 169 530 2639 197 177 29 671 334 194 28491 173 719 69 13232 215 573 52 51 21 831 24
internal_value=-8.31945e-07 -0.00161277 0.000767802 0.0027405 0.000231933 0.000649321 0.00497782 0.0211519 -0.00195987 -0.00257126 -0.000540757 0.0021983 -0.00774848 -0.00588447 -0.0242196 0.000144827 -0.00513574 -0.00738907 -0.00258268 -0.00476804 -0.00554441 -0.0047208 -0.00533974 0.0143765 0.00606354 -0.00874282 0.0122751 -0.0109945 -0.0128668 0.0224318
internal_weight=31752.7 10253.5 21499.2 4591.28 16908 14717.7 512.489 57.8736 9740.98 2190.28 1358.65 984.266 374.384 831.627 45.2561 848.42 337.784 204.567 7938.29 1954.83 1824.39 1704.5 1651.21 53.2863 130.439 258.259 24.8181 233.441 221.202 12.2389
internal_count=147123 55641 91482 20531 70951 61673 2146 226 53495 9278 5713 4034 1679 3565 206 3504 1510 865 43903 15412 14666 13947 13663 284 746 1176 103 1073 1028 45
is_linear=0
shrinkage=0.03


Tree=107
num_leaves=31
num_cat=0
split_feature=11 13 3 18 4 7 12 10 6 1 19 1 12 13 7 9 11 11 4 5 6 7 17 19 7 5 9 10 10 4
split_gain=41.3138 24.0643 17.5785 17.6061 16.6237 19.1853 19.7689 15.4082 17.6688 15.1829 14.5701 13.4403 12.7976 17.6851 32.9262 32.5904 22.5882 21.4858 21.077 20.2854 12.7922 17.0506 12.6683 11.927 13.9304 12.7688 11.9032 11.8472 22.9347 14.1345
threshold=0.00067410959916185944 0.0021010940198595953 -0.001341421322610725 0.00010027575868088686 -0.016106474923258892 97185.58100000002 0.0020132270070750261 62072.667916666673 0.0091183239221483987 0.00097549576607891552 0.00034211426623455949 0.0018838582838485165 0.00085916269743511239 0.0008132775936150955 60431.304000000011 61866.758750000015 0.00050472378174557051 0.00042830241253522878 0.00057474548181479801 0.0015890424601356925 0.0015733850730955681 56918.37200000001 0.35158121494335609 0.11875353360421953 63175.940000000002 0.00076929648206269807 58066.633750000001 107845.44166666667 107317.80858333335 -0.0044156021255983826
decision_type=2 2 2 2 2 2 2 2 2 2 2 2 2 2 2 2 2 2 2 2 2 2 2 2 2 2 2 2 2 2
left_child=2 10 3 -1 11 -6 22 12 23 -10 -2 -3 13 14 19 16 -16 18 -17 26 -14 -22 -7 25 -25 -9 -4 28 29 -12
right_child=1 4 7 -5 5 6 -8 8 9 -11 27 -13 20 -15 15 17 -18 -19 -20 -21 21 -23 -24 24 -26 -27 -28 -29 -30 -31
leaf_value=-0.0058321857226943784 -0.0013259365431645281 0.017933840081784135 0.0058510423860249515 0.0037269092932301112 0.0039123386918039592 -0.017485050461609152 0.0017452003479981222 -0.007357351476278997 0.014589693764065567 -0.010053858854051759 0.0032782945788805149 -0.01002364966354783 0.024238811678274488 -0.011519173649402017 0.077883351989944311 0.074824315824095169 0.025677253107127106 -0.014979100084198295 -0.011343722754867589 0.013615477428432606 -0.045139592332222873 0.010174739125626374 -0.0035678527637364055 -0.016893846378417718 -0.0018491368340221648 -0.0027688818706566817 -0.016044562533063123 -0.00092177317836569827 0.010757180624028764 0.00043747958692166286
leaf_weight=226.76130995899439 4655.3561381101608 103.89401565492153 30.457027718424797 734.19489490240812 2324.2676862999797 86.55958779156208 596.76156388968229 1226.6552197486162 85.525930240750313 30.292968705296516 1816.7080011516809 17.969165064394474 44.130365371704102 85.677226528525352 10.576177403330801 5.6601692885160428 26.394319631159306 24.292422540485859 4.4541298747062683 45.691376358270645 6.159885078668597 25.089408621191978 186.19036412239075 56.759082838892937 2240.8719171956182 988.62017188221216 81.618550918996334 3816.2990428060293 211.90548714995384 11941.768512144685
leaf_count=1268 19832 718 128 3779 11369 378 2820 8992 366 138 7887 129 165 382 38 34 119 156 33 215 29 98 781 360 13554 6126 554 16398 856 49421
internal_value=-8.28633e-07 0.000520603 -0.00224731 0.00146771 0.00290624 0.0024899 -0.00130893 -0.00295923 -0.00344214 0.00811507 0.000167998 0.013782 0.002761 9.14577e-05 0.0044489 0.0213461 0.0408626 0.000230778 0.0368444 -0.00318544 0.0138556 -0.000742377 -0.00800038 -0.00373958 -0.00222282 -0.00531121 -0.0100677 0.000559184 0.000963956 0.000812828
internal_weight=31737.6 25757.7 5979.88 960.956 3315.64 3193.78 869.512 5018.93 4628.73 115.819 22442 121.863 390.201 314.821 229.144 71.3772 36.9705 34.4067 10.1143 157.767 75.3797 31.2493 272.75 4512.91 2297.63 2215.28 112.076 17786.7 13970.4 13758.5
internal_count=147123 110589 36534 5047 16195 15348 3979 31487 29536 504 94394 847 1951 1659 1277 380 157 223 67 897 292 127 1159 29032 13914 15118 682 74562 58164 57308
is_linear=0
shrinkage=0.03


Tree=108
num_leaves=31
num_cat=0
split_feature=14 5 16 4 10 11 10 16 18 2 19 3 10 9 13 13 4 4 5 19 18 4 2 9 11 13 18 13 0 13
split_gain=39.9752 25.4241 18.9969 17.6503 17.109 15.2115 18.9979 15.0729 13.4148 20.132 16.2392 14.3816 12.5545 15.7279 13.5407 12.508 11.9496 12.6919 11.943 11.9282 14.1627 11.276 11.1031 10.8215 10.6628 22.5061 12.0909 11.0636 10.4643 12.4947
threshold=0.00071428902181356376 -0.0074145585170469199 -0.018747460802077839 0.016021920813402594 104084.72633333334 0.00034035948233228228 121860.64225000002 -0.50026709272192826 0.14299560851987081 -0.00061445518196884253 0.29549212761311433 0.0045413072035626065 93596.114166666681 93353.320750000028 0.00034444809460778414 0.0012884729921537285 -0.00167267011686395 0.00025276537372764812 0.012847772068192988 0.0001669309751177094 0.56537531366679084 0.0045899411897600837 -0.00044372735139230896 105018.86350000002 0.0011500674018399438 0.00082290788762039483 0.75489582252016096 0.0031818897991220071 0.0004142290616959699 0.0024855242857915009
decision_type=2 2 2 2 2 2 2 2 2 2 2 2 2 2 2 2 2 2 2 2 2 2 2 2 2 2 2 2 2 2
left_child=5 4 3 24 21 6 16 15 18 19 11 -11 13 -7 -14 -6 22 -18 -4 20 -10 -2 -1 -22 26 -26 27 -3 29 -9
right_child=1 2 8 -5 7 12 -8 28 9 10 -12 -13 14 -15 -16 -17 17 -19 -20 -21 23 -23 -24 -25 25 -27 -28 -29 -30 -31
leaf_value=0.026408516077511407 0.0050648621726022656 -0.00020072469466393339 -0.0019314242578422288 0.012291413088191214 -0.0053572219645472352 3.8399498672826763e-05 0.044877541067405019 0.00095863101283344963 0.0011932581619345352 -0.0026437487741159385 0.0021550970130914462 0.0033240192175136053 -0.021288639958592988 0.033398391233921812 -0.0027975632029291898 -0.058556649350653044 -0.015286103448396541 -0.0039178720784443346 0.005677153922473489 0.0037068234458269103 -0.0062837805586387239 -0.0070674366159274096 -0.014779614824395224 -0.029913292427780919 0.01963512529690508 0.0016517650155207224 0.0077637257730164165 -0.043923869540180675 -0.0062014759779537637 0.021435917989957465
leaf_weight=15.706265039741995 1933.3973765447736 5469.6842009425163 5738.7240297943354 124.20381947606802 9.0993612259626406 1465.7882110401988 5.8806680366396895 465.69340262562037 260.52781430631876 2957.523516356945 1198.125121191144 413.84390833228827 35.999593190848827 12.732363298535345 3201.7448343038559 7.1963449120521537 203.3670045286417 157.93391623347998 191.59952651709318 1759.361296467483 66.482623815536499 71.208469279110432 9.2083616331219655 23.835200883448124 63.295203819870949 5464.6721994206309 175.07690328359604 5.114294007420539 185.94732521474361 28.391809336841106
leaf_count=136 9236 23862 25498 615 38 7509 37 1987 1138 12999 5141 1807 441 48 18542 37 2339 1601 878 7481 293 368 87 116 240 22906 726 24 836 157
internal_value=-8.23519e-07 0.000465673 0.000153901 0.00104717 0.00322465 -0.00243168 -0.00811107 -0.00082281 -0.000646475 0.000275109 -0.000843612 -0.00191022 -0.00195871 0.000329949 -0.00300474 -0.0292474 -0.00893707 -0.0103275 -0.00168501 0.00269896 -0.00234616 0.00463207 0.0110674 -0.0125791 0.000921848 0.00185857 4.79165e-06 -0.000242918 -0.000133056 0.0021455
internal_weight=31721.4 26613 23912.1 11302 2700.93 5108.36 392.096 696.328 12610 6679.7 4569.49 3371.37 4716.27 1478.52 3237.74 16.2957 386.216 361.301 5930.32 2110.21 350.846 2004.61 24.9146 90.3178 11177.8 5527.97 5649.88 5474.8 680.033 494.085
internal_count=147123 116383 103724 48373 12659 30740 4200 3055 55351 28975 19947 14806 26540 7557 18983 75 4163 3940 26376 9028 1547 9604 223 409 47758 23146 24612 23886 2980 2144
is_linear=0
shrinkage=0.03


Tree=109
num_leaves=31
num_cat=0
split_feature=14 14 5 17 1 16 3 13 16 13 16 15 15 6 1 2 4 0 4 6 1 3 17 5 5 11 5 4 2 7
split_gain=37.6862 22.8622 15.982 14.8601 19.2219 14.5149 12.2673 12.1192 10.0654 11.1827 10.0855 12.6291 9.86726 11.6656 13.4167 11.9964 12.8109 13.3612 12.264 10.6824 17.5024 10.5545 9.9991 12.5212 9.74714 12.8994 10.1361 12.6211 12.3356 10.7851
threshold=0.0018313997132282649 0.00037554119203724739 -0.027506927825615698 0.43183768324413518 -0.0049201908905001082 0.057498607851014245 -0.0012281757342784692 0.0024855242857915009 -0.037544752222769866 0.00087803706365960127 -0.32030432991280411 -0.23394515531421359 -0.16766129453871054 0.00065954538080592606 0.0022445750667908775 -0.0030960727285764262 -0.0045224635976653374 0.00024458247546899076 0.0031188323157929081 -0.0091523013485483844 -0.00021065787808255407 -0.00025795190442279287 0.62596771042863664 0.014584402253623454 0.0037381525217045079 0.00057478290737555764 -0.0017428702359709722 0.00063439241569973614 -0.00093128586731122665 68432.022000000012
decision_type=2 2 2 2 2 2 2 2 2 2 2 2 2 2 2 2 2 2 2 2 2 2 2 2 2 2 2 2 2 2
left_child=1 -1 -2 6 7 12 -4 -5 9 10 11 -6 21 15 -15 16 17 -14 19 20 -17 22 -3 24 26 -26 27 -24 -29 -28
right_child=2 5 3 4 8 -7 -8 -9 -10 -11 -12 -13 13 14 -16 18 -18 -19 -20 -21 -22 -23 23 -25 25 -27 29 28 -30 -31
leaf_value=-0.0047364192300575307 0.014510732871844602 0.0019754682706680394 0.0051130113313963355 0.0041659747925240544 0.029059339173273999 -0.0015588224245310211 0.0014871025298904929 0.017428970570030962 -0.00064705949795472526 0.001285940624898744 0.016291256467433957 -0.015104015085183664 0.0072158110113445598 0.0025200998519815947 0.012667120274111522 0.017079639088193734 -0.0216316771694978 -0.041482159010209803 -0.0093902167555548373 0.00024304140082440976 -0.0039256534884523292 -0.0012991892000920723 -0.00036928634351005019 -0.046049698239433709 0.047026891510280881 0.0038363843743769118 -0.011365462569511544 -0.0013700272441645363 0.028953473350211083 -0.0023733824468373803
leaf_weight=1218.3588878288865 83.359237298369408 2395.1054444164038 1397.8263268619776 224.62459442764521 7.7004244476556805 7314.8521310836077 2111.9519395679235 86.112160347402096 4380.5650567337871 2488.1639724820852 83.483124956488609 22.770399510860443 38.512447312474251 1537.5819909870625 127.09729036688805 89.373826324939728 47.231113702058792 5.7346440851688376 108.08623853325844 1401.3733798712492 59.024017870426178 5047.1532031223178 502.74460516870022 5.4820718616247168 6.3638411462306967 181.93196119368076 155.77894186973572 21.26338092982769 27.270446240901947 528.85591552406549
leaf_count=9280 577 10355 6398 1154 28 34775 9229 543 18820 10887 323 98 154 6880 496 344 207 27 467 6740 244 22572 2238 26 26 743 719 89 105 2579
internal_value=-8.04759e-07 -0.000748822 0.0014294 0.00132805 0.000555686 -0.000500783 0.00293214 0.00785553 0.000230298 0.00170842 0.0108976 -0.00378661 0.000128919 0.00149962 0.00329734 -0.000209474 -0.0107806 0.000757355 0.00037263 0.00105602 0.00870774 -0.000398213 0.000789923 -0.00119407 -0.00101609 0.00533621 -0.00198666 0.00103651 0.0156311 -0.00442514
internal_weight=31705.7 20819.2 10886.6 10803.2 7293.42 19600.8 3509.78 310.737 6982.68 2602.12 113.954 30.4708 12286 3414.01 1664.68 1749.34 91.4782 44.2471 1657.86 1549.77 148.398 8871.95 3824.8 1429.69 1424.21 188.296 1235.91 551.278 48.5338 684.635
internal_count=147123 99066 48057 47480 31853 89786 15627 1697 30156 11336 449 126 55011 15559 7376 8183 388 181 7795 7328 588 39452 16880 6525 6499 769 5730 2432 194 3298
is_linear=0
shrinkage=0.03


Tree=110
num_leaves=31
num_cat=0
split_feature=14 5 16 4 10 16 18 2 19 3 14 5 5 19 18 1 4 15 10 10 18 10 9 15 10 12 10 0 14 16
split_gain=36.2279 23.0075 17.0952 16.6776 16.0399 14.1098 12.4915 18.7636 15.1822 13.4515 12.2474 13.482 11.1951 11.1197 13.3974 10.9838 14.1143 13.8593 10.93 10.9063 10.7988 10.3889 10.2358 12.1033 10.1485 13.2266 10.1081 12.2373 10.6499 11.9525
threshold=0.00071428902181356376 -0.0074145585170469199 -0.018747460802077839 0.016021920813402594 104084.72633333334 -0.50026709272192826 0.14299560851987081 -0.00061445518196884253 0.29549212761311433 0.0045413072035626065 0.00022166400133634065 -0.0047294412655284881 0.012847772068192988 0.0001669309751177094 0.56537531366679084 0.00014698565102999608 0.00034051105340882076 -0.54978047198393187 104832.13216666668 120083.71983333335 0.13852443221548483 57164.634083333345 105018.86350000002 -0.62117774719723551 97873.109083333358 0.0003767339888297443 62855.174916666678 -0.0029841735047850255 0.0026046004505475263 0.83530541225246113
decision_type=2 2 2 2 2 2 2 2 2 2 2 2 2 2 2 2 2 2 2 2 2 2 2 2 2 2 2 2 2 2
left_child=10 4 3 21 15 -6 12 13 9 -9 11 -1 26 14 -8 20 -17 -18 24 -20 -2 -3 23 -16 -13 -26 27 -4 29 -28
right_child=1 2 6 -5 5 -7 7 8 -10 -11 -12 18 -14 -15 22 16 17 -19 19 -21 -22 -23 -24 -25 25 -27 28 -29 -30 -31
leaf_value=0.037203570716907837 0.0029727610131727476 0.0063121614444406719 -0.016208607115719541 0.011965070745131031 -0.02824668622359254 -0.00017672849648894478 0.0011879349059471093 -0.0025436267739815293 0.0020970490961563491 0.003230619929411887 -0.0018925453711460536 -0.0057963224019996814 0.0055222509772509046 0.003591834243815966 -0.028127068476124409 0.0033600659478010201 -0.0014596166390017367 -0.023838594600370251 -0.013275479695957196 0.020455651925214657 0.0084339482354213475 0.00071884112646237021 -0.029107057326327884 0.0012734410717660087 0.070676742977215032 0.0066964417948719625 -0.0023014236012278136 0.0022850234812203662 0.0003751213716076675 -0.0067113071025805089
leaf_weight=5.8799804821610442 586.5538741350174 307.3943697437644 33.626643352210522 123.29561622440815 16.415195986628532 679.43795894831419 260.50366527587175 2957.0200090706348 1197.6797580271959 413.40557355433702 4706.3819378316402 112.6331711858511 191.12199080735445 1757.9088875874877 16.693008273839951 549.40914472192526 87.098695315420628 34.973877020180225 232.41681256145239 8.8047318086028081 739.75226924568415 10865.972053453326 23.754606999456882 49.787585377693176 3.1670307591557529 28.481270156800747 3304.8622745871544 700.44659233093262 1033.1089347377419 665.66958320885897
leaf_count=27 2849 1310 177 615 75 2980 1138 12999 5141 1807 27260 905 878 7481 76 2612 409 186 2272 57 3548 46448 116 217 30 189 14668 2948 4491 3214
internal_value=-7.4917e-07 0.000443216 0.000146869 0.000994477 0.00307166 -0.000847174 -0.00061249 0.000277044 -0.000802969 -0.00183441 -0.00231754 -0.00741868 -0.00161473 0.0026181 -0.00225336 0.00443811 0.00130587 -0.00791003 -0.00811654 -0.0120239 0.00602143 0.000873045 -0.0122117 -0.00609501 -0.00155935 0.0133959 -0.00185308 0.00143168 -0.0023356 -0.00304166
internal_weight=31693.7 26595.9 23902.3 11296.7 2693.64 695.853 12605.6 6676.75 4568.11 3370.43 5097.76 391.383 5928.84 2108.65 350.739 1997.79 671.482 122.073 385.503 241.222 1326.31 11173.4 90.2352 66.4806 144.281 31.6483 5737.71 734.073 5003.64 3970.53
internal_count=147123 116383 103724 48373 12659 3055 55351 28975 19947 14806 30740 3480 26376 9028 1547 9604 3207 595 3453 2329 6397 47758 409 293 1124 219 25498 3125 22373 17882
is_linear=0
shrinkage=0.03


Tree=111
num_leaves=31
num_cat=0
split_feature=13 7 3 9 9 6 5 10 8 9 6 12 13 13 14 16 12 5 9 10 6 13 13 14 8 13 8 7 5 10
split_gain=34.4476 21.6387 21.4271 21.2964 25.4786 20.7562 18.3655 18.1884 40.5486 26.337 15.5168 15.1647 15.0127 14.9001 14.4259 14.3694 14.1409 12.9865 14.8238 19.0228 18.8629 17.7967 15.0292 14.3903 14.0513 13.1927 17.4495 18.1605 14.1152 13.9814
threshold=0.00091099097288693993 109396.04300000001 0.0029700601957025623 114458.91050000001 115023.76475000002 0.0044708844728103001 -0.0074145585170469199 115341.20116666668 116098.925 116488.03675000001 -0.0048987505600256434 0.00057886845913148518 0.00095874072763494679 0.0010070971270611415 0.00082246418806272627 0.16746027695030344 0.0008684668495909715 0.0024484818159974391 110445.20975000002 110172.88750000003 0.0032022398255707745 0.00085476010154875918 0.00059932848766249003 0.0016080044506480951 110713.58000000002 0.00085054628557612155 94919.089500000016 61368.109000000004 0.004295762339700194 96631.928583333342
decision_type=2 2 2 2 2 2 2 2 2 2 2 2 2 2 2 2 2 2 2 2 2 2 2 2 2 2 2 2 2 2
left_child=2 6 7 -3 13 -4 12 15 10 14 11 -9 -2 16 -10 17 -5 18 19 22 21 23 -1 -20 -22 -19 27 -27 -29 -28
right_child=1 3 5 4 -6 -7 -8 8 9 -11 -12 -13 -14 -15 -16 -17 -18 25 20 -21 24 -23 -24 -25 -26 26 29 28 -30 -31
leaf_value=-0.0051906250483615066 0.024655189533072063 -0.0040887039364403592 -0.0020280160371310015 0.021707083511997599 -0.0002142739394179221 0.010356858267225625 0.00071531113309939701 0.041818926654467965 0.040214604044584594 -0.0037124488391855389 -0.021248499241917577 -0.0084969854624506111 0.0033209537977175649 0.01948330826313412 0.0052610947689940984 -0.0029339784875627344 -0.033320118044113209 0.0043559608611095108 0.0056623061978543342 -0.02583059677805288 0.02898793373866787 -0.008394358907844705 -0.00053407417482664356 0.024453879953626315 -0.012856477319618156 -0.020991522094067665 -0.039404611268183808 0.022878771489306535 -0.0019307300859696471 -0.0078112103186817475
leaf_weight=818.29356480389833 30.039774313569069 1576.5814593657851 225.09908971190453 6.9581711590290096 1605.7863159328699 264.32659520208836 16189.953030519187 6.3394785895943633 18.312234066426754 1088.4629856199026 166.88766349479556 32.985472954809666 2220.4646766260266 92.605508275330067 25.770141087472439 2909.8426032811403 10.183269813656805 845.75083158165216 452.82733029872179 29.425453655421734 7.7468655109405509 75.799957029521465 2631.7379081621766 39.97012197971344 86.561623275279999 19.104929819703102 14.338644728064535 44.281529501080513 38.167884722352028 104.70326259732246
leaf_count=6749 113 6737 995 29 6759 1059 67922 34 110 6564 1572 162 10677 356 124 15669 47 4061 2696 176 40 350 12503 154 494 86 71 175 160 479
internal_value=-7.05004e-07 0.000668464 -0.00146306 -0.00157156 0.000740067 0.00465537 0.00106854 -0.00178006 -0.00502052 -0.00278877 -0.0172557 -0.000224089 0.00360814 0.0147185 0.0199072 -0.00124528 -0.0108128 -0.000301279 -0.00106183 -0.0018457 0.00304771 0.0051123 -0.00163952 0.0071972 -0.00936037 0.00265018 -0.0038751 0.00523705 0.0113691 -0.0116717
internal_weight=31679.3 21732.6 9946.74 3292.11 1715.53 489.426 18440.5 9457.31 1338.76 1132.55 206.213 39.325 2250.5 109.747 44.0824 8118.55 17.1414 5208.71 4142.36 3479.46 662.906 568.597 3450.03 492.797 94.3085 1066.35 220.596 101.554 82.4494 119.042
internal_count=147123 92640 54483 13928 7191 2054 78712 52429 8566 6798 1768 196 10790 432 234 43863 76 28194 23162 19428 3734 3200 19252 2850 534 5032 971 421 335 550
is_linear=0
shrinkage=0.03


Tree=112
num_leaves=31
num_cat=0
split_feature=13 10 14 1 17 6 1 3 11 10 3 3 5 17 16 18 5 16 12 8 6 13 11 12 5 12 17 13 1 5
split_gain=33.1033 20.0797 19.7601 17.3399 14.5873 15.4768 32.7606 14.3503 14.2428 19.8131 14.1162 13.9878 13.6883 13.6793 12.1087 22.2782 12.095 11.3293 11.2219 11.2474 11.1595 14.6468 14.0015 13.4347 12.9466 11.8925 11.1488 15.9946 17.026 13.8939
threshold=0.0014207478014663585 123484.74150000002 0.00059897475438309836 -0.0049201908905001082 0.79258098223617479 -0.002692211035806968 -0.00010968541516609419 0.0015487047089449704 0.00034035948233228228 121860.64225000002 -0.004171044674392276 0.001970416580663104 0.0058254736633238666 0.43572077524528702 0.86359761648372924 0.24104362628348433 0.0037381525217045079 1.4355109070262626 0.00078899071564210574 121831.29150000002 0.00033118031704104661 0.00092573343840235487 0.00072156891936690142 0.0012851149694220268 0.0017331021986826125 0.0016818234007350689 0.23187171407381565 0.00073689108032082837 -0.0012454465612575236 0.0028325676401592674
decision_type=2 2 2 2 2 2 2 2 2 2 2 2 2 2 2 2 2 2 2 2 2 2 2 2 2 2 2 2 2 2
left_child=2 3 8 -2 5 6 16 10 9 -1 -8 12 14 -5 -7 -16 -4 -17 -12 -20 23 24 -23 -13 -22 -25 27 28 -10 -28
right_child=1 -3 4 13 -6 11 7 -9 26 -11 18 20 -14 -15 15 17 -18 -19 19 -21 21 22 -24 25 -26 -27 29 -29 -30 -31
leaf_value=-0.0094058648606642394 0.008229253710404321 -0.033278781573315756 0.0037710562674247361 0.0026025048582435529 -0.0017596832834724735 -0.00026606673555714061 -0.014796141029890228 -0.0061729546367210002 0.062403294609029554 0.046137366069307462 -0.0040346035777541252 -0.0059423413265978211 -0.0053259548007745282 0.00030014541389867416 -0.0098628667589046246 -0.0037287726504918457 0.019800143027134016 0.0075490287428846134 0.0025837305637803482 -0.032779372954671974 -0.0027604082747080894 -0.012991198392419554 0.0014359509545614501 0.0098352190124142477 0.0083813595614544295 -0.03613012755383288 -0.0041639391100127049 -0.0029799454307458061 0.0050843903664694844 0.0019387711750274918
leaf_weight=345.4423212222755 331.89594978094101 14.867223694920538 2325.9183959662914 3964.7279501333833 4448.7604150548577 6067.3591283783317 54.490929663181305 415.89480217546225 4.6418084129691115 5.7637407183647147 331.9836790189147 309.09593261033297 626.55987091362476 5615.3845260888338 342.66657669097185 187.75163121521473 43.158311605453491 139.59765994548798 1026.231397986412 8.0481152683496457 114.58571282029152 63.613554626703262 1207.8880203962326 86.313716426491737 508.65862911939621 5.2611876726150504 1934.2861899547279 394.28652688860893 335.91232833266258 405.47780724614859
leaf_count=3849 1979 72 9884 17385 20273 27198 241 1769 22 35 1701 1361 2632 24568 1703 912 165 662 4173 39 526 284 4867 336 2120 25 12280 1840 2233 1989
internal_value=-7.40171e-07 0.00143457 -0.00065628 0.00148727 -0.000264908 0.000214499 0.00173361 -0.00127225 -0.00274755 -0.00847292 0.000160546 -0.000446629 -0.00108425 0.00125331 -0.000689262 -0.00451644 0.00406515 0.00107231 0.000760301 0.00230251 0.00159757 0.00256032 0.000710833 -0.0029472 0.00632798 0.00712515 -0.00209232 0.00112808 0.00589255 -0.00310503
internal_weight=31666.5 9926.88 21739.6 9912.01 18313.8 13865.1 4205.73 1836.65 3425.81 351.206 1420.75 9659.35 7363.93 9580.11 6737.37 670.016 2369.08 327.349 1366.26 1034.28 2295.42 1894.75 1271.5 400.671 623.244 91.5749 3074.6 734.841 340.554 2339.76
internal_count=147123 44004 103119 43932 80871 60598 17972 7923 22248 3884 6154 42626 33107 41953 30475 3277 10049 1574 5913 4212 9519 7797 5151 1722 2646 361 18364 4095 2255 14269
is_linear=0
shrinkage=0.03


Tree=113
num_leaves=31
num_cat=0
split_feature=14 11 7 5 3 14 7 7 10 9 7 5 4 10 12 3 3 11 9 16 11 1 4 2 12 12 0 9 15 16
split_gain=31.6707 17.2454 16.5071 16.8414 15.1684 13.6154 13.536 12.6995 14.5612 13.4748 22.0801 18.1149 18.1269 22.4882 18.0917 27.0163 17.7132 23.9877 17.4985 13.8629 12.9255 22.8744 12.8596 12.8315 17.1639 12.7884 14.5253 12.5288 19.498 12.2843
threshold=0.0014302892020062207 0.00045530295664389982 57496.54500000002 -0.027506927825615698 0.0031801469720338375 0.0011567348833449547 102950.83700000001 67806.302000000011 67403.504666666689 97876.40800000001 107021.91400000002 0.00076929648206269807 -0.00053072878872201235 117579.67008333335 0.00038879810186767937 0.0001035266817617231 -0.0011449144531231468 0.00028605894798425729 103268.03625000002 -0.13534113511437471 0.00041257513963223344 -0.00029190982876553523 5.3812273340558832e-05 -4.5163747615817311e-05 0.00036359635067652969 0.00042015309781520709 0.00058931886709900916 105829.20875000001 -0.20946121874466708 0.08821002549543823
decision_type=2 2 2 2 2 2 2 2 2 2 2 2 2 2 2 2 2 2 2 2 2 2 2 2 2 2 2 2 2 2
left_child=1 4 -2 -4 5 7 -7 8 -1 25 14 16 13 20 15 22 17 -12 -17 -19 21 -13 -11 -20 -25 26 -9 -16 -29 -3
right_child=2 29 3 -5 -6 6 -8 9 -10 10 11 12 -14 -15 27 18 -18 19 23 -21 -22 -23 -24 24 -26 -27 -28 28 -30 -31
leaf_value=0.0015162541355470817 0.0057748600042449834 -4.6412233928662705e-05 0.015390600088286988 0.0006977604829968288 0.066048937007279068 -0.0063222083552335112 0.021793721101208658 -0.021593214107641538 0.066886347914281649 -0.016890589824005618 0.068639914519500217 0.002451961684021807 -0.003076976865267823 -0.02232326671792035 -0.0026162774987618272 0.10323219577801312 -0.012727486196246021 -0.01766217674987141 0.085244123101331976 0.010178298758342239 -0.002200595841609268 0.078290358989691486 0.041950240671510507 -0.019431231258054973 0.059483542197410776 -0.0065195784860611816 0.033596013102939283 -0.005321876523821472 0.047599246314611564 -0.0019396379923227612
leaf_weight=178.98563653230667 617.22299844026566 10226.758550308645 70.467339754104614 14826.839689992368 2.6720880270004264 27.00389738380909 35.295058347284794 107.79230079799891 3.0242283940315238 13.132885016500952 4.6532222852110854 5.6455080360174206 249.0280949883163 7.404236488044261 154.37158002704382 4.268654644489291 387.03933113440871 26.99085284397006 3.0809367224574116 39.514777980744839 5.2517922073602668 10.125644620507957 4.3667985796928397 5.5173748955130524 4.3070842325687408 184.846604809165 4.3417716324329367 12.750909179449083 12.018491879105566 4418.6716134250164
leaf_count=1296 2877 46509 483 63804 9 144 185 1222 13 141 41 44 2072 57 1133 31 3867 222 28 298 37 69 42 63 34 1303 39 90 67 20903
internal_value=-7.47341e-07 -0.000931246 0.000967002 0.000767565 -0.00400251 -0.00413451 0.00956801 -0.00473484 0.00265503 -0.00581646 -0.00406628 -0.00653415 -0.0004727 0.022167 0.00440975 0.024214 -0.0101971 0.00352221 0.0508357 -0.00108508 0.0380099 0.0515184 -0.0018823 0.0326136 0.0151138 -0.0113986 -0.0194016 0.000548422 0.0203238 -0.000617831
internal_weight=31653.4 16138.9 15514.5 14897.3 1493.43 1490.76 62.299 1428.46 182.01 1246.45 949.468 735.653 277.455 28.4272 213.815 34.6737 458.198 71.1589 17.1741 66.5056 21.0229 15.7712 17.4997 12.9054 9.82446 296.981 112.134 179.141 24.7694 14645.4
internal_count=147123 79959 67164 64287 12547 12538 329 12209 1309 10900 8336 6707 2279 207 1629 339 4428 561 156 520 150 113 183 125 97 2564 1261 1290 157 67412
is_linear=0
shrinkage=0.03


Tree=114
num_leaves=31
num_cat=0
split_feature=13 19 13 1 18 5 3 17 5 0 16 9 11 9 0 17 7 18 3 2 12 12 11 17 13 11 11 9 5 5
split_gain=30.1346 18.8498 18.0882 16.7395 15.5704 14.6277 14.155 12.9017 12.7065 12.6051 10.6149 11.4531 10.9057 12.973 11.8623 11.6006 12.5681 11.4562 10.4518 14.8797 10.4384 10.3931 10.3498 10.25 12.1536 10.1708 20.4057 10.5753 10.166 12.9014
threshold=0.0014207478014663585 0.037234399622608855 0.00058786176261806718 -0.0049201908905001082 0.087293177282425513 0.0011005706154474384 0.0026143421183512099 0.43572077524528702 -0.0018888770017209675 -0.0014410951307149975 0.7406257264007069 107996.197 0.00055461665600805698 106602.32550000002 -0.00084110017907274004 0.075649845319812017 105657.97600000001 0.064929141933458057 0.0029027060549614574 0.0023799786546732098 0.0017331537676627939 0.00023910433250162231 0.00049237672286644725 0.014082836807670421 0.001233369420014086 0.00052754407344525521 0.00046831425732734238 108912.31300000001 0.0016863390527163127 -0.004073980840228252
decision_type=2 2 2 2 2 2 2 2 2 2 2 2 2 2 2 2 2 2 2 2 2 2 2 2 2 2 2 2 2 2
left_child=1 2 5 -2 6 -1 10 -5 18 20 11 12 14 15 -3 23 -17 -15 -4 -20 -6 -7 -8 -14 -25 26 -13 -28 29 -27
right_child=3 4 8 7 9 21 22 -9 -10 -11 -12 25 13 17 -16 16 -18 -19 19 -21 -22 -23 -24 24 -26 28 27 -29 -30 -31
leaf_value=-0.0080645368878223735 0.0080120283441042304 -0.029198072065050599 0.0013949799982571425 0.0024510327714959107 0.0076376541007696745 0.035431497952139096 0.043315146466094551 0.00021562825531308376 -0.0021509714574178911 0.00057499920559773998 -0.0051173786082066445 -0.0036198774157483889 0.0095575123329116711 0.0073361467877937044 -0.0035825789331009766 0.00061268978901355678 -0.01328910070614589 0.043088495191193475 -0.024960637959590904 0.0088009964748001334 -0.032447523096462857 -0.0010938578811081998 0.0027846908630517653 -0.025988984015866974 0.0077743744688211058 -0.0098185978561794503 0.046885829812681148 0.010918238694098003 -0.0089462706291544274 -0.00066785491173935573
leaf_weight=694.72891156002879 330.11661559343338 16.839277006685734 1578.8088826164603 3964.1815410777926 293.91789276152849 7.0741047002375117 5.6370088756084433 5622.9633567407727 4243.5847958922386 8407.5227255597711 698.21223182231188 177.56117154657841 15.074798554182051 117.81506846100092 442.76278200000525 2733.2602014169097 59.699575260281563 8.6204223632812482 31.694634661078453 18.403527334332466 5.8417534679174414 306.60359872877598 598.84441646933556 41.646219708025455 12.246416106820105 180.28327503800392 8.250228099524973 68.419279046356678 348.4450568780303 603.36655861884356
leaf_count=6402 1981 96 6848 17407 1198 85 23 24616 19344 37483 3465 1498 66 515 3006 11747 275 32 141 72 29 2215 2462 201 48 793 49 430 1652 2944
internal_value=-7.68943e-07 -0.000626373 -0.00192429 0.00136939 -2.45261e-05 -0.00563682 -0.00118204 0.00114027 -0.00128619 0.00079096 -0.00165865 -0.00115839 -0.00023152 0.00042928 -0.00453377 1.26122e-05 0.000313999 0.00982959 0.000964871 -0.0125057 0.0068359 -0.000249543 0.00317472 -0.012132 -0.0182609 -0.00346128 0.0019522 0.0148837 -0.00467969 -0.00277785
internal_weight=31642.4 21725.2 6880.9 9917.26 14844.3 1008.41 6136.98 9587.14 5872.49 8707.28 5532.5 4834.29 3447.96 2988.36 459.602 2861.93 2792.96 126.435 1628.91 50.0982 299.76 313.678 604.481 68.9674 53.8926 1386.33 254.231 76.6695 1132.09 783.65
internal_count=147123 103119 35107 44004 68012 8702 29302 42023 26405 38710 26817 23352 15986 12884 3102 12337 12022 547 7061 213 1227 2300 2485 315 249 7366 1977 479 5389 3737
is_linear=0
shrinkage=0.03


Tree=115
num_leaves=31
num_cat=0
split_feature=14 5 16 4 1 6 15 9 11 4 7 8 6 1 14 7 7 0 12 0 17 14 17 1 6 5 12 12 15 16
split_gain=28.9424 18.9782 15.0801 15.5678 14.5951 14.4207 11.9187 15.7763 11.9536 11.7261 10.6481 12.5019 13.844 11.6973 10.2229 21.1379 12.1931 10.974 12.0993 10.6489 10.2137 13.2341 20.8388 11.9569 23.8882 14.2916 10.1171 10.0525 11.4971 9.95016
threshold=0.00071428902181356376 -0.0074145585170469199 -0.018747460802077839 0.016021920813402594 0.00019722014449330419 0.0072215064058328568 -0.92322960709430213 67803.300000000003 0.00067883515304342887 -0.0015558005194875044 117878.79200000002 118149.55750000001 -0.013524972355655916 -0.0029250051435446562 0.00020073876928514674 121287.00000000001 107021.91400000002 -0.00016669963427057286 0.00078005324684983144 7.5951854188960346e-05 0.57975500490239773 0.00082246418806272627 0.5652348093236147 0.0016141044554326414 0.00059883938716520657 -0.0035796117434476744 0.00079389053376227342 0.00059601698334666266 2.3673414323237876 0.16746027695030344
decision_type=2 2 2 2 2 2 2 2 2 2 2 2 2 2 2 2 2 2 2 2 2 2 2 2 2 2 2 2 2 2
left_child=5 4 3 -3 10 6 7 -1 -9 -7 -2 -12 13 29 15 16 -8 -16 19 -19 21 22 -4 25 -25 27 -26 28 -22 -13
right_child=1 2 20 -5 -6 9 14 8 -10 -11 11 12 -14 -15 17 -17 -18 18 -20 -21 23 -23 -24 24 26 -27 -28 -29 -30 -31
leaf_value=0.0081281345846780616 0.0047363257705426605 0.0008064100301933601 -0.0064923375516623191 0.011570784419197547 -0.00041243000972203392 -0.012992437875269252 -0.0024327678863116861 -0.0048447357094451833 0.0020729670997871601 0.0055944592026796955 -0.056284695430634579 -0.052805352368799137 -0.017758674216048806 0.027734780423972177 -0.0053748555909011644 0.058992478980572298 -0.017642866398798508 0.0028555021792620386 -0.0050082887503650692 -0.0022095307587535183 0.025601240807640174 0.00057795545110923569 0.033119498128873798 -0.0047912769231838468 0.01124480399095899 -0.0030576805586962144 0.0021926203412965836 0.0006082597439531842 -0.020781844560708966 0.01442877462787651
leaf_weight=188.63554612547159 1756.9635660946369 11164.526887461543 366.8393262475729 122.1922614350915 865.78435097634792 33.637566536664963 81.900327920913696 453.07640698552132 445.33899700641632 316.22883333265781 4.4206888377666465 3.6085512563586262 29.879725024104118 15.784492492675779 1129.8542856425047 3.8148130103945723 114.40780188515782 597.93663750961423 713.84658075869083 994.75489961728454 27.315068259835243 6117.008627474308 12.235740907490252 479.6715869680047 125.80272457003593 3683.3721988648176 964.73343611508608 806.64886998385191 5.6821668595075598 4.0787099227309227
leaf_count=891 8333 47758 1861 615 4068 147 693 3194 2024 1374 22 21 134 61 7125 23 1253 3937 3227 6852 142 26347 57 2083 535 16827 4063 3402 34 20
internal_value=-7.54105e-07 0.0003958 0.000126948 0.000923315 0.00278931 -0.00207705 -0.00251273 0.000240931 -0.00141249 0.00379567 0.0043184 -0.00832577 -0.00419792 0.0129399 -0.00333669 -0.00993287 -0.0113169 -0.0029514 -0.00176279 -0.000306046 -0.000586783 0.000240399 -0.00519744 -0.00146914 0.000784908 -0.00225231 0.00324055 0.00127706 0.0174847 -0.0170198
internal_weight=31630 26556.5 23876 11286.7 2680.52 5073.43 4723.57 1087.05 898.415 349.866 1814.74 57.7722 53.3515 23.4718 3636.52 200.123 196.308 3436.39 2306.54 1592.69 12589.3 6496.08 379.075 6093.23 1570.21 4523.02 1090.54 839.646 32.9972 7.68726
internal_count=147123 116383 103724 48373 12659 30740 29219 6109 5218 1521 8591 258 236 102 23110 1969 1946 21141 14016 10789 55351 28265 1918 27086 6681 20405 4598 3578 176 41
is_linear=0
shrinkage=0.03


Tree=116
num_leaves=31
num_cat=0
split_feature=14 14 14 16 10 13 8 5 10 8 17 16 0 6 11 6 5 5 12 12 11 9 13 4 16 0 13 6 10 13
split_gain=27.8757 17.307 14.4793 13.5146 12.1002 17.6832 14.6161 19.0304 12.203 14.3838 11.9056 12.6916 11.444 19.8457 13.8946 11.4397 11.507 13.697 13.372 13.3408 13.4529 12.4716 12.3662 11.3394 11.4595 10.4025 10.327 9.91206 16.1487 15.9352
threshold=0.0018313997132282649 0.00037554119203724739 0.0071272240979873324 0.34901584310982375 58678.127000000008 0.0036869461035313623 59351.136500000008 0.0084163451214766 59202.815416666672 59523.556000000019 0.57975500490239773 0.50196168741822433 0.00042478918451061004 -0.00033404139588455445 0.0010413457382182482 0.011140352636577091 0.0017807020947732124 -0.002805109861436061 0.0019247845243720325 0.0010719552147290517 0.00089959900194112625 59194.758750000015 0.0020535484351261756 -0.0033251803093476968 -0.34535954291921833 -0.0015573963129386079 0.0015727067223120586 0.0058128707866480509 58229.004250000005 0.0019695994510411279
decision_type=2 2 2 2 2 2 2 2 2 2 2 2 2 2 2 2 2 2 2 2 2 2 2 2 2 2 2 2 2 2
left_child=1 -1 3 12 5 25 7 15 9 -8 -10 23 13 14 -2 16 17 18 -6 20 -18 26 -20 24 -12 -3 -19 -27 29 -29
right_child=2 4 -4 -5 6 -7 8 -9 10 -11 11 -13 -14 -15 -16 -17 19 21 22 -21 -22 -23 -24 -25 -26 27 -28 28 -30 -31
leaf_value=-0.0041404989096542463 0.011161342869483488 -0.035660139038206369 0.0081164338431069186 -0.00066860473206774599 0.0042618902934319332 -0.038890963763672293 0.039699850713739826 0.045168898720541632 0.00015775797592509425 -0.011810667001376098 -0.005043556773340732 -0.0043624788913566451 0.00044725176586100056 0.00060512739329919769 0.0038559086957470276 -0.051901770887596316 0.0038369272906596235 -0.016412392295104099 -0.053697603756189961 0.021041131861758662 -0.032102093447764046 -0.035308116181092537 0.0017103439644061463 -0.0013053454735486479 0.0047133432291053493 0.0054022632180366929 0.0099775486337628592 -0.0098010765975081425 0.01515241566264822 0.019597715447879874
leaf_weight=1200.9845464527607 267.49607616662979 5.9799618273973456 268.14438676089048 2946.1439153850079 66.33233442902565 8.8776012957096082 14.123771697282793 5.9763399064540854 10341.100182071328 7.2532761693000785 134.84778747707605 1108.6512944512069 3464.7531680613756 1982.6987255215645 1921.6790222972631 5.27112191915512 32.008569046854973 84.807784862816334 7.5609079599380475 24.011768937110901 13.084762945771216 27.093939013779163 6.6775157302618027 6232.0873569697142 545.07909308373928 680.55382188409567 15.616141900420187 142.64486327767372 38.775042057037354 18.625600427389145
leaf_count=9280 1051 27 1737 12569 279 42 49 20 46581 31 572 5845 15196 8638 8866 25 148 431 37 89 59 146 29 29557 2224 2719 61 594 148 73
internal_value=-7.47827e-07 -0.000644709 0.00123148 0.00105667 -0.000429972 0.0029759 -0.000593487 -0.00729387 -0.000488152 0.0221089 -0.000514744 -0.00138217 0.00172265 0.00278113 0.0047504 -0.00843008 -0.00757418 -0.0110984 -0.00137166 0.00299514 -0.0065731 -0.0172147 -0.0276725 -0.000903654 0.00277342 0.00340285 -0.012273 0.00367554 -0.00218353 -0.00637709
internal_weight=31618.9 20768 10850.9 10582.8 19567 895.457 18671.6 288.441 18383.1 21.377 18361.8 8020.67 7636.63 4171.87 2189.18 282.465 277.194 208.089 80.5708 69.1051 45.0933 127.518 14.2384 6912.01 679.927 886.579 100.424 880.599 200.046 161.27
internal_count=147123 99066 48057 46320 89786 3603 86183 1324 84859 80 84779 38198 33751 18555 9917 1304 1279 983 345 296 207 638 66 32353 2796 3561 492 3534 815 667
is_linear=0
shrinkage=0.03


Tree=117
num_leaves=31
num_cat=0
split_feature=3 8 7 13 7 5 8 14 8 13 7 13 5 8 16 13 5 16 16 9 8 2 14 1 13 13 9 3 16 19
split_gain=26.849 25.4631 28.57 38.8515 32.076 19.9673 19.8388 17.7161 17.5852 16.0433 17.7071 14.9036 11.6046 11.3938 15.5811 14.4147 16.9497 12.5959 20.3515 12.3498 12.1903 11.7906 15.2829 12.9145 15.9905 18.4719 18.0949 15.1839 11.7103 11.6778
threshold=-0.0021693761250210493 94145.497500000012 73899.821000000011 0.00054506708598403054 83044.548000000024 -0.01804197168760829 60907.326000000008 0.00046382098898771197 61078.793000000012 0.00064948489652214491 76583.403000000006 0.00081800486217136414 0.0018292157239017117 98371.674000000014 1.0317205404210994 0.00039913891961255863 0.0028325676401592674 -0.20377930412233283 -0.29634292567777248 108795.56125000001 95508.45600000002 -0.00049471656075206194 0.0007541360629934338 0.00088180779927227182 0.0019695994510411279 0.0025756709101924934 95775.891250000015 -0.0011449144531231468 -0.24149166649166645 0.0001669309751177094
decision_type=2 2 2 2 2 2 2 2 2 2 2 2 2 2 2 2 2 2 2 2 2 2 2 2 2 2 2 2 2 2
left_child=5 2 6 -4 9 -1 -2 -3 11 10 -5 12 -8 14 21 16 17 18 -15 -17 -16 23 -23 24 -9 26 -26 -28 -21 -18
right_child=1 7 3 4 -6 -7 8 13 -10 -11 -12 -13 -14 15 20 19 29 -19 -20 28 -22 22 -24 -25 25 -27 27 -29 -30 -31
leaf_value=0.0098446854703756678 0.0013420265843056517 -0.0044898871805333839 -0.01430705841581068 0.054067687984180733 0.0015809077880857257 0.0014474157115832542 0.034577955520438484 0.0017589294946527133 -0.0016990011487071882 0.0071600071168323462 -0.0049897215696234681 -0.019156773223515597 -0.017128807087325559 0.0013707985287505025 0.00024582964256401191 0.00052168993525943596 0.011434091998037584 0.0018008729958211105 0.078888377616323377 0.00099973764358512389 -0.01654639837828098 -0.0092434704226921991 -0.0020949518381985898 0.02013226035426284 -0.041806632416839018 0.0090829560153666018 -0.043875803580119527 0.00088130556271256879 -0.0024142020800961414 0.080276183900074183
leaf_weight=267.07271656394005 2654.6618634462357 1371.8422312885523 121.53991351649165 13.392931394279005 3657.7187896594405 5601.982906088233 9.0212371498346311 733.96907570958138 3669.6803102269769 945.02006067335606 6.7511069774627677 86.936223894357681 6.6650234758853903 7.2557536885142326 56.994316622614861 5042.4449941664934 4.1574418768286687 66.205776758491993 5.2641472630202752 1190.9708666875958 120.16684864461422 317.50213095545769 1781.8094069212675 30.515251614153385 22.768045857548714 27.109906420111656 8.4834244400262815 32.633149296045303 3741.6056631207466 5.0577072352170944
leaf_count=1648 11476 10315 1114 64 15779 24615 36 3284 16723 4048 34 386 31 74 265 22397 23 692 48 5542 601 1795 7784 124 115 131 42 141 17776 20
internal_value=-7.1513e-07 -0.000418342 0.000658978 0.00242485 0.0028657 0.00183021 -0.000644154 -0.00124475 -0.00204267 0.00773095 0.0342 -0.0142891 0.0124486 -0.000907106 -0.00248745 -0.000414928 0.0116694 0.00708729 0.0345686 -0.000521881 -0.0111302 -0.00196788 -0.00317792 0.000998019 0.000284256 -0.0115665 -0.0203767 -0.00836452 -0.00158929 0.0499961
internal_weight=31607.2 25738.1 11171.4 4744.42 4622.88 5869.06 6426.96 14566.8 3772.3 965.164 20.144 102.622 15.6863 13194.9 3131.95 10063 87.9408 78.7257 12.5199 9975.02 177.161 2954.79 2099.31 855.479 824.964 90.9945 63.8846 41.1166 4932.58 9.21515
internal_count=147123 120860 49691 21039 19925 26263 28652 71169 17176 4146 98 453 67 60854 14282 46572 857 814 122 45715 866 13416 9579 3837 3713 429 298 183 23318 43
is_linear=0
shrinkage=0.03


Tree=118
num_leaves=31
num_cat=0
split_feature=3 10 10 7 12 8 14 12 8 11 11 12 6 11 11 11 6 12 8 10 11 11 11 11 12 6 4 6 8 8
split_gain=25.2778 24.2457 27.1275 34.6846 36.1468 19.0417 17.2627 16.6822 16.415 25.2313 18.3254 15.7188 14.5764 13.3701 13.2551 12.9263 12.2544 19.4908 17.3015 11.6274 26.0288 20.6237 20.503 15.7383 14.8494 25.7574 13.8244 13.3012 17.7841 18.8308
threshold=-0.0021693761250210493 94292.886833333338 73778.213583333345 83044.548000000024 0.00066415141549788163 60907.326000000008 0.00046382098898771197 0.0055426614884636852 61078.793000000012 0.00061623839540654363 0.0024078237317037708 0.0018228852173268167 0.0069300602872898196 0.00030182930767330246 0.00048079728438620955 0.00079832545893376687 -0.0086698661438749918 0.00096021521051246049 102320.88750000001 84357.304916666661 0.0014509064516528684 0.00055970068047743167 0.00099603583374087727 0.0012000910890621541 0.0040923228120545493 -0.02054938744695883 0.013768416724670109 0.0020920125462586818 93601.042000000001 87050.201000000015
decision_type=2 2 2 2 2 2 2 2 2 2 2 2 2 2 2 2 2 2 2 2 2 2 2 2 2 2 2 2 2 2
left_child=7 2 5 -4 15 13 -3 16 9 -7 11 -11 14 -2 -6 -5 17 -1 -19 20 21 -16 -21 27 26 -26 -25 28 29 -24
right_child=1 6 3 4 12 8 -8 -9 -10 10 -12 -13 -14 -15 19 -17 -18 18 -20 22 -22 -23 23 24 25 -27 -28 -29 -30 -31
leaf_value=0.014958574792753839 -0.036177910652287974 -0.0044437172940006283 0.0073926550615765977 -0.0095246880922004555 0.026019109698952415 0.031635281938309702 -0.00088631112265074772 0.023650763768759148 -0.0016817371167269003 -0.01906287551632246 0.031314606537800951 -0.075271480166593172 -0.0011239236858839338 0.0014239483610836048 0.033811512901958954 0.036422081407240146 0.00082156953788821451 0.0048806668217441134 -0.002555828844345456 0.0077409144295940424 0.012541315780097534 -0.0060623764568427012 -0.0016442989774086644 0.0045547311293506311 -3.6520712123861001e-05 -0.071249941872560368 -0.030336994526563396 0.0047492814576148776 0.012107551020372998 -0.020091428665297242
leaf_weight=131.92735897004604 8.4325850680470449 1355.4605490230024 972.56748567521572 308.3927907384932 22.483800560235977 9.7934325486421567 13079.840600613505 31.132351882755756 3669.9213657826185 82.285618633031845 6.0317892432212821 4.6996525675058356 1016.2469655051827 2645.7701867371798 11.935113117098807 5.4890260547399512 4258.7242376357317 1061.133767105639 382.60401405394077 777.41717922687531 97.535830602049828 371.58141438663006 95.111302867531776 908.98878032714128 16.128034710884098 6.3262646198272696 10.216519400477408 108.00472864508629 33.783548429608345 105.37692628800869
leaf_count=515 77 10238 4218 2176 96 39 60347 225 16730 362 26 26 4395 11399 48 24 18460 5329 1734 3178 417 1590 384 3880 97 44 57 426 131 455
internal_value=-6.78817e-07 -0.000405924 0.000635014 0.00232454 0.00105813 -0.00064414 -0.00122058 0.00177644 -0.00201408 -0.0138352 -0.0186837 -0.0222171 0.0019145 0.001302 0.00311954 -0.00870029 0.0016588 0.00391958 0.00290781 0.00291483 -0.00127998 -0.00480518 0.00389523 0.00156393 0.00356802 -0.0204601 0.00416041 -0.00394032 -0.00795954 -0.0113603
internal_weight=31595.3 25729.8 11294.5 4867.59 3895.02 6426.93 14435.3 5865.52 3772.73 102.81 93.0171 86.9853 3581.14 2654.2 2564.89 313.882 5834.39 1575.67 1443.74 2542.41 481.052 383.517 2061.35 1283.94 941.66 22.4543 919.205 342.277 234.272 200.488
internal_count=147123 120860 50275 21616 17398 28659 70585 26263 17183 453 414 388 15198 11476 10803 2200 26038 7578 7063 10707 2055 1638 8652 5474 4078 141 3937 1396 970 839
is_linear=0
shrinkage=0.03


Tree=119
num_leaves=31
num_cat=0
split_feature=14 14 14 16 4 10 8 5 10 8 17 16 15 0 6 19 6 5 5 12 12 12 9 4 1 16 10 12 19 15
split_gain=24.1887 14.5998 13.3128 12.6972 11.1184 10.7305 14.1821 18.0024 11.4135 13.6428 11.0762 11.7708 10.7488 15.6572 11.4145 10.8453 10.7008 10.8623 12.9531 12.5704 12.5325 12.2958 11.8862 10.3403 12.3547 13.814 10.8182 19.448 10.5283 10.8263
threshold=0.0018313997132282649 0.00037554119203724739 0.0071272240979873324 -0.037544752222769866 0.016021920813402594 58678.127000000008 59351.136500000008 0.0084163451214766 59202.815416666672 59523.556000000019 0.57975500490239773 0.50196168741822433 -0.37404096258503788 -0.0010146965014536933 0.0068007107023532196 0.31818181818143371 0.011140352636577091 0.0017807020947732124 -0.002805109861436061 0.0010719552147290517 0.0019247845243720325 0.0010339543827128901 59194.758750000015 -0.0033251803093476968 -0.00089570507033137614 -0.28477719969789783 104902.48316666669 0.00060668844199051437 0.045752144168488752 -0.17633627075342537
decision_type=2 2 2 2 2 2 2 2 2 2 2 2 2 2 2 2 2 2 2 2 2 2 2 2 2 2 2 2 2 2
left_child=1 -1 3 4 -2 12 7 16 9 -8 -10 23 14 -14 -3 -15 17 18 20 21 -7 -19 -20 24 25 -12 27 -27 -26 -30
right_child=2 5 -4 -5 -6 6 8 -9 10 -11 11 -13 13 15 -16 -17 -18 19 22 -21 -22 -23 -24 -25 28 26 -28 -29 29 -31
leaf_value=-0.003822958225519557 0.0020419126825895612 0.0022582045677501739 0.0077822901450720272 0.00015766082864608326 0.012055394201528076 0.0040477105224516023 0.038657518902591483 0.04400440451307791 0.00016870363329725586 -0.011514766613559815 -0.0049148460591312412 -0.0041905350427754017 -0.0139124929372393 0.013030018014997041 -0.0088283241328001843 0.0017237104718922113 -0.050218116461446485 -0.00076773376185646869 -0.012007622613988128 0.020380557044208953 -0.02680833782201927 -0.050175668008055473 -0.034564734874073369 -0.0012401824642471 -0.0073008557302763925 0.06718380429904286 0.0016646290702030417 0.012729946832450248 0.0076342160079063397 -0.0069201316800658469
leaf_weight=1192.8884984329343 3968.3464994505048 435.67152161151171 265.58691127598286 6499.5374949797988 102.42094092816114 66.311559528112411 14.044363245368006 5.9424761682748786 10336.953689903021 7.2689895033836356 68.601832054555416 1106.3611736595631 29.754368722438812 202.57056374847889 103.30672937631607 123.62869708240032 5.2959125041961661 40.086164876818657 100.10224352031946 23.953144252300262 14.30582883954048 5.0317313969135276 26.91447326540947 6227.6785923726857 147.48934087157249 6.0746194422245017 86.818138018250465 156.35437294840813 147.89342775195837 66.466014847159386
leaf_count=9280 17593 1759 1737 28222 505 279 49 20 46581 31 292 5845 126 787 432 499 25 183 492 89 66 24 146 29557 629 26 363 610 594 282
internal_value=-6.36475e-07 -0.000600719 0.00114808 0.000981031 0.00229488 -0.000403984 -0.000558025 -0.00716392 -0.00045429 0.0214321 -0.00047999 -0.00131711 0.00280423 0.00684932 0.000126425 0.00875599 -0.00826802 -0.00743644 -0.0108664 0.00283177 -0.00141706 -0.00644303 -0.0168344 -0.00085638 0.00265543 0.0069713 0.0102555 0.014825 -0.00112823 0.00310627
internal_weight=31583.7 20747.8 10835.9 10570.3 4070.77 19554.9 18659.9 287.944 18372 21.3134 18350.7 8013.74 894.932 355.954 538.978 326.199 282.001 276.705 207.634 69.071 80.6174 45.1179 127.017 6907.38 679.698 317.849 249.247 162.429 361.849 214.359
internal_count=147123 99066 48057 46320 18098 89786 86183 1324 84859 80 84779 38198 3603 1412 2191 1286 1304 1279 983 296 345 207 638 32353 2796 1291 999 636 1505 876
is_linear=0
shrinkage=0.03


Tree=120
num_leaves=31
num_cat=0
split_feature=13 15 6 3 6 2 7 13 12 1 18 16 7 7 13 8 7 6 13 1 4 12 7 7 16 7 6 8 8 4
split_gain=23.3613 16.1819 17.9249 19.7882 17.2841 27.1495 23.2909 16.0613 18.7055 14.6954 12.487 14.0171 12.4275 29.4942 22.1742 17.7787 19.5531 25.5123 18.3025 17.6535 15.5304 17.3538 29.6008 15.2535 17.291 14.9235 14.406 17.233 16.5452 13.3701
threshold=0.0014207478014663585 0.11911137638342219 0.00082750549489152292 0.00039287709610569271 -0.0031575024859896157 0.00013968148892862245 94150.35500000001 0.0006997579404964205 0.00085916269743511239 -0.0049201908905001082 0.24393700539818758 0.55336345397214315 76583.403000000006 83044.548000000024 0.00097315634948444407 58470.867000000013 58239.969000000012 0.0076813608379123774 0.0010375359915716061 0.0007580490253302764 0.0042851514633336371 0.00071561479452143654 62661.883000000009 105657.97600000001 -0.3991671937025309 58059.65600000001 0.0058128707866480509 59523.556000000019 58913.43450000001 -0.0051815973319508926
decision_type=2 2 2 2 2 2 2 2 2 2 2 2 2 2 2 2 2 2 2 2 2 2 2 2 2 2 2 2 2 2
left_child=1 4 3 -3 5 -1 10 8 -6 -2 -7 -12 15 14 -14 16 17 25 29 -18 21 22 -20 -15 -25 -9 28 -28 -23 -17
right_child=9 2 -4 -5 7 6 -8 12 -10 -11 11 -13 13 23 -16 18 19 -19 20 -21 -22 26 -24 24 -26 -27 27 -29 -30 -31
leaf_value=0.002928074344864117 0.0074779512835030206 0.0004012491971109672 0.002147825382146959 -0.0044902083976889537 -0.0037640902578902733 -0.0015418248507642932 -0.0057156216108485971 0.0055590541237442543 -0.036290923960646912 0.00099390106225418981 0.0093198960763682288 -0.021563954214325602 0.027556241415641777 0.00044701494844356915 0.0044657735116794151 -0.043054928185567477 0.029450862509973513 -0.022804883147737376 0.050554732166095788 -0.008888467753075233 0.0031322036824596128 -0.044234841733712962 -0.01402086783799779 0.003322063517646935 -0.0036109751093624152 -0.014552521035549972 0.01782992851262398 -0.0069987207743420756 -0.012046098547173161 -0.0011989486867628046
leaf_weight=2023.8358858115971 325.3661822900176 3061.103784609586 3486.7828818522394 983.03996288403869 2230.8295298852026 336.81705605238676 829.43427971750498 258.37670047581196 15.95093162357807 9564.4735950753093 220.70937439799309 13.922454826533793 54.386743232607841 3576.1996795088053 121.08323715627193 6.8247833698987952 40.417071044445038 39.025082603096962 11.500336319208147 14.542618319392203 105.13529962301254 14.836739242076872 14.039945304393767 379.52183568477631 2185.6793397888541 37.945981457829475 28.587376952171326 202.14608669281006 456.69965144991875 933.56508129835129
leaf_count=9004 1981 14554 15573 4722 16326 1437 3822 1022 85 42023 895 64 208 15128 482 32 145 170 41 60 418 69 66 1752 9945 162 107 834 1935 4061
internal_value=-6.08936e-07 -0.000551827 0.000571372 -0.000787093 -0.00114974 0.000705148 -0.00250412 -0.0017422 -0.00399795 0.0012076 0.00215218 0.00746614 -0.00114418 -0.000471489 0.0116513 -0.00310666 0.00268461 -2.68951e-05 -0.00438307 0.0192539 -0.00762207 -0.00917991 0.0150231 -0.000818531 -0.00258397 0.00296948 -0.0100664 -0.00390312 -0.0130744 -0.00151045
internal_weight=31572.8 21682.9 7530.93 4044.14 14152 3424.72 1400.88 10727.3 2246.78 9889.84 571.449 234.632 8480.51 6316.87 175.47 2163.64 390.307 335.348 1773.34 54.9597 832.945 727.81 25.5403 6141.4 2565.2 296.323 702.27 230.733 471.536 940.39
internal_count=147123 103119 34849 19276 68270 15222 6218 53048 16411 44004 2396 959 36637 27515 690 9122 1559 1354 7563 205 3470 3052 107 26825 11697 1184 2945 941 2004 4093
is_linear=0
shrinkage=0.03


Tree=121
num_leaves=31
num_cat=0
split_feature=8 10 10 12 19 10 6 12 11 10 4 13 6 6 2 14 4 10 14 11 10 6 6 8 13 6 16 14 13 8
split_gain=22.6549 29.8928 37.0024 33.147 21.3857 20.36 18.4216 18.0893 17.2878 26.5302 23.2578 23.0807 22.3006 21.1546 17.1274 15.3188 14.8644 17.2678 14.0365 13.9482 13.8458 13.7035 15.5317 15.2817 20.9409 19.011 19.4613 13.2061 12.9336 12.7863
threshold=94145.497500000012 73778.213583333345 82549.641833333342 0.00066415141549788163 0.0019058224054367156 58049.635666666676 0.004954792677604348 0.003063864875755707 0.00077089909707843385 91613.472999999998 0.0022322160798265993 0.00064409508885772035 0.0065384184994977676 -0.014678323343704501 0.00034003733227805372 0.00022166400133634065 0.00072864784485737754 83236.367916666684 0.0080305264588041141 0.00048079728438620955 92969.492833333352 0.00059883938716520657 -0.002920665405786393 60907.326000000008 0.0030480199304555181 0.0080062454984947146 -0.11523999559916386 0.0007772816706288296 0.0013437560847995333 97318.994000000021
decision_type=2 2 2 2 2 2 2 2 2 2 2 2 2 2 2 2 2 2 2 2 2 2 2 2 2 2 2 2 2 2
left_child=1 5 -3 -4 29 6 19 14 9 12 -11 -10 16 -13 15 -6 17 -5 21 -1 -12 22 -7 24 -23 -26 -27 -19 -8 -2
right_child=4 2 3 8 7 18 28 -9 11 10 20 13 -14 -15 -16 -17 -18 27 -20 -21 -22 23 -24 -25 25 26 -28 -29 -30 -31
leaf_value=0.034687364969581094 -0.0061731132733659827 0.0076551056233955111 -0.0079446207102086431 0.023189699367701534 -0.012430503618498222 -0.00076721618968768996 -0.0093857527892207346 0.0081488195925160378 0.037496904797805139 0.028948583269495436 0.031902181047360936 0.0078025001577324898 -0.01607610779670967 0.00055767101369694075 -0.0016012566342119522 0.00076118798404809136 0.013480712901815283 -0.013523212810847014 0.020073821225787949 0.0050211496250436895 -0.020476986607437745 0.0043817267216089556 -0.004937306300484715 -0.00097459565347505117 -0.0023524666466704374 -0.014789400381114369 -0.10513613238575389 0.0031888551166113469 0.0016612610384563254 -0.00180906224714677
leaf_weight=14.438974171876906 724.29660587385297 1034.5069621279836 318.18964510411024 29.141420811414719 79.925833113491535 2025.2856329232454 143.76014803349972 234.16728811711073 15.787605643272398 76.863335579633713 6.1891812980175045 401.76412244141102 44.806600153446198 3741.0131210014224 5170.6903468035161 7715.512959998101 154.70110894739628 58.516740843653679 28.219570130109787 888.01267245411873 16.101990133523941 872.54583023488522 1335.1104076169431 2300.3227294608951 13.46724956482649 4.538908839225769 4.199056997895239 154.82216420769691 282.09957299381495 3672.9704382941127
leaf_count=53 3620 4632 2182 119 724 8915 601 1292 64 297 22 2068 197 15988 23346 35847 642 282 178 3861 73 3681 6475 10206 68 25 28 647 1285 19705
internal_value=-6.11305e-07 0.000901557 0.00248858 0.0014227 -0.000716691 -0.000312095 0.00307528 -0.000112837 0.0020577 0.00710253 0.021126 0.00140035 0.00394569 0.00126117 -0.000262335 0.000625392 0.00621541 0.00156417 -0.000996017 0.00550292 -0.00572231 -0.00108748 -0.00242501 0.000318356 0.00364551 -0.0250394 -0.0592436 -0.00138523 -0.00206223 -0.00252869
internal_weight=31562 13964.4 6052.4 5017.9 17597.6 7912 1328.31 13200.3 4699.71 541.143 99.1545 4158.56 441.988 4142.78 12966.1 7795.44 397.181 242.48 6583.69 902.452 22.2912 6555.47 3360.4 3195.07 894.751 22.2052 8.73797 213.339 425.86 4397.27
internal_count=147123 62589 27213 22581 84534 35376 5800 61209 20399 2279 392 18120 1887 18056 59917 36571 1690 1048 29576 3914 95 29398 15390 14008 3802 121 53 929 1886 23325
is_linear=0
shrinkage=0.03


Tree=122
num_leaves=31
num_cat=0
split_feature=3 10 10 7 12 5 8 19 8 11 11 8 12 11 5 7 12 4 11 9 11 4 17 4 16 2 1 3 12 12
split_gain=21.9728 20.626 23.4957 30.2676 31.7588 17.8912 16.0245 15.5195 15.4619 23.5673 17.1618 15.1419 14.1952 12.7122 12.3053 13.1571 19.2944 19.319 12.4176 25.8556 12.1281 10.9192 10.8825 10.1425 10.9769 10.4062 14.6037 10.109 15.8496 10.1081
threshold=-0.0021693761250210493 94292.886833333338 73778.213583333345 83044.548000000024 0.00066415141549788163 -0.01804197168760829 60907.326000000008 0.0040052638175628033 61078.793000000012 0.00061623839540654363 0.0024078237317037708 97318.994000000021 0.0018228852173268167 0.00030182930767330246 0.0045541044678136808 92921.186000000002 0.00077097402612678683 0.0027230933353891156 0.00056492122357692663 84043.37175000002 0.00079832545893376687 -0.0018739431815153471 0.29251965539195629 -0.001162342527971316 0.50196168741822433 -0.0021137477150332535 -0.00058267625863550599 0.005532747428718344 0.0031997430430563199 0.00088710588841902076
decision_type=2 2 2 2 2 2 2 2 2 2 2 2 2 2 2 2 2 2 2 2 2 2 2 2 2 2 2 2 2 2
left_child=5 2 6 -4 20 -1 13 11 9 -8 12 23 21 -2 15 18 17 -17 19 -6 -5 -11 -21 24 25 -3 -27 28 -10 -28
right_child=1 7 3 4 14 -7 8 -9 27 10 -12 -13 -14 -15 -16 16 -18 -19 -20 22 -22 -23 -24 -25 -26 26 29 -29 -30 -31
leaf_value=0.0093056942415958264 -0.035885061963631337 -0.02845381731761485 0.0069001121536545265 -0.0090340345316078201 0.053422231328325728 0.0012975639630581418 0.030448045702993268 -0.00052961188271957043 -0.0017552542002902856 -0.045755643415956289 0.030806020138087187 -0.0019400741265065071 -0.071144989074969356 0.0012956285824649372 -0.00094297315788807864 0.031144629630834662 0.0052926165420050216 -0.02456745046673527 0.001583053803350285 -0.017110018055080421 0.035283536493433812 -0.013916603036646803 0.014895736465333672 -0.0092171581471399422 -0.026063322540604273 0.020451396520714968 -0.013428644920939876 0.0053202756909055734 -0.02953755348659445 0.0076234126167857115
leaf_weight=262.96378865092993 8.197128836065529 8.8990063741803151 969.14454593509436 305.18163724243641 12.666277542710302 5591.7216949313879 9.8601565808057767 10507.40445490554 3465.2718841955066 11.316002011299132 5.9244232624769202 3300.0494315214455 4.8298740684986106 2642.3467459976673 1056.4743332490325 47.54386955499649 348.22717942297459 6.2122104167938224 2063.4031332656741 13.767481267452238 5.538122981786727 70.973239749670029 30.420246623456478 468.11231278628111 13.147851444780825 37.549798116087914 38.037244834005833 183.19227203726768 18.495523326098919 44.225078016519547
leaf_count=1648 77 42 4218 2176 48 24615 39 49339 15833 54 26 18144 26 11399 4606 190 1418 30 8710 64 24 308 132 2409 73 168 230 799 98 180
internal_value=-5.73446e-07 -0.000378566 0.000582207 0.00215633 0.000973385 0.00165792 -0.000608542 -0.0011304 -0.00186554 -0.0133328 -0.0180323 -0.00274408 -0.0214194 0.00117816 0.00177293 0.00291171 0.00788975 0.024617 0.00196617 0.0157908 -0.00822339 -0.0183816 0.00483991 -0.00708796 -3.9246e-05 0.002614 0.00496837 -0.00154257 -0.00190446 -0.0020789
internal_weight=31551.1 25696.4 11279 4858.58 3889.43 5854.69 6420.41 14417.4 3769.86 102.904 93.0435 3910.02 87.1191 2650.54 3578.71 2522.24 401.983 53.7561 2120.26 56.854 310.72 82.2892 44.1877 609.971 141.859 128.711 119.812 3666.96 3483.77 82.2623
internal_count=147123 120860 50275 21616 17398 26263 28659 70585 17183 453 414 21246 388 11476 15198 10592 1638 220 8954 244 2200 362 196 3102 693 620 578 16730 15931 410
is_linear=0
shrinkage=0.03


Tree=123
num_leaves=31
num_cat=0
split_feature=10 14 10 13 6 9 9 10 10 10 3 18 12 3 6 9 17 4 6 3 13 15 10 13 13 9 12 13 16 4
split_gain=21.0898 20.2475 19.3919 19.6015 26.9133 15.9297 26.569 16.527 23.3202 15.7831 15.5593 15.5309 14.6862 17.0422 17.3949 14.6296 16.4522 14.1164 18.6591 16.0924 15.2737 14.6744 14.0094 13.781 13.5831 14.676 13.5069 14.0192 13.446 13.1047
threshold=107845.44166666667 0.00046382098898771197 107317.80858333335 0.0007995907064001674 0.0040961030299611076 97317.375250000012 96639.020750000011 94893.626250000016 95819.267250000019 63358.515916666678 -0.0067560172787827213 0.040687976177813119 0.0003767339888297443 -0.0011449144531231468 0.0024947312091179179 83232.490250000017 0.19632383086364077 -0.00014851872269988628 -0.0027663546140757607 0.001578459042030578 0.0013763127960864732 1.0082156890426461 109269.55191666669 0.00077550232304136521 0.00063357923186010978 98220.190750000009 0.0012772159565720197 0.0011954722919726038 -0.24149166649166645 0.0021017826680794775
decision_type=2 2 2 2 2 2 2 2 2 2 2 2 2 2 2 2 2 2 2 2 2 2 2 2 2 2 2 2 2 2
left_child=2 -2 3 4 15 6 7 9 -9 -6 11 -5 13 -3 -15 16 23 18 -4 21 26 -19 -16 -1 25 -7 27 -20 -14 -21
right_child=1 12 17 10 5 24 -8 8 -10 -11 -12 -13 28 14 22 -17 -18 19 20 29 -22 -23 -24 -25 -26 -27 -28 -29 -30 -31
leaf_value=0.011600290568245955 -0.005882972390190493 0.048782412365139707 0.011282553737990851 -0.0037003284480406598 0.0099350833608867518 0.064107792714942671 -0.029898562694180546 0.041416603692428111 0.0016075328024407467 -0.0042070533231850253 0.00055958111375334026 0.007829462111986726 0.0014086501587213074 0 0.095647060238409701 -0.0041207994078994968 -0.0014162878764364425 0.015348257325137699 -0.015255095372295406 -0.016913940648613172 0.030518887890023341 0.047865054728912573 0.01988806312177064 -0.017036503094227256 0.0054769364567633554 0.016834594010169731 -0.063107930344982188 0.026704535755569702 -0.0017749095326328682 0.0091966403801469806
leaf_weight=150.86373893916607 807.88069653883576 9.8018246255815011 73.293599970638752 133.2435594201088 100.28445825725794 6.5083389282226554 24.23861413449049 22.079312667250633 33.306393750011921 242.70978549867868 19102.138945609331 492.24769057333469 1571.4268272444606 59.16511969268322 2.95210026949644 2185.8584929928184 1015.2704077735543 113.40322328731418 61.387997571378946 23.256619319319725 7.6140389591455451 14.114589802920817 8.6946539506316167 16.640720561146736 159.89017254114151 63.685232937335968 4.6030725091695777 7.9743980914354315 4960.3192155584693 66.310289315879345
leaf_count=829 6483 83 336 780 434 27 140 89 165 1125 81029 2804 7194 629 15 13425 5770 518 363 108 28 58 74 77 737 320 23 29 23157 274
internal_value=-5.68922e-07 -0.0013993 0.000429596 0.000322995 -0.00158571 0.00398761 0.00052143 0.00238684 0.0175774 -6.17491e-05 0.000712229 0.00536837 -0.000850958 0.0118647 0.0066506 -0.00266656 1.85676e-05 0.00722593 0.000285906 0.0121609 -0.00955882 0.0190056 0.0399968 0.008729 0.0103383 0.0213454 -0.0137606 -0.0103564 -0.00100853 0.0023721
internal_weight=31541.2 7420.24 24120.9 23749 4021.34 652.702 422.619 398.38 55.3857 342.994 19727.6 625.491 6612.36 80.6137 70.8119 3368.63 1182.77 371.958 154.873 217.085 81.5795 127.518 11.6468 167.504 230.084 70.1936 73.9655 69.3624 6531.75 89.5669
internal_count=147123 37635 109488 107751 23138 3037 1953 1813 254 1559 84613 3584 31152 801 718 20101 6676 1737 779 958 443 576 89 906 1084 347 415 392 30351 382
is_linear=0
shrinkage=0.03


Tree=124
num_leaves=31
num_cat=0
split_feature=3 10 10 13 10 12 5 8 13 8 11 11 19 7 9 12 11 3 6 13 12 13 6 9 12 10 7 2 4 12
split_gain=20.2451 18.8318 22.386 32.507 26.5318 18.8082 16.6723 14.9997 14.6265 14.5461 22.1059 16.2135 14.4515 14.3125 13.6396 12.8039 12.2306 11.1182 10.4941 15.1017 13.4633 13.4316 12.7542 18.2364 21.6638 17.9205 16.8918 15.9827 13.7173 12.094
threshold=-0.0021693761250210493 94292.886833333338 73778.213583333345 0.00054506708598403054 82549.641833333342 0.00059049978553387154 -0.01804197168760829 60907.326000000008 0.00065502352266704541 61078.793000000012 0.00061623839540654363 0.0024078237317037708 0.0040052638175628033 97590.234000000011 94272.003000000012 0.0018228852173268167 0.00030182930767330246 -0.0015953915505999559 0.008359044474461454 0.0043846570948943347 0.00066415141549788163 0.00090607577694238087 0.011460835477598465 85046.852500000023 0.0013407704041435301 83015.557000000015 86029.823000000019 0.0041056786841764401 -0.0051815973319508926 0.0046285084542966532
decision_type=2 2 2 2 2 2 2 2 2 2 2 2 2 2 2 2 2 2 2 2 2 2 2 2 2 2 2 2 2 2
left_child=6 2 7 14 5 8 -1 16 -5 10 -9 15 13 -3 -4 -12 -2 -7 20 21 -6 -20 25 24 -24 -23 -25 -26 -28 -22
right_child=1 12 3 4 18 17 -8 9 -10 -11 11 -13 -14 -15 -16 -17 -18 -19 19 -21 29 22 23 26 27 -27 28 -29 -30 -31
leaf_value=0.0090066691271761274 -0.035650988464535883 -0.0067163971922627966 -0.014456364179908573 0.075168438949008445 -0.0051555216753003475 0.021085744930953613 0.0012455375597564657 0.029314428274723997 0.0098966128708923001 -0.0015100639101877239 -0.017849115755422997 0.030354870018887994 -0.00050235951199173999 -0.0018294453801833426 0.049500010363460294 -0.067424283598858187 0.0012355243580089964 0.0060071023765783079 0.013409528255189762 0.031248994215073822 0.002973838057070717 0.023600489804930597 0.0081710380327705279 0.025833435582578033 -0.028794043035486824 -0.010351958126050605 -0.04502077049511314 0.0064346230946528676 0.0017795012181798062 -0.018936923801443597
leaf_weight=260.80895628780127 8.0100913941860181 647.26686332002282 123.65194838866591 6.4312693327665311 204.4202863574028 46.982867054641247 5587.918473482132 9.9217096716165525 6.1568636149168015 3666.4689047560096 82.290106400847435 5.8317454457283011 10503.742360580713 3257.9037998467684 2.9600446522235861 4.948352485895156 2641.7490253224969 725.58083344250917 47.40779335796833 12.338205881416796 2901.0617515295744 14.695583343505858 33.44790817797184 26.454648330807686 53.631492748856544 245.04276610165834 5.6229318231344214 14.570676408708094 361.48854410648346 22.716978095471859
leaf_count=1648 77 3308 1163 30 1164 191 24615 39 30 16730 362 26 49339 17938 19 26 11399 3156 186 65 12166 56 130 101 263 1054 30 70 1597 145
internal_value=-5.4338e-07 -0.000363399 0.000554806 0.00209214 0.0024945 0.00753119 0.00159229 -0.000607378 0.04381 -0.00182352 -0.0129412 -0.0175047 -0.00108203 -0.00264036 -0.0128996 -0.0207695 0.00112154 0.00693059 0.00149061 -0.00153978 0.00228082 -0.00205156 -0.00302807 -0.000197513 -0.0115246 -0.00841109 0.0027226 -0.0212255 0.00104244 0.00280193
internal_weight=31531.5 25682.8 11273.9 4854.66 4728.05 785.152 5848.73 6419.22 12.5881 3769.46 102.992 93.0702 14408.9 3905.17 126.612 87.2385 2649.76 772.564 3942.9 814.701 3128.2 802.362 754.955 495.216 101.65 259.738 393.566 68.2022 367.111 2923.78
internal_count=147123 120860 50275 21616 20434 3407 26263 28659 60 17183 453 414 70585 21246 1182 388 11476 3347 17027 3552 13475 3487 3301 2191 463 1110 1728 333 1627 12311
is_linear=0
shrinkage=0.03


Tree=125
num_leaves=31
num_cat=0
split_feature=10 11 10 14 13 11 13 11 10 14 13 9 12 16 14 12 6 9 11 6 13 18 14 7 13 10 10 11 12 4
split_gain=19.3906 19.0754 21.1584 19.02 16.1986 16.0322 14.7252 15.5708 28.0034 14.4788 16.1481 14.3038 13.5067 12.9867 12.8285 12.273 12.0682 16.0297 15.2581 18.3072 14.9356 12.9751 11.8163 11.7262 15.9256 20.0232 13.3494 16.3428 14.4703 14.1369
threshold=107845.44166666667 0.00034035948233228228 107317.80858333335 0.00046382098898771197 0.0026241499810997679 0.00032910315643954868 0.00060492535156450383 0.00061134082900781512 107456.18000000002 0.0011484853701847545 0.00039913891961255863 107817.36275000001 0.00064336577489466386 -0.24149166649166645 0.0012459890953332305 0.00023910433250162231 -0.0036518226367174274 107322.45450000001 0.00099603583374087727 -0.00022606387657836399 0.0012670979882806359 0.038606713101137995 0.0005742060036902797 57496.54500000002 0.00070499799092809561 55203.617250000003 56187.057583333335 0.0016263826361062985 0.0018606152267060276 -0.0044156021255983826
decision_type=2 2 2 2 2 2 2 2 2 2 2 2 2 2 2 2 2 2 2 2 2 2 2 2 2 2 2 2 2 2
left_child=1 -1 4 -2 23 9 14 8 12 10 15 16 -8 -7 -4 -5 -9 -18 20 -20 21 -19 -13 24 -3 -26 27 -27 -29 -28
right_child=3 2 6 5 -6 13 7 11 -10 -11 -12 22 -14 -15 -16 -17 17 18 19 -21 -22 -23 -24 -25 25 26 29 28 -30 -31
leaf_value=-0.0090008261351031595 -0.0056975479589322624 0.054926329729819624 0.031904415375019701 -0.031048039950451745 0.0036315193595048575 0.0014140436068524685 0.065695986714768395 0.013523602600227625 -0.028325216066781501 0.071721999713808535 -0.0022190972465362334 0.056951096385343777 0.0019192940278498197 -0.0017130067221195113 -0.012604529394132123 0.035605859076791348 -0.028735921399963598 -0.023083668937643995 -0.032210642135740195 0.0032358493364190583 0.045713244083599489 0.015328107001770888 0.015513158839178096 5.7493329694876041e-05 -0.0049996614500157945 0.030355011743724493 0.01566524359559656 -0.032701541177814625 0.011964551246720802 0.0018797028439935842
leaf_weight=192.08421207591891 804.59644374251366 5.3663029521703711 34.67099916934967 2.6581691950559643 1300.2877400964499 1572.4987284988165 4.5233267396688452 76.353652969002724 28.514760494232178 3.5913911163806906 37.240516170859337 6.8548018187284461 8.7608038783073408 4971.7196010835469 6.8383473157882682 23.181245103478432 16.801007196307182 10.238839864730833 18.86307068169117 42.074712738394737 10.720909699797629 33.244814991950989 65.042274624109268 21498.051510289311 187.02254532277584 42.718709588050842 81.028977625072002 7.6360138058662406 41.147549875080585 387.74051129072905
leaf_count=2027 6483 18 205 36 7028 7218 21 316 170 17 300 24 42 23339 34 242 79 50 86 170 37 138 253 95617 800 159 370 40 196 1608
internal_value=-4.86978e-07 0.000412096 0.000487865 -0.00134212 0.000376853 -0.000811502 0.00766991 0.00548569 -0.0115463 0.0138114 0.0103585 0.00804041 0.0241884 -0.000961145 0.0244871 0.0285401 0.00403573 -0.00143812 0.00254049 -0.00772213 0.0141261 0.00618247 0.0195792 0.000186506 0.00386699 0.00348902 0.00632834 0.016815 0.00485907 0.00427183
internal_weight=31522.1 24106.6 23914.5 7415.49 23551 6610.89 363.502 321.993 41.7989 66.6713 63.0799 280.194 13.2841 6544.22 41.5093 25.8394 208.297 131.943 115.142 60.9378 54.2046 43.4837 71.8971 22250.7 752.661 747.294 560.272 91.5023 48.7836 468.769
internal_count=147123 109488 107461 37635 105836 31152 1625 1386 233 595 578 1153 63 30557 239 278 876 560 481 256 225 188 277 98808 3191 3173 2373 395 236 1978
is_linear=0
shrinkage=0.03


Tree=126
num_leaves=31
num_cat=0
split_feature=14 14 5 17 1 13 4 4 18 16 5 15 4 1 18 18 10 5 16 10 13 8 5 4 11 15 18 18 6 5
split_gain=18.2587 12.0569 12.5975 12.0052 15.8333 10.968 10.7726 10.4366 10.2173 10.1745 11.8359 10.795 10.4996 10.2554 12.7684 14.203 15.8324 13.2354 12.4946 11.942 19.7621 16.0362 14.0642 11.408 11.7518 9.76439 9.70455 10.7663 9.7539 13.6778
threshold=0.0018313997132282649 0.00022166400133634065 -0.0047294412655284881 0.43183768324413518 -0.0049201908905001082 0.0024855242857915009 0.0019739679809664961 0.00057474548181479801 0.030176924718417666 0.86359761648372924 0.0022834702222575003 -0.35385870400946257 0.0026704296347100924 -0.00052567064891462223 0.74224440265897151 0.5594550463723158 91034.978333333347 0.008709858861644439 0.41303725578296807 58678.127000000008 0.0036869461035313623 59351.136500000008 0.0077326993838967581 -0.0029819382596840689 0.00058001723170748724 0.23015042137310721 0.10623353036515205 0.11445264442474586 -0.0043822753361436586 -0.0014992507403019382
decision_type=2 2 2 2 2 2 2 2 2 2 2 2 2 2 2 2 2 2 2 2 2 2 2 2 2 2 2 2 2 2
left_child=1 2 -1 6 5 -5 -2 -4 -9 13 26 -12 -13 14 15 -3 17 18 -17 20 -15 22 -21 24 -18 -14 -11 -28 -29 -30
right_child=3 9 7 4 -6 -7 -8 8 -10 10 11 12 25 19 -16 16 23 -19 -20 21 -22 -23 -24 -25 -26 -27 27 28 29 -31
leaf_value=0.037307046065274269 0.003706323692449616 0.00092712708715639075 -0.010210373778503968 0.0031903720283777944 6.6606634899871081e-06 0.015381062315150427 0.00025371784963627023 0.0066793382936733894 -0.011122902380840786 -0.008426436312264321 -0.0079886837428768693 0.0097977021399033911 -0.020443160295491841 0.0040113993148416516 0.0074594478618521436 0.005617847308206708 0.021854859157117903 -0.041560050796389358 -0.025503640661754815 -0.010687103721579022 -0.051473337782813863 -0.00078790209777041215 0.038659239614481561 -0.0056741169757819239 -0.02387150848270829 0.0023365502621279311 0.025467107578315159 -0.012500649704618054 0.0079249705482474959 -0.0045442873346500483
leaf_weight=5.8709859624505034 2221.8781225308776 5321.8293590992689 242.08726989477873 222.79394168406725 6980.3468607962132 95.1441271007061 1286.0304377153516 82.269087262451649 44.677124727517366 394.52765027433634 77.12182929366827 150.21869294345379 21.947923764586449 580.37799020111561 245.92018605023623 176.18320502340794 5.381748989224433 5.9325760453939429 12.305148705840109 194.2612573876977 5.7289342284202567 12317.529273666441 5.2204030603170386 222.16477760672569 59.512872897088528 72.329306557774544 12.362131811678408 77.03510507941246 113.20593168959022 262.39339925721288
leaf_count=27 10096 23808 2401 1181 30351 668 5761 689 363 2356 363 699 103 2329 1062 732 26 28 56 923 28 58945 18 1027 267 316 56 362 560 1522
internal_value=-4.5469e-07 -0.000522181 -0.00585311 0.000999071 0.00030535 0.0068516 0.00244147 -0.0065578 0.000386626 -0.000423714 -0.0031261 0.00177604 0.00487041 -0.000256884 0.000764567 0.000480225 -0.00445234 0.00214497 0.00355778 -0.000728681 0.00345525 -0.000924859 -0.00936196 -0.00893024 -0.0200054 -0.00295087 -0.00496388 -0.00201843 -0.00278118 -0.000776949
internal_weight=31514.6 20708.4 374.904 10806.2 7298.28 317.938 3507.91 369.033 126.946 20333.5 1181.14 321.618 244.496 19152.3 6049.23 5803.31 481.48 194.421 188.488 13103.1 586.107 12517 199.482 287.059 64.8946 94.2772 859.524 464.997 452.634 375.599
internal_count=147123 99066 3480 48057 32200 1849 15857 3453 1052 95586 6337 1481 1118 89249 27006 25944 2136 816 788 62243 2357 59886 941 1320 293 419 4856 2500 2444 2082
is_linear=0
shrinkage=0.03


Tree=127
num_leaves=31
num_cat=0
split_feature=3 10 10 7 12 5 10 6 10 2 12 11 5 6 9 19 4 6 17 11 11 11 6 12 7 11 6 4 12 10
split_gain=18.2043 16.9294 21.1237 26.7638 27.3525 15.4237 13.8762 16.3397 13.5934 13.5529 17.0997 16.6085 17.2206 19.413 13.0213 12.8898 12.7504 12.6743 11.8733 11.7787 11.5824 11.363 10.8732 15.0198 15.9423 10.746 17.2417 21.2304 20.7853 27.0413
threshold=-0.0021693761250210493 94292.886833333338 73778.213583333345 83044.548000000024 0.00066415141549788163 -0.01804197168760829 94609.523916666672 -0.0030035673833306293 94510.065916666688 -0.00038197893747832218 0.001316258025521669 0.00085982030438187394 -0.00044254654948305822 -0.0010322280781699387 60767.888750000006 0.0040052638175628033 0.002275842767254566 0.0085404979242040841 0.94732535620032332 0.00034035948233228228 0.00056492122357692663 0.00079832545893376687 -0.013524972355655916 0.0020613567220216689 67249.440000000017 0.00048079728438620955 0.0015107064738721923 0.00051473065169505016 0.0003767339888297443 117436.32783333334
decision_type=2 2 2 2 2 2 2 2 2 2 2 2 2 2 2 2 2 2 2 2 2 2 2 2 2 2 2 2 2 2
left_child=5 2 14 -4 21 -1 7 -3 9 -9 11 12 -11 -14 19 25 -10 -6 -19 -2 -15 -5 23 -16 -25 26 -8 -28 29 -29
right_child=1 6 3 4 17 -7 15 8 16 10 -12 -13 13 20 22 -17 -18 18 -20 -21 -22 -23 -24 24 -26 -27 27 28 -30 -31
leaf_value=0.008676922326211008 -0.026339968715127966 -0.019169009983421515 0.0064897826785720964 -0.0084805795753675698 0.002616898829654261 0.0011786516079094452 -0.0097490431423875173 0.014734281466887201 -0.023333245762371706 -0.038343565436738662 0.016865065772314784 -0.026573016115771307 0.049714459324639859 -0.027249300837430629 -0.002586526055349312 -0.00033514421821876316 0.0057762492362761382 -0.0024775057914348396 0.014036599961731774 0.0012197978719836714 0.0094301314154594685 0.034258377808487221 -0.0014291091567029098 -0.017489549423380081 -0.070413872811069339 -0.0017001968475196692 -0.010958786415736509 0.016820116806102573 0.0018214629674079004 0.089863126180677155
leaf_weight=258.39760503917933 13.926137216389177 78.287118911743164 965.88230396807194 301.37424440309405 2762.0866753682494 5582.9265949651599 390.53067174553871 48.029811255633831 46.181746318936348 8.6952991783618909 26.399438209831715 35.092347651720047 7.9676147177815428 11.026896007359026 67.685002744197845 10273.60641041398 18.886397302150726 773.80939113348722 41.134419277310371 2525.1801445111632 25.336574554443359 5.5817721635103217 3770.1378838047385 32.475661545991898 6.0911115705966941 3236.6825666725636 76.991752911359072 24.064429875463251 85.567735224962234 5.6031150147318831
leaf_count=1648 133 380 4218 2176 11632 24615 3879 211 297 58 106 157 35 70 286 48262 80 3397 169 10889 109 24 17155 162 34 15400 682 244 575 40
internal_value=-4.41256e-07 -0.000344575 0.00052635 0.00202059 0.00090826 0.001511 -0.00102617 -0.00734772 -0.00326206 0.00136128 -0.00422924 -0.0105948 0 0.0076016 -0.000602781 -0.000888691 -0.0148421 0.00164651 -0.00163865 0.00106643 -0.00165453 -0.00768273 -0.00169692 -0.0111611 -0.0260863 -0.0023768 -0.00612863 0.00121229 0.00937258 0.0309716
internal_weight=31505.6 25664.3 11265.4 4849.87 3883.99 5841.32 14398.9 305.903 227.616 162.548 114.518 88.1187 53.0264 44.3311 6415.5 14093 65.0681 3577.03 814.944 2539.11 36.3635 306.956 3876.39 106.252 38.5668 3819.44 582.758 192.227 115.235 29.6675
internal_count=147123 120860 50275 21616 17398 26263 70585 1503 1123 746 535 429 272 214 28659 69082 377 15198 3566 11022 179 2200 17637 482 196 20820 5420 1541 859 284
is_linear=0
shrinkage=0.03


Tree=128
num_leaves=31
num_cat=0
split_feature=10 10 14 13 6 7 7 11 14 15 16 17 7 14 9 17 6 13 10 7 12 12 13 7 10 9 7 16 14 10
split_gain=17.4007 17.4412 17.3533 16.0016 24.8221 15.3001 23.1125 15.127 13.9203 13.9105 19.3154 13.363 13.0901 14.872 12.8278 18.0659 12.9646 17.645 24.1315 17.2399 12.9516 18.8578 12.717 13.8362 27.0307 13.751 21.0891 12.2483 12.1731 11.9561
threshold=107845.44166666667 107317.80858333335 0.00046382098898771197 0.0007995907064001674 0.0040961030299611076 101014.69700000001 101755.66600000001 0.00032910315643954868 0.0071272240979873324 1.3465895999208148 0.42285922229269785 0.93215585883158636 108910.23000000003 0.0011484853701847545 84163.950250000009 0.64745686482580134 -0.0032388526139498493 0.00052525477034478889 96855.907250000004 94150.35500000001 0.00052523537285343669 0.00042015309781520709 0.00079033250155990085 103732.31700000002 101550.28933333335 103896.35600000001 104479.83100000001 -0.24149166649166645 0.00097733987889509302 73778.213583333345
decision_type=2 2 2 2 2 2 2 2 2 2 2 2 2 2 2 2 2 2 2 2 2 2 2 2 2 2 2 2 2 2
left_child=1 3 -2 4 9 -6 -7 12 29 10 14 -3 -4 -14 15 -1 17 18 -16 -19 21 -20 23 24 -8 -25 -27 -9 -12 -5
right_child=2 11 7 8 5 6 22 27 -10 -11 28 -13 13 -15 16 -17 -18 19 20 -21 -22 -23 -24 25 -26 26 -28 -29 -30 -31
leaf_value=0.0044995012898158826 -0.0054460560894218869 0.0089419335721248727 0.048284133225086123 -0.00049220552992720553 0.00088725085370708725 0.06593050936335268 -0.035796892851469336 0.00139434971643676 0.0078280774137167511 0.0024057160540351102 -0.0042331958597726978 -0.0084998953986564398 0.0044780049710579735 0.069277787130713517 -0.012268078460851584 -0.0040678090503093057 -0.0053261740441869973 0.015555070970855917 0.080193161737908955 -0.0039846595394372134 0.078724128162765694 0.0013077691231052325 -0.018203632915778006 -0.020461432858879289 0.035915118202577881 0.047361030174047747 0.0056428225222345156 -0.001642876081352547 -0.013186153332862018 0.001081375276634112
leaf_weight=507.35762831941247 799.79420847445726 327.26198362931609 8.3932960554957372 6544.3842286169529 456.05687070637941 6.5569656342267981 5.3295236825942984 1572.2944064065814 239.54526456445456 452.9498964548111 304.3769707903266 44.708598002791405 55.442293900996447 3.296778939664363 10.779300764203073 392.84155539795756 1123.8328313343227 48.554503962397575 3.8595580756664303 246.14301735907793 6.297551602125167 9.0339592918753606 14.182669267058371 14.96703480184078 35.63290698081255 12.077959455549715 108.032610476017 4968.5134772546589 250.2512376755476 12922.234779812396
leaf_count=2760 6483 1463 69 27793 2112 24 26 7218 1613 2392 2163 274 511 15 87 2390 7362 231 32 1285 32 75 68 80 152 47 528 23339 1292 55207
internal_value=-4.5985e-07 0.000390496 -0.0012721 0.000289248 -0.00143819 0.00391196 0.0109028 -0.000766372 0.000640843 -0.00247983 -0.00324312 0.00683575 0.0133884 0.00827749 -0.00205215 0.000757409 -0.00380021 0.00147268 0.0233668 -0.000750923 0.0434977 0.0255877 0.00895655 0.0111708 0.0264473 0.0064999 0.00989875 -0.000912312 -0.00827988 0.000552207
internal_weight=31495 24087.2 7407.73 23715.3 4009.11 652.837 196.78 6607.94 19706.2 3356.28 2903.33 371.971 67.1324 58.7391 2348.7 900.199 1448.5 324.668 29.9704 294.698 19.1911 12.8935 190.223 176.04 40.9624 135.078 120.111 6540.81 554.628 19466.6
internal_count=147123 109488 37635 107751 23138 3037 925 31152 84613 20101 17709 1737 595 526 14254 5150 9104 1742 226 1516 139 107 901 833 178 655 575 30557 3455 83000
is_linear=0
shrinkage=0.03


end of trees

feature_importances:
rolling_std_48=462
high_low_range=383
ma_60=300
rolling_std_12=300
rolling_std_24=299
return_24=262
ma_5=249
return_12=232
return_48=228
return_6=220
ma_10=172
ma_20=146
body_ratio=129
return_3=102
return_2=90
trade_count_change_1=89
volume_zscore_20=74
upper_shadow_ratio=70
lower_shadow_ratio=36
return_1=27

parameters:
[boosting: gbdt]
[objective: binary]
[metric: binary_logloss]
[tree_learner: serial]
[device_type: cpu]
[data_sample_strategy: bagging]
[data: ]
[valid: ]
[num_iterations: 500]
[learning_rate: 0.03]
[num_leaves: 31]
[num_threads: 20]
[seed: 42]
[deterministic: 0]
[force_col_wise: 0]
[force_row_wise: 0]
[histogram_pool_size: -1]
[max_depth: -1]
[min_data_in_leaf: 20]
[min_sum_hessian_in_leaf: 0.001]
[bagging_fraction: 0.8]
[pos_bagging_fraction: 1]
[neg_bagging_fraction: 1]
[bagging_freq: 0]
[bagging_seed: 400]
[bagging_by_query: 0]
[feature_fraction: 0.8]
[feature_fraction_bynode: 1]
[feature_fraction_seed: 30056]
[extra_trees: 0]
[extra_seed: 12879]
[early_stopping_round: 0]
[early_stopping_min_delta: 0]
[first_metric_only: 0]
[max_delta_step: 0]
[lambda_l1: 0.1]
[lambda_l2: 0.1]
[linear_lambda: 0]
[min_gain_to_split: 0]
[drop_rate: 0.1]
[max_drop: 50]
[skip_drop: 0.5]
[xgboost_dart_mode: 0]
[uniform_drop: 0]
[drop_seed: 17869]
[top_rate: 0.2]
[other_rate: 0.1]
[min_data_per_group: 100]
[max_cat_threshold: 32]
[cat_l2: 10]
[cat_smooth: 10]
[max_cat_to_onehot: 4]
[top_k: 20]
[monotone_constraints: ]
[monotone_constraints_method: basic]
[monotone_penalty: 0]
[feature_contri: ]
[forcedsplits_filename: ]
[refit_decay_rate: 0.9]
[cegb_tradeoff: 1]
[cegb_penalty_split: 0]
[cegb_penalty_feature_lazy: ]
[cegb_penalty_feature_coupled: ]
[path_smooth: 0]
[interaction_constraints: ]
[verbosity: -1]
[saved_feature_importance_type: 0]
[use_quantized_grad: 0]
[num_grad_quant_bins: 4]
[quant_train_renew_leaf: 0]
[stochastic_rounding: 1]
[linear_tree: 0]
[max_bin: 255]
[max_bin_by_feature: ]
[min_data_in_bin: 3]
[bin_construct_sample_cnt: 200000]
[data_random_seed: 175]
[is_enable_sparse: 1]
[enable_bundle: 1]
[use_missing: 1]
[zero_as_missing: 0]
[feature_pre_filter: 1]
[pre_partition: 0]
[two_round: 0]
[header: 0]
[label_column: ]
[weight_column: ]
[group_column: ]
[ignore_column: ]
[categorical_feature: ]
[forcedbins_filename: ]
[precise_float_parser: 0]
[parser_config_file: ]
[objective_seed: 16083]
[num_class: 1]
[is_unbalance: 0]
[scale_pos_weight: 1]
[sigmoid: 1]
[boost_from_average: 1]
[reg_sqrt: 0]
[alpha: 0.9]
[fair_c: 1]
[poisson_max_delta_step: 0.7]
[tweedie_variance_power: 1.5]
[lambdarank_truncation_level: 30]
[lambdarank_norm: 1]
[label_gain: ]
[lambdarank_position_bias_regularization: 0]
[eval_at: ]
[multi_error_top_k: 1]
[auc_mu_weights: ]
[num_machines: 1]
[local_listen_port: 12400]
[time_out: 120]
[machine_list_filename: ]
[machines: ]
[gpu_platform_id: -1]
[gpu_device_id: -1]
[gpu_use_dp: 0]
[num_gpu: 1]

end of parameters

pandas_categorical:[]
