tree
version=v4
num_class=1
num_tree_per_iteration=1
label_index=0
max_feature_idx=23
objective=regression
feature_names=return_1 return_3 return_6 return_12 return_24 ma_5 ma_10 ma_20 ma_60 close_ma20_ratio close_ma60_ratio rolling_std_12 rolling_std_24 atr_14 high_low_range volume_ratio_20 quote_volume_ratio_20 trade_count_ratio_20 body_ratio upper_shadow_ratio lower_shadow_ratio rsi_14 hour day_of_week
feature_infos=[-0.073381578862939834:0.040815670958649353] [-0.096354565681583404:0.070814441820102214] [-0.11049235696906867:0.087801175010286281] [-0.1095873248370608:0.088853059852892047] [-0.10813448792208258:0.091532370034365762] [50022.758000000002:125850.242] [50156.214:125751.86200000001] [50473.117500000008:125573.1335] [51358.473333333335:125359.32249999999] [-0.10046234605789284:0.05481287062441087] [-0.1114282965406459:0.078899385540378564] [5.5404113410234905e-05:0.02841141552832532] [9.8782208962951086e-05:0.019922433246192309] [5.5699999999986698:3168.5657142857162] [8.1747560177143908e-08:0.083778775835713221] [0.069346134547400143:15.044970615613787] [0.06948836243840055:15.057545593792637] [0.094100795281034127:11.712085625730619] [0:1] [0:1] [0:1] [0:100] [0:23] [0:6]
tree_sizes=3141 3122 3136 3144 3124 3167 3146 3203 3114 3175 3189 3135 3144 3118 3143 3153 3161 3079 3087 3074 3173 3100 3128 3116 3141 3084 3104 3081 2997 3091 3039 3025 3076 3050 3026 3017 3024 3123 2986 2959 3057 3137 2953 3012 2911 3000 3070 2971 2915 3022 3022 2976 3033 3098 2971 3033 3032 2998 2973 2910 2964 2984 2980 2966 2955 2948 2931 2876 2992 2931 2979 2855 2939 2878 2915 3105 2905 2821 2923 2947 2909 3017 2885 3019 2906 2895 2952 3037 2960 2867 2887 3027 2869 3028 2921 2944 2956 3036 2890 2948 2861 2866 2925 2875 2928 2943 2965 2954 2983 2844 2895 3006 2924 2871 2840 2840 2915 2907 2975 2937 2901 2890 3004 2908 2710 2986 2922 2859 2817 2876 2896

Tree=0
num_leaves=31
num_cat=0
split_feature=12 14 12 12 14 14 12 12 14 12 12 14 14 14 14 8 7 7 13 14 14 13 13 6 6 18 6 7 7 22
split_gain=0.117195 0.034041 0.0228727 0.011694 0.00623231 0.0059393 0.0051468 0.00403789 0.00288006 0.00249373 0.00212377 0.00203749 0.00120859 0.00116317 0.000928061 0.000861538 0.000573561 0.000477533 0.000421536 0.000387918 0.000375984 0.000375347 0.000356415 0.000703527 0.000352116 0.000364491 0.000318785 0.000285641 0.000247028 0.000238733
threshold=0.0015531223872100629 0.0043061855351572186 0.00088710588841902076 0.0055426614884636852 0.00249334913266715 0.0021712085492365304 0.0029607861990862223 0.00058467844625117321 0.010000763090932951 0.0026049057837776706 0.0011967701259586845 0.010000763090932951 0.003475768497969912 0.0015727395881001184 0.0018154974311617943 102977.01016666669 102755.18450000002 104610.69000000002 104.31214285714201 0.0010341568814612302 0.0065256621876576904 185.255357142858 185.255357142858 97065.652000000016 104610.46200000001 0.63998113880149532 87796.65800000001 96037.604250000019 114458.91050000001 11.500000000000002
decision_type=2 2 2 2 2 2 2 2 2 2 2 2 2 2 2 2 2 2 2 2 2 2 2 2 2 2 2 2 2 2
left_child=2 4 7 6 13 10 16 -1 -5 15 19 -8 24 -2 18 -6 20 21 -9 -4 -3 26 -15 -24 25 -7 29 -20 -11 -12
right_child=1 3 5 8 9 12 11 14 -10 28 17 -13 -14 22 -16 -17 -18 -19 27 -21 -22 -23 23 -25 -26 -27 -28 -29 -30 -31
leaf_value=0.0022479463602062123 0.0022942671761895404 0.0023593961484493988 0.0022704553150672052 0.0024705790781605389 0.0023320866405118143 0.0023090668029247048 0.0024081320293494013 0.002260445506333622 0.0026713375669264903 0.0023617804534201013 0.0022866692465880242 0.0025133333548930047 0.0023229146204056554 0.0023000283283034269 0.0022811456947155451 0.0023047656135999424 0.0023270082319916878 0.0022807233204136831 0.0022826692748703259 0.0022785100898885203 0.0023952436570069987 0.0023027164422316998 0.002325564139685429 0.0023046112571621529 0.0022873143114798874 0.0022937401331224465 0.0022819395287720021 0.0022667174217927103 0.0022866692465880242 0.0022989953667328896
leaf_weight=20880 5149 2791 10171 302 7505 3722 1965 21265 155 3026 2801 272 2609 2318 3344 1669 668 4204 1664 17378 837 2549 4068 3382 2352 3434 3179 10225 54 3185
leaf_count=20880 5149 2791 10171 302 7505 3722 1965 21265 155 3026 2801 272 2609 2318 3344 1669 668 4204 1664 17378 837 2549 4068 3382 2352 3434 3179 10225 54 3185
internal_value=0.00228667 0.00233536 0.00227194 0.00239459 0.00232001 0.00228572 0.00238359 0.00225866 0.0025453 0.00233603 0.00228049 0.00242227 0.00230423 0.00230665 0.00226487 0.00232744 0.00236274 0.00228906 0.00226331 0.00227543 0.0023685 0.0022923 0.00231286 0.00231646 0.00229878 0.00230213 0.00228908 0.0022687 0.00236063 0.00229337
internal_weight=147123 34161 112962 6990 27171 55584 6533 57378 457 12254 43467 2237 12117 14917 36498 9174 4296 15918 33154 27549 3628 11714 9768 7450 9508 7156 9165 11889 3080 5986
internal_count=147123 34161 112962 6990 27171 55584 6533 57378 457 12254 43467 2237 12117 14917 36498 9174 4296 15918 33154 27549 3628 11714 9768 7450 9508 7156 9165 11889 3080 5986
is_linear=0
shrinkage=1


Tree=1
num_leaves=31
num_cat=0
split_feature=11 11 11 11 11 11 8 15 11 15 2 5 23 8 17 17 9 5 8 10 9 10 15 22 22 22 8 23 7 22
split_gain=0.114931 0.0266189 0.0220084 0.0100209 0.00460817 0.00448583 0.00311322 0.00228676 0.00216895 0.00185347 0.00142932 0.00130042 0.000896182 0.000818205 0.000803228 0.000764324 0.000715264 0.000659743 0.000626711 0.000566307 0.000534547 0.000504263 0.000445646 0.000442132 0.000781087 0.00043073 0.000429159 0.000397033 0.000374242 0.0003145
threshold=0.0015685173936536621 0.0030182305929653207 0.00094640224875008015 0.0058525663598974148 0.0021734655549390403 0.00064113996635474719 54297.348166666678 0.86133027065907408 0.0012393708759160565 1.3123311713744725 -0.0067560172787827213 94378.987000000023 4.5000000000000009 103724.92450000001 1.6110926024553394 0.82261622297459469 -0.0030396839411329086 109515.605 104349.09433333334 0.0023731087626132079 -0.0027538714223703238 0.0058850806583974355 1.3605682526024896 11.500000000000002 14.500000000000002 22.500000000000004 103914.93508333334 4.5000000000000009 113271.56675000001 12.500000000000002
decision_type=2 2 2 2 2 2 2 2 2 2 2 2 2 2 2 2 2 2 2 2 2 2 2 2 2 2 2 2 2 2
left_child=2 4 5 9 11 12 -5 -8 14 20 26 15 -1 23 18 -2 -7 25 21 -18 -3 -4 -13 -10 27 29 -6 -25 -11 -12
right_child=1 3 8 6 10 16 7 -9 13 28 17 22 -14 -15 -16 -17 19 -19 -20 -21 -22 -23 -24 24 -26 -27 -28 -29 -30 -31
leaf_value=-2.608141791219854e-05 2.4615559919187784e-05 0.00010679567449946419 -3.6035349920024668e-06 0.00043127640067753685 9.7225661645347091e-05 0 9.985884567029588e-05 0.00026165804299337585 6.9998457608955013e-06 0.00013688630824407809 3.9812422428844709e-05 1.4337945436441089e-05 -3.7371077223770962e-05 0 1.1800042634499845e-05 4.4404715001283593e-05 -2.077087134318528e-05 1.3715471735970441e-05 -1.2401208856308096e-05 -1.1461892223687833e-05 7.0984173448102299e-05 1.332615966382232e-05 3.4366765282588706e-05 4.5109812335530329e-05 1.2837968289713858e-05 1.6446956721515129e-06 2.3230379931631819e-05 1.7704492512470784e-07 0 5.9911976018440503e-05
leaf_weight=13397 3962 1136 14707 87 1086 1873 227 265 6254 1135 2165 6240 19083 5185 2734 5560 25224 638 7464 9960 2338 1729 1608 1372 5935 264 196 361 23 4915
leaf_count=13397 3962 1136 14707 87 1086 1873 227 265 6254 1135 2165 6240 19083 5185 2734 5560 25224 638 7464 9960 2338 1729 1608 1372 5935 264 196 361 23 4915
internal_value=0 5.04559e-05 -1.39293e-05 0.00011276 3.81529e-05 -2.45641e-05 0.00023417 0.000193139 2.17263e-06 9.69316e-05 5.5592e-05 2.86791e-05 -3.28069e-05 9.92485e-06 -3.27613e-06 3.64861e-05 -1.72584e-05 4.9969e-05 -5.1263e-06 -1.8221e-05 8.35608e-05 -1.64001e-06 1.88244e-05 1.37143e-05 1.87991e-05 5.27097e-05 8.82554e-05 3.74815e-05 0.000134443 5.41901e-05
internal_weight=147123 31845 115278 5211 26634 69537 579 492 45741 4632 9264 17370 32480 19107 26634 9522 37057 7982 23900 35184 3474 16436 7848 13922 7668 7344 1282 1733 1158 7080
internal_count=147123 31845 115278 5211 26634 69537 579 492 45741 4632 9264 17370 32480 19107 26634 9522 37057 7982 23900 35184 3474 16436 7848 13922 7668 7344 1282 1733 1158 7080
is_linear=0
shrinkage=0.03


Tree=2
num_leaves=31
num_cat=0
split_feature=11 14 11 14 11 14 11 13 11 14 4 7 14 11 18 14 7 14 13 11 7 13 5 14 5 6 6 13 14 13
split_gain=0.108284 0.0280391 0.0207422 0.00926803 0.00853605 0.0044494 0.00351427 0.00299474 0.00184755 0.00128689 0.00114631 0.00112448 0.00100605 0.000859181 0.000725518 0.000655576 0.000628422 0.000627434 0.000617697 0.000515352 0.000453251 0.000558198 0.000450572 0.000390346 0.000317514 0.000299369 0.000295993 0.000286462 0.00026609 0.000264987
threshold=0.0015685173936536621 0.0060991113624748079 0.00089959900194112625 0.003251021468619606 0.0058525663598974148 0.0018002173063090424 0.00059036345476579783 427.49464285714259 0.0021734655549390403 0.003475768497969912 -0.022784709889975937 102526.97325000002 0.0013397922001240513 0.0011709716373509819 0.54721507241676315 0.010000763090932951 90142.400750000015 0.001758136599002076 68.128214285714691 0.0024078237317037708 96453.06975000001 218.91142857142799 104479.83100000001 0.0018154974311617943 58469.245000000003 113557.20150000001 66941.112500000017 115.66714285714313 0.0019704147429627427 183.91107142857075
decision_type=2 2 2 2 2 2 2 2 2 2 2 2 2 2 2 2 2 2 2 2 2 2 2 2 2 2 2 2 2 2
left_child=2 3 6 8 10 13 18 11 17 14 -3 -5 27 26 22 -6 -9 -2 24 -12 21 -19 -7 -10 -1 -21 -4 -8 -14 -16
right_child=1 4 5 7 15 9 12 16 23 -11 19 -13 28 -15 29 -17 -18 20 -20 25 -22 -23 -24 -25 -26 -27 -28 -29 -30 -31
leaf_value=0 1.0535324013702672e-05 0.000187330609146137 -1.3294892429172305e-06 6.0461428645199423e-05 0.00019167957028567564 2.0727098858125089e-05 -2.3999028769445327e-05 0.00013266623211453612 2.0474659536938949e-05 3.3619797990830537e-05 6.626650373043122e-05 2.5562949022383682e-05 -1.307663410941828e-05 0 0 0.00034558516877222594 7.8603989480215868e-05 2.2072246865241134e-05 -2.681335002851266e-05 0.00011958203323523463 1.4957589922121805e-05 4.5714668294015602e-05 4.4649024270852527e-07 4.6193122625126832e-05 -3.8190312601234298e-05 0 -1.1869919588964873e-05 -1.5488090699538217e-05 -7.5563527878159127e-07 1.1139098069455673e-05
leaf_weight=259 4585 298 3614 7174 185 5420 20132 679 1121 2330 554 1304 7528 12597 6919 194 987 3197 10930 1545 3192 2018 1582 4790 15491 22 15658 7313 2673 2832
leaf_count=259 4585 298 3614 7174 185 5420 20132 679 1121 2330 554 1304 7528 12597 6919 194 987 3197 10930 1545 3192 2018 1582 4790 15491 22 15658 7313 2673 2832
internal_value=0 4.89851e-05 -1.35105e-05 4.0103e-05 0.000140116 7.30759e-07 -2.48375e-05 6.34632e-05 2.74082e-05 1.22396e-05 0.000117193 5.54479e-05 -1.87504e-05 -6.06655e-06 9.08678e-06 0.000278444 0.000102445 2.06183e-05 -3.33141e-05 0.000105915 2.57604e-05 3.17969e-05 1.65735e-05 4.18237e-05 -3.76347e-05 0.000118013 -1.0049e-05 -2.18406e-05 -1.01422e-05 3.40294e-06
internal_weight=147123 31845 115278 29047 2798 50952 64326 10144 18903 19083 2419 8478 37646 31869 16753 379 1666 12992 26680 2121 8407 5215 7002 5911 15750 1567 19272 27445 10201 9751
internal_count=147123 31845 115278 29047 2798 50952 64326 10144 18903 19083 2419 8478 37646 31869 16753 379 1666 12992 26680 2121 8407 5215 7002 5911 15750 1567 19272 27445 10201 9751
is_linear=0
shrinkage=0.03


Tree=3
num_leaves=31
num_cat=0
split_feature=11 14 12 14 11 12 14 12 12 14 12 14 12 8 13 8 13 5 14 7 13 13 6 13 13 14 7 8 5 14
split_gain=0.102026 0.0264292 0.0201532 0.00873291 0.00802248 0.00476621 0.00417868 0.00396187 0.00178652 0.00105744 0.00102589 0.00102554 0.000973116 0.000885909 0.00071635 0.000700494 0.0019064 0.000586791 0.000517563 0.000467352 0.000652593 0.000456699 0.000418504 0.000403321 0.000387813 0.000353286 0.000289734 0.000277981 0.000262327 0.000258328
threshold=0.0015685173936536621 0.0060991113624748079 0.00097048197501637941 0.0028309636865445228 0.0058525663598974148 0.00066415141549788163 0.001938778374721226 0.0026643352291542202 0.0029607861990862223 0.0034135138718754698 0.0012037785870944691 0.0018154974311617943 0.0025556141578734542 102977.01016666669 411.77428571428601 54297.348166666678 512.53071428571491 102755.016 0.0016928341394664254 104052.38275000002 186.6164285714305 68.128214285714691 104042.944 315.92821428571506 171.84821428571459 0.0065256621876576904 56121.878500000013 89334.455416666679 106590.35300000002 0.00091493829846153523
decision_type=2 2 2 2 2 2 2 2 2 2 2 2 2 2 2 2 2 2 2 2 2 2 2 2 2 2 2 2 2 2
left_child=2 3 5 12 8 21 10 13 28 19 -4 29 17 23 26 16 -6 18 -2 20 -8 -1 24 -5 -12 -17 -9 -16 -3 -7
right_child=1 4 6 7 15 11 9 14 -10 -11 22 -13 -14 -15 27 25 -18 -19 -20 -21 -22 -23 -24 -25 -26 -27 -28 -29 -30 -31
leaf_value=-3.6735603447684617e-05 1.2484826811031735e-05 9.1032630458825423e-05 -9.2201296624247297e-06 4.4912133311705614e-05 0 -2.1734453297316108e-05 8.5315601848826356e-06 0.0001206525956610235 0.00014768274896458382 3.3895364984287578e-05 2.7481610242926334e-07 -2.7376329163013165e-06 4.4080146517976413e-05 2.3057264607469399e-05 0.00012565411504554481 0 0.00050886041675826535 8.206622223216794e-06 2.9056390390504419e-05 0 2.6744374067399408e-05 -2.7600318074828222e-05 -6.4173635162683866e-06 6.6939650915565131e-05 1.2842048948630246e-05 0.00023558933194710362 5.9243970606899183e-05 8.1705039841551558e-05 1.2088669538404069e-05 -1.5263520382908618e-05
leaf_weight=16608 3294 1239 17613 5942 20 15368 6803 191 1048 2348 7533 4782 2021 1761 719 25 58 3542 6771 3116 2885 12972 4288 1779 3471 276 1897 1130 132 17491
leaf_count=16608 3294 1239 17613 5942 20 15368 6803 191 1048 2348 7533 4782 2021 1761 719 25 58 3542 6771 3116 2885 12972 4288 1779 3471 276 1897 1130 132 17491
internal_value=2.82635e-09 4.75554e-05 -1.31073e-05 3.89278e-05 0.000136044 -2.37162e-05 1.66963e-06 5.68378e-05 0.000113754 1.47507e-05 -4.26278e-06 -1.64736e-05 2.33572e-05 4.56197e-05 8.30919e-05 0.000270332 0.000413111 2.00585e-05 2.39312e-05 1.10054e-05 1.42651e-05 -3.28309e-05 1.25084e-06 5.03769e-05 4.51161e-06 0.000223244 6.63036e-05 0.000100423 8.56214e-05 -1.83813e-05
internal_weight=147123 31845 115278 29047 2798 67221 48057 13419 2419 15152 32905 37641 15628 9482 3937 379 78 13607 10065 12804 9688 29580 15292 7721 11004 301 2088 1849 1371 32859
internal_count=147123 31845 115278 29047 2798 67221 48057 13419 2419 15152 32905 37641 15628 9482 3937 379 78 13607 10065 12804 9688 29580 15292 7721 11004 301 2088 1849 1371 32859
is_linear=0
shrinkage=0.03


Tree=4
num_leaves=31
num_cat=0
split_feature=11 14 12 14 11 12 14 13 12 12 14 14 8 8 13 12 8 8 13 12 5 6 14 14 8 13 13 6 23 8
split_gain=0.0961502 0.0249384 0.0189813 0.00826742 0.00758236 0.00448345 0.00395355 0.00264763 0.00195747 0.00165341 0.00113274 0.00100676 0.000966805 0.000880935 0.000954882 0.000801427 0.000671331 0.000625301 0.00172184 0.000546076 0.000521082 0.000319762 0.000309857 0.000301044 0.000293174 0.000336112 0.000285593 0.00024477 0.000236012 0.000286608
threshold=0.0015685173936536621 0.0060991113624748079 0.00097048197501637941 0.003251021468619606 0.0058525663598974148 0.0006328544146404579 0.0018002173063090424 427.49464285714259 0.0026049057837776706 0.0029607861990862223 0.0034135138718754698 0.0016312044067007868 102977.01016666669 96960.01916666668 207.43535714285778 0.0012109050773425724 90148.837916666685 54297.348166666678 512.53071428571491 0.0012109050773425724 57496.54500000002 104202.05250000002 0.0011074027849828844 0.0065256621876576904 104349.09433333334 186.6164285714305 168.58964285714424 112326.67100000002 4.5000000000000009 104832.13216666668
decision_type=2 2 2 2 2 2 2 2 2 2 2 2 2 2 2 2 2 2 2 2 2 2 2 2 2 2 2 2 2 2
left_child=2 3 5 8 9 22 15 12 13 27 19 28 -5 14 20 -4 -9 18 -6 -8 -2 26 -1 -19 25 -21 -17 -3 29 -7
right_child=1 4 6 7 17 11 10 16 -10 -11 -12 -13 -14 -15 -16 21 -18 23 -20 24 -22 -23 -24 -25 -26 -27 -28 -29 -30 -31
leaf_value=-3.435283922714968e-05 4.6044664286739909e-05 8.5818399885066667e-05 -9.2433087397327942e-06 5.6867603212095043e-05 0 -1.2798829492424946e-05 1.9703962003589781e-06 0.00012720704720998554 5.1007194565677718e-05 0.00014325268962798936 3.2878547673178814e-05 -5.7231433795764087e-06 2.3681941535173654e-05 1.1818812069800152e-05 3.7870226960510913e-05 0 7.2969227101811869e-05 0 0.00049362088485130806 1.0588471118817724e-05 1.3557376200503613e-05 -6.821117567186147e-06 -2.1437354758118557e-05 0.00022852421232173018 1.8562859705982444e-06 2.552460365888485e-05 1.0717430426502746e-05 0 -2.3244952511953904e-05 -2.0683463670579584e-05
leaf_weight=22841 612 1316 16892 7216 20 12218 5959 672 2570 1048 2348 7030 1262 6180 4679 6440 994 25 58 4509 4862 3736 3259 276 1911 3016 3246 55 11014 10859
leaf_count=22841 612 1316 16892 7216 20 12218 5959 672 2570 1048 2348 7030 1262 6180 4679 6440 994 25 58 4509 4862 3736 3259 276 1911 3016 3246 55 11014 10859
internal_value=1.2273e-08 4.61758e-05 -1.27142e-05 3.77911e-05 0.000132145 -2.301e-05 1.62498e-06 5.98659e-05 2.5786e-05 0.000110416 1.29189e-05 -1.66882e-05 5.22819e-05 2.16334e-05 2.73118e-05 -4.88646e-06 9.66536e-05 0.000262851 0.000401774 9.67961e-06 1.77383e-05 3.73275e-07 -3.28552e-05 0.000216766 1.42301e-05 1.69738e-05 3.458e-06 8.31186e-05 -1.88613e-05 -1.66391e-05
internal_weight=147123 31845 115278 29047 2798 67221 48057 10144 18903 2419 17743 41121 8478 16333 10153 30314 1666 379 78 15395 5474 13422 26100 301 9436 7525 9686 1371 34091 23077
internal_count=147123 31845 115278 29047 2798 67221 48057 10144 18903 2419 17743 41121 8478 16333 10153 30314 1666 379 78 15395 5474 13422 26100 301 9436 7525 9686 1371 34091 23077
is_linear=0
shrinkage=0.03


Tree=5
num_leaves=31
num_cat=0
split_feature=11 14 11 14 11 11 13 14 6 4 8 14 14 13 18 11 10 10 13 14 6 7 11 14 6 11 6 13 14 10
split_gain=0.0905968 0.0235259 0.0175972 0.0077978 0.00717017 0.00366427 0.003447 0.00320832 0.00119472 0.00105975 0.000955559 0.000890224 0.000889671 0.000842441 0.000762039 0.000702834 0.000577419 0.0023074 0.000504496 0.000447277 0.000433251 0.000390228 0.000380684 0.000322926 0.000321125 0.00031353 0.000287644 0.000419463 0.000277857 0.000264474
threshold=0.0015685173936536621 0.0060991113624748079 0.0009573843304783241 0.0028309636865445228 0.0058525663598974148 0.00064113996635474719 411.77428571428601 0.0020211444056914426 95363.900500000003 -0.022784709889975937 89334.455416666679 0.0013496628139485017 0.0018313997132282649 90.082500000000962 0.57263006560637619 0.0012466595199893188 -0.024614492365034209 -0.0028446566791650581 282.25750000000028 0.0034135138718754698 113557.20150000001 58471.053000000007 0.0021734655549390403 0.0029025973312238338 92042.538000000015 0.0025025309801416052 66941.112500000017 163.15999999999835 0.001140008047333463 0.0029281555173575895
decision_type=2 2 2 2 2 2 2 2 2 2 2 2 2 2 2 2 2 2 2 2 2 2 2 2 2 2 2 2 2 2
left_child=2 3 5 12 9 13 8 15 18 -3 -8 29 -2 21 19 26 -6 -18 -5 -9 25 -1 -14 -16 -19 -11 -4 -28 -17 -7
right_child=1 4 7 6 16 11 10 14 -10 20 -12 -13 22 -15 23 28 17 24 -20 -21 -22 -23 -24 -25 -26 -27 27 -29 -30 -31
leaf_value=0 1.2216725752653043e-05 0.00017438222396172438 2.7749716088922674e-07 4.5085638805541301e-05 0.00035019556285289442 -2.004614375506099e-05 0.00012206429267653407 1.7921407413876388e-05 2.9607813678975854e-05 6.4723963164963405e-05 6.9717891915606228e-05 -7.8919426920503223e-06 2.2336837489684157e-05 -1.8001456037680532e-05 2.4697248784502942e-06 -3.9686511988181974e-06 7.9211192559349092e-05 0.00034145050220528786 6.5751158470292174e-05 4.3083966407253139e-05 0 -3.2115803745514974e-05 3.777351493064205e-05 1.618283532647325e-05 0 0.0001099717135257377 -1.1604719626676047e-05 -6.8553414401550327e-07 6.223121310085991e-06 -1.0977503843575639e-05
leaf_weight=400 6184 298 3861 4750 128 21092 770 4979 3486 596 1487 11834 6169 6174 5101 3129 136 95 2926 1023 50 25906 3275 2742 20 1475 10668 5368 7712 5289
leaf_count=400 6184 298 3861 4750 128 21092 770 4979 3486 596 1487 11834 6169 6174 5101 3129 136 95 2926 1023 50 25906 3275 2742 20 1475 10668 5368 7712 5289
internal_value=1.89863e-08 4.48302e-05 -1.23339e-05 3.66822e-05 0.000128341 -2.16462e-05 5.36139e-05 2.36527e-06 4.62074e-05 0.000107154 8.89102e-05 -1.51843e-05 2.19515e-05 -2.91566e-05 1.43939e-05 -2.95509e-06 0.000255594 0.000195283 5.33547e-05 2.27107e-05 9.62858e-05 -3.16606e-05 2.8008e-05 7.64663e-06 0.000306299 9.84024e-05 -6.35313e-06 -8.13666e-06 3.00477e-06 -1.83418e-05
internal_weight=147123 31845 115278 29047 2798 70695 13419 44583 11162 2419 2257 38215 15628 32480 13845 30738 379 251 7676 6002 2121 26306 9444 7843 115 2071 19897 16036 10841 26381
internal_count=147123 31845 115278 29047 2798 70695 13419 44583 11162 2419 2257 38215 15628 32480 13845 30738 379 251 7676 6002 2121 26306 9444 7843 115 2071 19897 16036 10841 26381
is_linear=0
shrinkage=0.03


Tree=6
num_leaves=31
num_cat=0
split_feature=11 14 12 14 11 14 12 13 12 12 12 14 7 7 13 12 14 14 5 7 6 7 13 22 22 13 22 22 23 18
split_gain=0.0853684 0.0222148 0.017002 0.00737497 0.00678567 0.00431392 0.00290426 0.002334 0.00177655 0.00149294 0.00112478 0.00107675 0.000889441 0.00076491 0.000923307 0.000711694 0.000657802 0.000535001 0.000505285 0.000440596 0.00030061 0.000287157 0.000327227 0.000274237 0.000272358 0.000259832 0.000243598 0.000232323 0.000227993 0.000226427
threshold=0.0015685173936536621 0.0060991113624748079 0.00088710588841902076 0.003251021468619606 0.0058525663598974148 0.0018002173063090424 0.00058467844625117321 427.49464285714259 0.0025556141578734542 0.0029607861990862223 0.0012109050773425724 0.0034135138718754698 102526.97325000002 96453.06975000001 207.43535714285778 0.0012109050773425724 0.0011999666660307477 0.010000763090932951 57496.54500000002 90142.400750000015 104202.05250000002 104052.38275000002 196.53535714285891 11.500000000000002 1.5000000000000002 168.58964285714424 14.500000000000002 2.5000000000000004 4.5000000000000009 0.60124127516386316
decision_type=2 2 2 2 2 2 2 2 2 2 2 2 2 2 2 2 2 2 2 2 2 2 2 2 2 2 2 2 2 2
left_child=2 3 6 8 9 10 -1 12 13 -3 24 15 -5 14 18 -7 -8 -6 -2 -9 25 22 23 -17 -4 -12 28 -16 -25 -13
right_child=1 4 5 7 17 11 16 19 -10 -11 20 29 -14 -15 27 21 -18 -19 -20 -21 -22 -23 -24 26 -26 -27 -28 -29 -30 -31
leaf_value=-3.2648324068839163e-05 4.4255397215206571e-05 7.785612683599713e-05 0 5.3786449715219521e-05 0.00016711702558338019 8.3698372910260358e-07 -2.1100557661365051e-05 0.00011795670916246025 4.6995500111151025e-05 0.00013537261161474505 0 4.1635040496176118e-05 2.2279427360930161e-05 1.1116833483544291e-05 9.1654351377527389e-06 1.4204182531621658e-06 -1.162109329505037e-05 0.00031077401601487084 1.2209465291283138e-05 6.965049040915404e-05 -6.5307937461962696e-06 1.7040629899488055e-06 2.6514804239995493e-05 4.8585603751154828e-05 -1.1086322373991932e-05 1.0347197832148349e-05 1.1257315337992422e-05 3.9617206597551394e-05 0 1.6868144447776035e-05
leaf_weight=20880 604 1371 2069 7174 185 7704 25191 679 2827 1048 6440 1181 1304 6364 524 2192 11307 194 4810 987 3736 2001 2387 414 22789 3246 2344 3774 98 1299
leaf_count=20880 604 1371 2069 7174 185 7704 25191 679 2827 1048 6440 1181 1304 6364 524 2192 11307 194 4810 987 3736 2001 2387 414 22789 3246 2344 3774 98 1299
internal_value=2.56543e-08 4.35252e-05 -1.19649e-05 3.56034e-05 0.000124687 -4.42862e-07 -2.35394e-05 5.64644e-05 2.42498e-05 0.000104019 -6.35503e-06 1.09393e-05 4.92945e-05 2.0063e-05 2.56161e-05 8.02451e-06 -1.82461e-05 0.000248627 1.63395e-05 9.11448e-05 4.31032e-07 1.35747e-05 1.6366e-05 1.09723e-05 -1.01398e-05 3.42605e-06 1.72527e-05 3.66029e-05 3.88347e-05 2.98732e-05
internal_weight=147123 31845 115278 29047 2798 57900 57378 10144 18903 2419 38280 19620 8478 16076 9712 17140 36498 379 5414 1666 13422 9436 7435 5048 24858 9686 2856 4298 512 2480
internal_count=147123 31845 115278 29047 2798 57900 57378 10144 18903 2419 38280 19620 8478 16076 9712 17140 36498 379 5414 1666 13422 9436 7435 5048 24858 9686 2856 4298 512 2480
is_linear=0
shrinkage=0.03


Tree=7
num_leaves=31
num_cat=0
split_feature=11 14 12 14 11 12 14 12 12 14 14 14 8 8 13 16 12 12 13 12 5 13 9 7 13 8 5 14 14 14
split_gain=0.0804216 0.0209272 0.0160421 0.00695719 0.00638083 0.00379437 0.0033493 0.0032617 0.00138454 0.00105537 0.000824971 0.000815677 0.000695543 0.000613586 0.00154597 0.000792425 0.000595278 0.000556434 0.000499273 0.000457157 0.00042352 0.000381969 0.00037335 0.00031564 0.00041886 0.000305502 0.000240718 0.000228017 0.000213338 0.000209595
threshold=0.0015685173936536621 0.0060991113624748079 0.00097048197501637941 0.0028309636865445228 0.0058525663598974148 0.00066415141549788163 0.0016797998240347222 0.0026643352291542202 0.0029607861990862223 0.0034135138718754698 0.0018313997132282649 0.0018313997132282649 102977.01016666669 54297.348166666678 512.53071428571491 0.85188638705368147 0.0012109050773425724 0.0012617436421484541 411.77428571428601 0.0026049057837776706 102533.40500000001 83.743928571429436 -0.006531462977575452 104052.38275000002 186.6164285714305 84178.212500000009 106043.93000000002 0.0010095831020366119 0.00091493829846153523 0.010000763090932951
decision_type=2 2 2 2 2 2 2 2 2 2 2 2 2 2 2 2 2 2 2 2 2 2 2 2 2 2 2 2 2 2
left_child=2 3 5 11 8 21 17 12 26 16 28 -2 22 14 -6 -15 -8 27 25 20 -13 -1 -5 24 -18 -9 -3 -4 -7 -10
right_child=1 4 6 7 13 10 9 18 29 -11 -12 19 -14 15 -16 -17 23 -19 -20 -21 -22 -23 -24 -25 -26 -27 -28 -29 -30 -31
leaf_value=-3.1323954451586042e-05 1.1286476941887761e-05 8.0690115691118769e-05 -1.2839456265197081e-05 6.5062123170556499e-05 0 -1.9351308154744565e-05 9.5959566264461773e-07 7.2361784641828975e-05 0.00011217302926712128 3.024489112276301e-05 -1.9938442393383104e-06 2.6864528359845559e-05 1.9989483486727675e-05 6.7973709932221471e-05 0.00046193838387201963 0.00023882861644247959 9.1261220948222154e-06 3.1844745938586463e-07 8.9700738395976712e-05 4.4224537702449252e-05 7.8653735268340581e-06 -2.1190168176474935e-05 4.0452450594243339e-05 1.3927633233302686e-06 2.4324573135108779e-05 3.7030698195905099e-05 7.5838689745194241e-06 -5.1128806442752826e-06 -1.3414568611621843e-05 0.00018530966995177213
leaf_weight=23115 6184 1233 7011 1173 20 15368 7152 1243 815 2348 4644 6108 1761 92 58 209 5267 9746 1849 1466 1870 6465 6548 2359 3291 845 138 10883 17629 233
leaf_count=23115 6184 1233 7011 1173 20 15368 7152 1243 815 2348 4644 6108 1761 92 58 209 5267 9746 1849 1466 1870 6465 6548 2359 3291 845 138 10883 17629 233
internal_value=3.52995e-08 4.22563e-05 -1.1602e-05 3.45633e-05 0.000121044 -2.10677e-05 1.57584e-06 5.05643e-05 0.000100936 1.08384e-05 -1.45888e-05 2.06317e-05 4.03302e-05 0.00024141 0.000375403 0.000196611 8.15047e-06 -5.15769e-06 7.4449e-05 2.64332e-05 2.27874e-05 -2.92106e-05 4.45806e-05 1.25865e-05 1.53215e-05 5.95027e-05 7.55206e-05 -8.30792e-06 -1.62705e-05 0.000131312
internal_weight=147123 31845 115278 29047 2798 67221 48057 13419 2419 20417 37641 15628 9482 379 78 301 18069 27640 3937 9444 7978 29580 7721 10917 8558 2088 1371 17894 32997 1048
internal_count=147123 31845 115278 29047 2798 67221 48057 13419 2419 20417 37641 15628 9482 379 78 301 18069 27640 3937 9444 7978 29580 7721 10917 8558 2088 1371 17894 32997 1048
is_linear=0
shrinkage=0.03


Tree=8
num_leaves=31
num_cat=0
split_feature=11 13 11 11 11 11 15 15 8 13 8 5 8 9 5 5 13 13 5 17 13 8 8 9 10 13 5 13 17 13
split_gain=0.075807 0.0183325 0.0149094 0.00581253 0.00429156 0.00305423 0.00215378 0.00206684 0.00164675 0.00155326 0.00162919 0.00143896 0.00127977 0.00120887 0.00103763 0.000936828 0.00131511 0.000901286 0.000744269 0.000737094 0.000675042 0.000769553 0.000545622 0.000536211 0.000458697 0.000416893 0.000442094 0.000408796 0.000402749 0.000399545
threshold=0.0015685173936536621 411.77428571428601 0.0009573843304783241 0.0058525663598974148 0.0021734655549390403 0.00067410959916185944 1.3853365904857953 0.59418412546068089 89334.455416666679 183.91107142857075 103724.92450000001 112329.257 94292.886833333338 -0.0026263380644825913 97064.592000000019 94378.987000000023 212.89214285714169 91.41250000000089 103254.42400000001 1.5397519586073438 100.45285714285639 63177.334500000004 55203.617250000003 -0.0030396839411329086 0.0023731087626132079 310.61000000000121 83881.301000000021 161.11142857142738 1.154127715492294 245.07857142857239
decision_type=2 2 2 2 2 2 2 2 2 2 2 2 2 2 2 2 2 2 2 2 2 2 2 2 2 2 2 2 2 2
left_child=2 4 5 8 15 17 14 -5 13 12 -11 -9 20 -3 25 16 19 -1 22 -2 -4 -22 -8 -7 -25 -6 -27 -23 -10 -17
right_child=1 3 9 7 6 23 18 11 28 10 -12 -13 -14 -15 -16 29 -18 -19 -20 -21 21 27 -24 24 -26 26 -28 -29 -30 -31
leaf_value=-2.8543231425792474e-05 1.4464551085433823e-05 0.00016757084231936885 -5.4809373428053882e-06 5.6164830860762833e-05 3.6453372546822837e-05 1.1459331263597351e-06 0.00019502542271886952 0.00024981927291139409 5.5303502102871584e-05 2.2178202736473426e-05 0 0 -8.0849048681483999e-06 8.6538142433804094e-05 1.71417524220836e-05 4.6980917346734486e-06 4.4848815435576242e-05 -1.5998889470458982e-05 2.0383504513796918e-05 4.5305000198937242e-05 1.9763407611194896e-05 0 7.5332958089061025e-05 -1.6539746853666804e-05 -7.9308328668475784e-06 7.7898407976715039e-05 4.2796676507904819e-05 1.4162057645612988e-05 9.6086674097972132e-05 2.0080697424101215e-05
leaf_weight=28720 5086 426 4703 124 3667 1832 70 377 1680 6209 6177 25 13823 758 1905 3201 3426 7814 355 980 3483 7921 2072 22829 9500 960 1591 2267 634 4508
leaf_count=28720 5086 426 4703 124 3667 1832 70 377 1680 6209 6177 25 13823 758 1905 3201 3426 7814 355 980 3483 7921 2072 22829 9500 960 1591 2267 634 4508
internal_value=4.39534e-08 4.10363e-05 -1.1254e-05 0.000101236 3.22208e-05 -1.98262e-05 4.74784e-05 0.000198698 8.57181e-05 2.27161e-06 1.13223e-05 0.000235178 -1.11697e-06 0.000118239 3.91746e-05 2.26261e-05 2.92483e-05 -2.59424e-05 7.32878e-05 1.99422e-05 3.96183e-06 7.42973e-06 8.06539e-05 -1.31972e-05 -1.41028e-05 4.54419e-05 5.71848e-05 2.91856e-06 6.77775e-05 1.40827e-05
internal_weight=147123 31845 115278 4024 27821 70695 10620 526 3498 44583 12386 402 32197 1184 8123 17201 9492 36534 2497 6066 18374 13671 2142 34161 32329 6218 2551 10188 2314 7709
internal_count=147123 31845 115278 4024 27821 70695 10620 526 3498 44583 12386 402 32197 1184 8123 17201 9492 36534 2497 6066 18374 13671 2142 34161 32329 6218 2551 10188 2314 7709
is_linear=0
shrinkage=0.03


Tree=9
num_leaves=31
num_cat=0
split_feature=11 14 12 14 11 14 12 12 12 12 14 12 8 11 14 10 10 12 7 7 5 7 18 23 17 8 22 22 5 8
split_gain=0.0714655 0.0189303 0.014341 0.00628646 0.00565919 0.00371795 0.00245808 0.00195587 0.00149919 0.00123319 0.000966769 0.00093997 0.000701958 0.000677957 0.000584601 0.0005752 0.00219839 0.000550703 0.000535739 0.00034184 0.000302987 0.000277967 0.000260193 0.000255074 0.000252576 0.000241638 0.000229104 0.000224239 0.000206574 0.000182276
threshold=0.0015685173936536621 0.0060991113624748079 0.00088710588841902076 0.003251021468619606 0.0058525663598974148 0.0018002173063090424 0.00058467844625117321 0.0027275666882357013 0.0026049057837776706 0.0029607861990862223 0.0029025973312238338 0.0011967701259586845 96960.01916666668 0.0018097431592316048 0.0018154974311617943 -0.024614492365034209 -0.0028446566791650581 0.0011967701259586845 102526.97325000002 91368.974250000014 104479.83100000001 104052.38275000002 0.52129235399782348 4.5000000000000009 0.5427771076169553 104832.13216666668 10.500000000000002 1.5000000000000002 106043.93000000002 61047.613000000005
decision_type=2 2 2 2 2 2 2 2 2 2 2 2 2 2 2 2 2 2 2 2 2 2 2 2 2 2 2 2 2 2
left_child=2 3 6 8 9 11 -1 18 12 28 17 27 13 -2 23 -6 -17 -7 -5 -18 -12 26 -19 25 -10 -8 -13 -4 -3 -29
right_child=1 4 5 7 15 10 14 -9 24 -11 20 21 -14 -15 -16 16 19 22 -20 -21 -22 -23 -24 -25 -26 -27 -28 29 -30 -31
leaf_value=-2.9940659224309077e-05 1.2771625361543789e-05 7.6298760282755189e-05 0 4.662534263014036e-05 0.00031888663709742738 0 -1.1404414385237461e-05 7.3357291030328115e-05 2.1444759359348974e-05 0.00012464594687420645 2.6608811239109271e-05 -1.5361777249914153e-06 9.5390584965848577e-06 3.0262112593730633e-05 -3.5419389063681326e-06 5.8442879782031061e-05 0.00030955824044890035 1.7595471002997712e-05 2.0583171300170503e-05 0 4.8139300919891936e-06 -6.3175060802388363e-06 5.5278780745088219e-06 -2.2011770536234685e-05 5.1836816057222973e-05 -1.9069942715840747e-05 7.1317624885321158e-06 -7.6923164681210872e-07 6.301771425040475e-06 -1.1243236191912771e-05
leaf_weight=20880 4137 1233 2014 5774 128 6472 10500 3038 746 1048 3683 4495 6180 6016 3344 136 95 3720 1332 20 1106 4029 4639 12091 1824 10563 5606 2292 138 19844
leaf_count=20880 4137 1233 2014 5774 128 6472 10500 3038 746 1048 3683 4495 6180 6016 3344 136 95 3720 1332 20 1106 4029 4639 12091 1824 10563 5606 2292 138 19844
internal_value=5.19426e-08 3.98537e-05 -1.09171e-05 3.25303e-05 0.000114805 -3.30962e-07 -2.15473e-05 5.1804e-05 2.20284e-05 9.57363e-05 1.02325e-05 -5.82352e-06 1.83584e-05 2.3431e-05 -1.66632e-05 0.000228539 0.000170409 6.16505e-06 4.21663e-05 0.000276591 2.2202e-05 1.14807e-07 1.12573e-05 -1.78962e-05 4.41833e-05 -1.53911e-05 2.97751e-06 -9.4222e-06 7.14421e-05 -1.02943e-05
internal_weight=147123 31845 115278 29047 2798 57900 57378 10144 18903 2419 19620 38280 16333 10153 36498 379 251 14831 7106 115 4789 14130 8359 33154 2570 21063 10101 24150 1371 22136
internal_count=147123 31845 115278 29047 2798 57900 57378 10144 18903 2419 19620 38280 16333 10153 36498 379 251 14831 7106 115 4789 14130 8359 33154 2570 21063 10101 24150 1371 22136
is_linear=0
shrinkage=0.03


Tree=10
num_leaves=31
num_cat=0
split_feature=11 14 12 14 11 12 14 12 12 14 14 12 14 12 5 12 16 9 5 18 12 5 5 14 5 6 18 22 22 11
split_gain=0.0673568 0.0179236 0.0135325 0.00667623 0.00515723 0.00319852 0.00290034 0.00196467 0.00167199 0.000731139 0.000726075 0.000711569 0.000705265 0.000560245 0.000549278 0.000548827 0.000590832 0.00042241 0.000388288 0.000360277 0.000334059 0.00030242 0.000295717 0.000295053 0.0002228 0.000195725 0.000194948 0.000193429 0.000496263 0.000208244
threshold=0.0015685173936536621 0.0065256621876576904 0.00097048197501637941 0.003475768497969912 0.0058525663598974148 0.00066415141549788163 0.001938778374721226 0.0027967959452666726 0.0025556141578734542 0.0034135138718754698 0.0018313997132282649 0.0013006225032707707 0.0018313997132282649 0.0029607861990862223 102755.016 0.0055426614884636852 0.55755733697149068 -0.010289236103241782 102533.40500000001 0.57263006560637619 0.00040998856650436769 103585.23400000001 106590.35300000002 0.0010095831020366119 104197.79800000002 94757.715000000011 0.60124127516386316 11.500000000000002 14.500000000000002 0.0017395785243959128
decision_type=2 2 2 2 2 2 2 2 2 2 2 2 2 2 2 2 2 2 2 2 2 2 2 2 2 2 2 2 2 2
left_child=2 3 5 8 13 20 11 18 10 19 -2 23 25 22 27 -6 -17 -9 -5 21 -1 -8 -3 -4 -13 -7 -11 -12 -29 -30
right_child=1 4 6 7 15 12 9 17 -10 26 14 24 -14 -15 -16 16 -18 -19 -20 -21 -22 -23 -24 -25 -26 -27 -28 28 29 -31
leaf_value=-3.4197703894852905e-05 8.9724546048746658e-06 8.0750843779030991e-05 -1.1599954863526305e-05 4.7647087309400493e-05 0.00012714315465468541 -1.1200892970817149e-05 1.8661414186490023e-05 0.00012465462888707721 4.3171980038493485e-05 3.9914391460487721e-05 1.758364286037349e-05 5.4831116070090805e-06 -1.6327475223524672e-06 0.00012334177388960193 8.817378325647154e-06 0 0.0003000044915006719 6.9201208890818492e-05 2.2259102456750327e-05 3.9524655544039441e-06 -2.4598978136832432e-05 2.4752571717774681e-07 0 -3.7616522622349468e-06 -3.9817049334019996e-06 -1.7028893942656705e-05 1.5729727652183372e-05 4.8032167578877312e-05 8.84975866953104e-06 2.8587636789984244e-05
leaf_weight=6380 5771 936 7442 5257 127 12680 4540 305 3202 1110 2882 7903 4644 854 2513 25 201 2484 1153 6879 23200 1385 100 14802 2758 20317 1238 1486 1133 3416
leaf_count=6380 5771 936 7442 5257 127 12680 4540 305 3202 1110 2882 7903 4644 854 2513 25 201 2484 1153 6879 23200 1385 100 14802 2758 20317 1238 1486 1133 3416
internal_value=5.59244e-08 3.86972e-05 -1.05925e-05 3.2363e-05 0.00012095 -1.92867e-05 1.50621e-06 5.38191e-05 2.25419e-05 1.24102e-05 1.8527e-05 -3.42369e-06 -1.33256e-05 9.84705e-05 2.30884e-05 0.000232751 0.000278746 7.63454e-05 4.35488e-05 9.23587e-06 -2.67708e-05 1.48635e-05 7.50632e-05 -6.51896e-06 2.75315e-06 -1.48803e-05 2.84417e-05 2.67738e-05 3.0665e-05 2.43314e-05
internal_weight=147123 31845 115278 29602 2243 67221 48057 9199 20403 15152 17201 32905 37641 1890 11430 353 226 2789 6410 12804 29580 5925 1036 22244 10661 32997 2348 8917 6035 4549
internal_count=147123 31845 115278 29602 2243 67221 48057 9199 20403 15152 17201 32905 37641 1890 11430 353 226 2789 6410 12804 29580 5925 1036 22244 10661 32997 2348 8917 6035 4549
is_linear=0
shrinkage=0.03


Tree=11
num_leaves=31
num_cat=0
split_feature=11 14 12 11 14 14 11 12 8 12 12 9 14 12 12 14 5 8 8 7 13 8 22 13 22 7 5 22 13 13
split_gain=0.0634956 0.0169391 0.0127494 0.00846467 0.00333765 0.00269123 0.00258288 0.00218176 0.0013318 0.00130839 0.00103011 0.000987929 0.000673452 0.000649646 0.000570219 0.000527743 0.000462396 0.000401507 0.000299882 0.000295607 0.000348597 0.000263782 0.000262188 0.000255905 0.0002433 0.000222793 0.000214081 0.00028609 0.000209256 0.000208127
threshold=0.0015685173936536621 0.0043061855351572186 0.00088710588841902076 0.0058525663598974148 0.0016667325101790244 0.0025208588776117111 0.0027125530599269015 0.00058467844625117321 54297.348166666678 0.0026049057837776706 0.0012246313557469693 -0.010289236103241782 0.0039053862841751429 0.001163993439904568 0.0017508597517799419 0.0011999666660307477 95660.98000000001 102733.53241666668 97184.52366666669 104052.38275000002 195.02999999999886 94292.886833333338 7.5000000000000009 218.91142857142799 1.5000000000000002 114458.91050000001 104197.79800000002 10.500000000000002 245.07857142857239 163.15999999999835
decision_type=2 2 2 2 2 2 2 2 2 2 2 2 2 2 2 2 2 2 2 2 2 2 2 2 2 2 2 2 2 2
left_child=2 5 7 6 13 14 -3 -1 -5 16 21 -8 19 24 -2 -9 23 -13 -16 20 22 29 -12 -7 -4 -11 27 -15 -18 -6
right_child=1 3 4 8 10 9 11 15 -10 25 12 17 -14 26 18 -17 28 -19 -20 -21 -22 -23 -24 -25 -26 -27 -28 -29 -30 -31
leaf_value=-2.8216490137563713e-05 7.7019899291056406e-06 4.8611942065243664e-05 0 0.00034579539824995301 3.8102341198965468e-06 2.5243472754879984e-05 0.00013100344704160938 -1.824919323506163e-05 0.00016297857148766932 5.5785791607693995e-05 0 8.2814283630335307e-05 4.2348360124685377e-05 -3.9982889009475388e-06 2.6726334637349224e-05 -9.7114834713118495e-06 0 2.5700869811725929e-05 1.1116643122171633e-05 1.5212854848498445e-06 2.4012850511073204e-05 -2.5533317149508972e-06 1.3965632197615722e-05 4.3197009458096185e-05 -1.0593459554456235e-05 0 -6.8609696893826765e-06 6.034028292840935e-06 2.2484355721064038e-05 2.5946550305006125e-05
leaf_weight=20880 5739 3480 1720 87 4577 2533 620 25191 403 2888 1845 2401 819 4599 4532 11307 678 283 2552 2434 2964 5773 4153 2987 18980 54 4130 5395 2608 511
leaf_count=20880 5739 3480 1720 87 4577 2533 620 25191 403 2888 1845 2401 819 4599 4532 11307 678 283 2552 2434 2964 5773 4153 2987 18980 54 4130 5395 2608 511
internal_value=6.26028e-08 3.75805e-05 -1.02755e-05 7.79954e-05 -2.91131e-07 2.54938e-05 6.86209e-05 -2.02985e-05 0.000201623 3.60662e-05 8.50257e-06 8.87856e-05 1.45104e-05 -6.2044e-06 1.55734e-05 -1.56865e-05 2.95159e-05 7.79111e-05 2.15267e-05 1.22461e-05 1.48241e-05 1.46951e-06 9.78288e-06 3.55026e-05 -9.60825e-06 5.46515e-05 -1.00331e-06 1.11722e-06 1.85453e-05 6.62351e-06
internal_weight=147123 31845 115278 7274 57900 24571 6784 57378 490 11748 23076 3304 12215 34824 12823 36498 8806 2684 7084 11396 8962 10861 5998 5520 20700 2942 14124 9994 3286 5088
internal_count=147123 31845 115278 7274 57900 24571 6784 57378 490 11748 23076 3304 12215 34824 12823 36498 8806 2684 7084 11396 8962 10861 5998 5520 20700 2942 14124 9994 3286 5088
is_linear=0
shrinkage=0.03


Tree=12
num_leaves=31
num_cat=0
split_feature=11 14 12 12 12 12 14 14 21 9 8 12 12 14 14 14 17 14 8 12 8 18 17 14 6 7 8 22 15 18
split_gain=0.0598315 0.0161584 0.0120329 0.0059193 0.004626 0.00284451 0.00274265 0.00260396 0.00131841 0.000852929 0.000655126 0.000648175 0.000636855 0.000634696 0.000600222 0.000486735 0.000475495 0.000452591 0.00041609 0.000326011 0.000373226 0.000311902 0.000309478 0.000303863 0.000261649 0.000237643 0.000203368 0.000192331 0.000182722 0.000176808
threshold=0.0015685173936536621 0.0065256621876576904 0.00097048197501637941 0.0027967959452666726 0.0055426614884636852 0.00066415141549788163 0.0025208588776117111 0.0020211444056914426 31.965288555132428 -0.0061577626442461111 102977.01016666669 0.0013006225032707707 0.0029607861990862223 0.0018313997132282649 0.0034135138718754698 0.0036026612828816162 0.5427771076169553 0.010000763090932951 55203.617250000003 0.0017508597517799419 97184.52366666669 0.54721507241676315 0.68874636167458847 0.0011074027849828844 106588.57350000001 104209.62550000001 58678.127000000008 10.500000000000002 0.61623644332143146 0.60124127516386316
decision_type=2 2 2 2 2 2 2 2 2 2 2 2 2 2 2 2 2 2 2 2 2 2 2 2 2 2 2 2 2 2
left_child=2 3 5 6 12 23 19 11 -6 -5 15 22 24 26 21 -8 -11 -14 -10 28 -21 -9 -4 -1 -3 27 -7 -13 -2 -16
right_child=1 4 7 9 8 13 10 14 18 16 -12 25 17 -15 29 -17 -18 -19 -20 20 -22 -23 -24 -25 -26 -27 -28 -29 -30 -31
leaf_value=-2.6668888356152271e-05 0 7.6297157542865043e-05 -1.1101254705762423e-05 9.5615166159923398e-05 0.00043066836231638999 0 2.9951826570336138e-05 1.5260289381630752e-05 0.00028474571208279733 2.5357754256673064e-05 1.7394478526625226e-05 0 9.3263147296045876e-05 -1.4097410350948543e-06 3.8048983012626559e-05 4.5961671867094419e-05 5.9683154940092627e-05 0.00016970470365548516 0.00011896209749390266 2.4623257238487643e-05 6.9868798281218618e-06 4.2847072835419292e-06 -3.1843996070428809e-06 -1.5821803479040452e-05 0 -4.1078352509259998e-06 -1.442539028373621e-05 9.2931224008400932e-06 1.1647914635979731e-05 1.4753575686717119e-05
leaf_weight=25373 2166 935 7329 771 49 1000 5593 4889 74 786 2377 3516 639 4644 1110 4815 3326 272 173 3935 2260 6474 15697 4207 101 2854 31997 4950 3573 1238
leaf_count=25373 2166 935 7329 771 49 1000 5593 4889 74 786 2377 3516 639 4644 1110 4815 3326 272 173 3935 2260 6474 15697 4207 101 2854 31997 4950 3573 1238
internal_value=6.90706e-08 3.6489e-05 -9.96576e-06 3.04681e-05 0.000114608 -1.81643e-05 2.43028e-05 1.43975e-06 0.000232482 6.10626e-05 3.41164e-05 -2.90173e-06 9.51356e-05 -1.25338e-05 1.25339e-05 3.7647e-05 5.38523e-05 0.000119395 0.000180866 1.35379e-05 1.86738e-05 9.27112e-06 -5.8346e-06 -2.52276e-05 7.08979e-05 2.799e-06 -1.40085e-05 5.48176e-06 7.47093e-06 2.70451e-05
internal_weight=147123 31845 115278 29602 2243 67221 24719 48057 296 4883 12785 34346 1947 37641 13711 10408 4112 911 247 11934 6195 11363 23026 29580 1036 11320 32997 8466 5739 2348
internal_count=147123 31845 115278 29602 2243 67221 24719 48057 296 4883 12785 34346 1947 37641 13711 10408 4112 911 247 11934 6195 11363 23026 29580 1036 11320 32997 8466 5739 2348
is_linear=0
shrinkage=0.03


Tree=13
num_leaves=31
num_cat=0
split_feature=11 12 11 11 12 11 15 8 12 16 15 13 15 7 13 7 13 22 22 13 9 6 13 23 15 10 13 13 12 7
split_gain=0.0564048 0.0147013 0.0113805 0.00498027 0.0029457 0.00264655 0.00204279 0.00194287 0.00149632 0.00142924 0.00116192 0.000792745 0.000761422 0.000670859 0.000948199 0.00061825 0.000744485 0.000533916 0.000779512 0.000526313 0.00051764 0.000505235 0.000576947 0.000458914 0.000408522 0.000391633 0.000321176 0.000318594 0.000312661 0.000286294
threshold=0.0015685173936536621 0.0029607861990862223 0.0009573843304783241 0.0058525663598974148 0.00066415141549788163 0.0021418491467050534 1.3006369404335958 54297.348166666678 0.0011703910390638078 0.8767445165569554 1.3123311713744725 512.53071428571491 0.63488078365358336 104052.38275000002 193.54928571428513 101558.93350000001 385.1092857142857 11.500000000000002 14.500000000000002 274.11749999999984 -0.002507389100344259 92492.717500000013 212.89214285714169 5.5000000000000009 1.4590355661972561 0.0023215199076758179 68.128214285714691 245.07857142857239 0.0016541918555672307 111827.65125000001
decision_type=2 2 2 2 2 2 2 2 2 2 2 2 2 2 2 2 2 2 2 2 2 2 2 2 2 2 2 2 2 2
left_child=2 5 4 6 26 12 19 11 24 -9 15 -5 28 14 17 16 -7 -10 23 -3 -6 22 -14 -19 -4 -22 -1 -23 -2 -12
right_child=1 3 8 7 20 10 -8 9 13 -11 29 -13 21 -15 -16 -17 -18 18 -20 -21 25 27 -24 -25 -26 -27 -28 -29 -30 -31
leaf_value=-2.7764057137969734e-05 0 1.5436431986031872e-05 -6.0090021743753974e-06 3.6609618835635752e-05 0 3.0936834583746326e-05 0.00012016205102501778 5.9801496874876332e-05 -1.008532452668259e-07 0.00019005168643604323 5.8989049020880014e-05 0.00040868089719425213 2.2124738582233364e-05 -9.9636079346406021e-07 2.2033821254729807e-05 1.1452062184067948e-05 6.6938688321621002e-05 4.3034978481681525e-05 6.4622624352889748e-06 6.4278429524674736e-05 -1.4956277386671851e-05 5.7785064011221765e-06 4.6364716153451474e-05 0 4.0549969787131746e-06 -7.5900146453188315e-06 -2.0029993796789488e-05 2.2608795562531384e-05 1.3912443808319772e-05 0
leaf_weight=16608 1966 389 16117 27 3390 5256 750 231 6315 261 2640 60 3760 6015 4665 1535 785 970 6005 3350 26437 2431 1743 180 4316 11288 12972 2969 3536 156
leaf_count=16608 1966 389 16117 27 3390 5256 750 231 6315 261 2640 60 3760 6015 4665 1535 785 970 6005 3350 26437 2431 1743 180 4316 11288 12972 2969 3536 156
internal_value=7.50032e-08 3.54372e-05 -9.66763e-06 8.25705e-05 -1.71579e-05 2.64041e-05 7.07222e-05 0.000169222 2.14232e-06 0.000135019 3.85408e-05 0.000327828 1.85477e-05 7.24044e-06 1.01378e-05 3.15124e-05 3.61127e-05 5.7951e-06 1.14181e-05 5.99999e-05 -1.18214e-05 2.33131e-05 3.03483e-05 3.46848e-05 -3.73638e-06 -1.28317e-05 -2.44739e-05 1.55878e-05 8.55873e-06 5.65103e-05
internal_weight=147123 31845 115278 5068 70695 26777 4489 579 44583 492 10372 87 16405 24150 18135 7576 6041 13470 7155 3739 41115 10903 5503 1150 20433 37725 29580 5400 5502 2796
internal_count=147123 31845 115278 5068 70695 26777 4489 579 44583 492 10372 87 16405 24150 18135 7576 6041 13470 7155 3739 41115 10903 5503 1150 20433 37725 29580 5400 5502 2796
is_linear=0
shrinkage=0.03


Tree=14
num_leaves=31
num_cat=0
split_feature=14 12 12 14 12 14 12 12 14 10 6 14 14 14 13 6 13 8 12 18 14 6 18 22 22 7 13 13 17 18
split_gain=0.0533407 0.0139244 0.0133889 0.00732393 0.00314266 0.00296537 0.0020104 0.00129353 0.00123301 0.000844414 0.000587579 0.000565435 0.000562372 0.000490773 0.000387589 0.000365918 0.000394629 0.00031786 0.000310959 0.000281889 0.000275042 0.000251539 0.00023861 0.000225013 0.000309785 0.000175055 0.000252404 0.00019443 0.000168147 0.000163362
threshold=0.0025208588776117111 0.0029607861990862223 0.0010883914604229172 0.010000763090932951 0.00067387288649492082 0.0040904923620247507 0.0016541918555672307 0.001484076398116922 0.004845076128747643 -0.024614492365034209 102756.68400000001 0.0011999666660307477 0.0013689863628979701 0.0014092786531486796 107.00535714285955 94383.402500000011 310.61000000000121 89334.455416666679 0.00042974967148308869 0.52129235399782348 0.0065256621876576904 104042.944 0.43183768324413518 11.500000000000002 14.500000000000002 94394.520750000011 166.47964285714212 101.10499999999958 0.70918707784910628 0.66189025595779449
decision_type=2 2 2 2 2 2 2 2 2 2 2 2 2 2 2 2 2 2 2 2 2 2 2 2 2 2 2 2 2 2
left_child=2 5 4 8 18 7 12 23 -3 -5 14 -6 28 -8 -7 16 -9 -10 -1 21 29 -14 -15 -2 -25 27 -27 -13 -4 -16
right_child=1 3 6 9 11 10 13 15 17 -11 -12 25 19 22 20 -17 -18 -19 -20 -21 -22 -23 -24 24 -26 26 -28 -29 -30 -31
leaf_value=-2.9972116189967397e-05 2.6582962745652516e-06 5.4661810815271353e-05 -6.9920201182158677e-06 0.00030428711560288684 -1.3835844178973414e-05 0 2.490241252097419e-06 2.8731451669571929e-05 0.00010936454191986328 0.00015591048250633579 2.1736851102593614e-05 -7.0887163649578215e-06 1.1625070344005705e-05 2.4443114482655533e-05 5.4995708664190777e-05 1.9160852681866507e-05 5.4678414109650434e-05 6.4755251144188046e-05 -2.1363749093599063e-05 3.6222270248032452e-07 7.3709173705029712e-05 0 1.2671169315860821e-05 2.5995213445965666e-05 5.8174805362013265e-06 -1.1426678736106885e-05 0 1.7408219184333395e-06 0 3.4667022879344698e-05
leaf_weight=7538 2976 2291 7080 130 27853 136 2623 5156 1101 297 1172 4566 5958 4494 2262 4109 979 691 23087 8927 922 2059 4920 1579 2113 8941 1820 3599 5866 1878
leaf_count=7538 2976 2291 7080 130 27853 136 2623 5156 1101 297 1172 4566 5958 4494 2262 4109 979 691 23087 8927 922 2059 4920 1579 2113 8941 1820 3599 5866 1878
internal_value=7.93732e-08 3.75301e-05 -8.61773e-06 8.60997e-05 -1.60227e-05 2.79924e-05 4.98151e-06 2.10893e-05 7.25942e-05 0.000208168 4.58482e-05 -1.10105e-05 7.07088e-07 1.53463e-05 5.07069e-05 2.79587e-05 3.33618e-05 9.38417e-05 -2.35807e-05 4.38817e-06 5.20498e-05 8.49685e-06 1.86097e-05 1.00858e-05 1.52601e-05 -6.69404e-06 -9.34754e-06 -2.82941e-06 -3.87906e-06 4.64998e-05
internal_weight=147123 27792 119331 4510 77404 23282 41927 16912 4083 427 6370 46779 29890 12037 5198 10244 6135 1792 30625 16944 5062 8017 9414 6668 3692 18926 10761 8165 12946 4140
internal_count=147123 27792 119331 4510 77404 23282 41927 16912 4083 427 6370 46779 29890 12037 5198 10244 6135 1792 30625 16944 5062 8017 9414 6668 3692 18926 10761 8165 12946 4140
is_linear=0
shrinkage=0.03


Tree=15
num_leaves=31
num_cat=0
split_feature=14 12 12 14 11 12 12 14 10 2 12 14 14 14 14 6 13 13 8 18 8 5 23 8 22 18 23 22 8 7
split_gain=0.050289 0.0131153 0.0126091 0.00689317 0.00304309 0.00295483 0.00189516 0.00115019 0.000754239 0.000714459 0.000626304 0.000534836 0.000529927 0.000459423 0.000446489 0.000443286 0.000446806 0.000300365 0.000280863 0.000264075 0.000254019 0.000237329 0.000221305 0.000289359 0.000230934 0.000220897 0.000206294 0.000206154 0.000204404 0.000181898
threshold=0.0025208588776117111 0.0029607861990862223 0.0010883914604229172 0.010000763090932951 0.0019111159753894189 0.00067387288649492082 0.0016541918555672307 0.004845076128747643 -0.024614492365034209 -0.0067560172787827213 0.0012457706065527143 0.0013496628139485017 0.0013689863628979701 0.0014092786531486796 0.0039934705201543639 94266.610000000015 364.82142857142964 68.128214285714691 89334.455416666679 0.52129235399782348 111017.18300000003 104197.79800000002 4.5000000000000009 104349.09433333334 1.5000000000000002 0.43183768324413518 1.0000000180025095e-35 22.500000000000004 61807.948916666683 112555.19900000001
decision_type=2 2 2 2 2 2 2 2 2 2 2 2 2 2 2 2 2 2 2 2 2 2 2 2 2 2 2 2 2 2
left_child=2 4 5 7 10 17 12 -3 -5 20 -2 22 -4 -8 -12 16 27 28 -9 21 -6 -14 23 24 -7 -15 -10 -11 -1 -17
right_child=1 3 6 8 9 11 13 18 26 15 14 -13 19 25 -16 29 -18 -19 -20 -21 -22 -23 -24 -25 -26 -27 -28 -29 -30 -31
leaf_value=-1.0247677708424847e-05 7.1530131583744932e-06 5.3022028010060283e-05 -3.7643492418047485e-06 0.00029516552249768293 6.3814606601518415e-05 6.387186479606718e-06 2.4155369362214645e-06 0.00010608390315906814 0.00022201156127820418 3.7887799675901945e-05 1.7780908056570579e-05 -5.550706899414802e-06 1.1231358875227478e-05 2.3709837349858427e-05 3.6796259553878686e-05 2.6447421482571646e-05 7.0294814462458822e-05 -1.874691783455366e-05 6.2812874915782138e-05 3.5135609458793389e-07 0 0 -1.7350491015978638e-05 -1.4805711295811547e-05 -8.4509624522305198e-06 1.2291041920549551e-05 9.6816381107147958e-05 0 -2.7189056190599323e-05 0
leaf_weight=1282 4453 2291 12946 130 1572 797 2623 1101 105 4367 6933 14609 6006 4494 1876 2871 667 13784 691 8927 119 2011 9506 10688 11179 4920 192 121 15559 303
leaf_count=1282 4453 2291 12946 130 1572 797 2623 1101 105 4367 6933 14609 6006 4494 1876 2871 667 13784 691 8927 119 2011 9506 10688 11179 4920 192 121 15559 303
internal_value=8.5539e-08 3.64498e-05 -8.35851e-06 8.3597e-05 2.71876e-05 -1.55449e-05 4.83718e-06 7.04606e-05 0.000202137 3.99019e-05 1.7355e-05 -1.06811e-05 6.84011e-07 1.49009e-05 2.21714e-05 3.53754e-05 4.17313e-05 -2.28762e-05 9.10769e-05 4.25982e-06 6.04198e-05 8.23767e-06 -1.29177e-05 -1.0926e-05 -7.21294e-06 1.80609e-05 0.000151235 3.68164e-05 -2.60776e-05 2.41064e-05
internal_weight=147123 27792 119331 4510 23282 77404 41927 4083 427 10020 13262 46779 29890 12037 8809 8329 5155 30625 1792 16944 1691 8017 32170 22664 11976 9414 297 4488 16841 3174
internal_count=147123 27792 119331 4510 23282 77404 41927 4083 427 10020 13262 46779 29890 12037 8809 8329 5155 30625 1792 16944 1691 8017 32170 22664 11976 9414 297 4488 16841 3174
is_linear=0
shrinkage=0.03


Tree=16
num_leaves=31
num_cat=0
split_feature=14 14 14 14 10 14 23 5 7 18 7 5 18 23 22 14 4 6 5 21 23 22 22 22 22 22 23 22 10 10
split_gain=0.0474095 0.0121461 0.00962493 0.00390235 0.00307638 0.00199501 0.00144847 0.000827023 0.000814755 0.000772848 0.000612807 0.000554504 0.000528814 0.00050059 0.000490109 0.000422126 0.000404405 0.000388446 0.000363908 0.000353361 0.0003258 0.000292311 0.00105728 0.000396474 0.000279932 0.00028033 0.000320503 0.000277719 0.000235814 0.000230928
threshold=0.0025208588776117111 0.0071272240979873324 0.0010506541082119154 0.0040904923620247507 -0.024614492365034209 0.0018313997132282649 4.5000000000000009 101014.69700000001 95906.310000000012 0.55096970026819003 104344.85225000001 104342.27700000002 0.46601103471945898 4.5000000000000009 11.500000000000002 0.010000763090932951 0.014584402253623454 104481.76100000001 88163.670000000027 89.358515528533715 4.5000000000000009 12.500000000000002 14.500000000000002 1.5000000000000002 11.500000000000002 14.500000000000002 4.5000000000000009 14.500000000000002 -0.0065625727423724847 0.0061799445646025805
decision_type=2 2 2 2 2 2 2 2 2 2 2 2 2 2 2 2 2 2 2 2 2 2 2 2 2 2 2 2 2 2
left_child=2 3 6 8 15 10 11 12 14 17 13 -1 -5 21 -2 -3 18 24 -6 -18 27 23 -23 -4 -7 26 -26 -16 -15 -24
right_child=1 4 5 7 16 9 -8 -9 -10 -11 -12 -13 -14 28 20 -17 19 -19 -20 -21 -22 22 29 -25 25 -27 -28 -29 -30 -31
leaf_value=-7.9131804181030109e-06 1.7416189566415287e-05 0.00011892390451739192 1.1021091094835329e-05 7.0374419288424768e-05 9.8428602214257411e-05 8.423312085815885e-06 -2.2666787430642442e-05 2.5157312930741625e-05 1.3715867410061379e-05 1.5626315689643987e-06 -8.9063702272580787e-06 -1.6630396160240187e-05 4.5700571470493837e-05 1.6367529885467577e-05 4.8652248703168941e-05 0.00028510022602936058 0.0001510396278106318 9.314411763750383e-07 4.6290992277789916e-05 0 1.1625935974007081e-05 3.3908719109212608e-05 -7.393623387378138e-07 -3.769203441013713e-06 4.4916310654897614e-05 1.6288542641178655e-05 0 2.9778231012027238e-05 -9.0258540039886666e-06 1.4212465372022948e-05
leaf_weight=14451 3918 112 1842 1948 677 3194 25353 1540 7245 10355 14242 15837 4039 264 1812 132 276 2177 511 29 981 1045 6069 11463 916 3446 177 4572 7449 1051
leaf_count=14451 3918 112 1842 1948 677 3194 25353 1540 7245 10355 14242 15837 4039 264 1812 132 276 2177 511 29 981 1045 6069 11463 916 3446 177 4572 7449 1051
internal_value=8.9274e-08 3.53976e-05 -8.10887e-06 3.01192e-05 0.00011284 -9.79024e-08 -1.72248e-05 4.86815e-05 2.24162e-05 7.62578e-06 -3.77138e-06 -1.25703e-05 5.42309e-05 -1.16256e-06 2.77367e-05 0.000221193 9.31095e-05 1.36584e-05 7.85332e-05 0.000140008 3.28194e-05 1.07054e-06 5.6202e-06 -1.49603e-06 1.68533e-05 2.2124e-05 3.77745e-05 3.56059e-05 -7.76754e-06 1.04654e-06
internal_weight=147123 27792 119331 26055 1737 63690 55641 7527 18528 20265 43425 30288 5987 29183 11283 244 1493 9910 1188 305 7365 21470 8165 13305 7733 4539 1093 6384 7713 7120
internal_count=147123 27792 119331 26055 1737 63690 55641 7527 18528 20265 43425 30288 5987 29183 11283 244 1493 9910 1188 305 7365 21470 8165 13305 7733 4539 1093 6384 7713 7120
is_linear=0
shrinkage=0.03


Tree=17
num_leaves=31
num_cat=0
split_feature=11 11 14 13 14 10 12 5 8 12 14 5 13 14 17 13 8 8 17 14 23 8 13 5 13 13 5 13 17 7
split_gain=0.0453878 0.0137575 0.00967821 0.00409123 0.0031485 0.00231873 0.00231102 0.00148158 0.00133629 0.000914365 0.000759629 0.000546696 0.000678813 0.000533564 0.000473184 0.00040915 0.000792042 0.000408697 0.000396066 0.000375011 0.000310196 0.000284999 0.000470724 0.000284039 0.00035852 0.000350139 0.000269023 0.000252903 0.000246959 0.000225625
threshold=0.0019111159753894189 0.0009573843304783241 0.0080305264588041141 427.49464285714259 0.0023195248687987165 -0.024614492365034209 0.0006328544146404579 96746.147000000012 89334.455416666679 0.0011703910390638078 0.0027942400145189142 104479.83100000001 193.54928571428513 0.0016548147368629334 1.186926133703438 290.95500000000123 78734.136000000013 55203.617250000003 0.64985120064188251 0.001388556565732282 4.5000000000000009 103724.92450000001 212.89214285714169 94910.29700000002 103.06321428571393 165.317857142858 91069.103000000017 310.61000000000121 1.5922917742294358 114275.52125000002
decision_type=2 2 2 2 2 2 2 2 2 2 2 2 2 2 2 2 2 2 2 2 2 2 2 2 2 2 2 2 2 2
left_child=1 6 3 7 9 -4 -1 10 18 -3 -2 12 20 23 27 -7 -17 -12 -5 -11 28 22 -21 24 -8 -25 -14 -9 -6 -10
right_child=2 4 5 8 11 15 13 14 29 19 17 -13 26 -15 -16 16 -18 -19 -20 21 -22 -23 -24 25 -26 -27 -28 -29 -30 -31
leaf_value=-2.2562147902200421e-05 2.5354007517203055e-05 -5.0624590815650806e-06 0.00023711058800545437 3.9185461761240171e-05 9.6501154733721607e-06 3.9886726845326606e-05 -1.1249584888039567e-05 0 5.4768090673757106e-05 -4.4305549710979047e-07 9.673123649626019e-05 4.0596926016312141e-06 3.9483009367890389e-05 -2.7606297465737251e-06 3.0181198309642051e-05 0.00018561615905005803 8.5880490716917348e-05 4.1359141419263718e-05 0.00011566240896622172 5.7110842092216033e-06 0 0 2.1865451415456388e-05 -1.5683555643976324e-05 0 0 2.0631651991992181e-05 1.5325842505640858e-05 2.5410775839554418e-05 0
leaf_weight=26100 4548 17259 192 209 3789 210 11603 1479 1739 9200 211 3234 1847 6806 1510 195 514 6732 775 8648 1254 3632 2332 21647 3334 1205 3078 1847 1890 104
leaf_count=26100 4548 17259 192 209 3789 210 11603 1479 1739 9200 211 3234 1847 6806 1510 195 514 6732 775 8648 1254 3632 2332 21647 3334 1205 3078 1847 1890 104
internal_value=9.54174e-08 -6.544e-06 4.18058e-05 3.65929e-05 4.49885e-06 0.000128966 -1.53593e-05 3.04974e-05 7.07333e-05 1.19287e-07 3.65645e-05 1.62184e-05 1.92814e-05 -1.10764e-05 1.54603e-05 0.000103085 0.000117564 4.34754e-05 0.000102473 4.00102e-06 1.24339e-05 7.00439e-06 9.41544e-06 -1.24948e-05 -8.7581e-06 -1.48059e-05 2.83112e-05 7.87436e-06 1.5424e-05 5.21547e-05
internal_weight=147123 126858 20265 19154 56163 1111 70695 16327 2827 41071 11491 15092 11858 44595 4836 919 709 6943 984 23812 6933 14612 10980 37789 14937 22852 4925 3326 5679 1843
internal_count=147123 126858 20265 19154 56163 1111 70695 16327 2827 41071 11491 15092 11858 44595 4836 919 709 6943 984 23812 6933 14612 10980 37789 14937 22852 4925 3326 5679 1843
is_linear=0
shrinkage=0.03


Tree=18
num_leaves=31
num_cat=0
split_feature=11 14 12 11 14 14 11 12 8 9 12 13 12 12 11 17 17 8 8 7 22 22 23 8 8 16 22 23 13 13
split_gain=0.0427973 0.0129146 0.00760128 0.00623705 0.00228495 0.00224046 0.0018276 0.0010239 0.00100512 0.000797918 0.000792658 0.00071376 0.000617605 0.000616944 0.000478398 0.000465475 0.000389863 0.00034057 0.000267957 0.000243565 0.0002484 0.000648511 0.000371669 0.000233312 0.000224044 0.000214569 0.000198153 0.000181523 0.000179691 0.000178458
threshold=0.0014828742375436305 0.0043061855351572186 0.00078443611882360288 0.0058525663598974148 0.0016548147368629334 0.00249334913266715 0.0027125530599269015 0.0023257464258486234 54297.348166666678 -0.010289236103241782 0.00057886845913148518 512.53071428571491 0.001163993439904568 0.0012246313557469693 0.0019341183297206246 0.77589932164458897 1.5922917742294358 102733.53241666668 102977.01016666669 104052.38275000002 11.500000000000002 14.500000000000002 4.5000000000000009 113022.44016666668 96960.01916666668 0.49388749050620512 1.5000000000000002 4.5000000000000009 170.78999999999934 101.72928571428619
decision_type=2 2 2 2 2 2 2 2 2 2 2 2 2 2 2 2 2 2 2 2 2 2 2 2 2 2 2 2 2 2
left_child=2 5 10 6 12 14 -3 18 11 -8 -1 -5 26 16 25 -10 -6 -11 -7 20 -15 22 -22 -9 -16 -2 -4 -18 -28 -12
right_child=1 3 4 8 13 7 9 23 15 17 29 -13 -14 19 24 -17 27 -19 -20 -21 21 -23 -24 -25 -26 -27 28 -29 -30 -31
leaf_value=-2.3302427251297812e-05 0 3.9572587749004671e-05 0 2.0002398008546814e-05 -2.7291094431329252e-06 2.460867183562872e-05 0.00011129974676992874 4.1527576277159148e-05 2.4901177431375901e-05 6.7761441595757849e-05 -1.6698536197479878e-05 0.00037375812368396164 -8.3513561223604719e-07 5.34886286951882e-06 2.3835284397034187e-05 0.00015690539574269257 1.203498399878196e-05 1.5792409497618856e-05 8.6504478785298043e-06 1.4172994168270372e-07 5.3497668139332061e-05 1.1531186065350573e-05 0 0 8.2549537615355078e-06 9.3987040934272712e-06 -1.0383950231940737e-05 -5.7377063775335906e-07 0 -9.808884150767514e-06
leaf_weight=20300 2684 3677 2642 27 9140 6516 620 4587 89 2401 16731 60 12667 3251 3433 314 3096 283 1861 2144 660 3746 160 117 2048 7181 26212 895 1972 7609
leaf_count=20300 2684 3677 2642 27 9140 6516 620 4587 89 2401 16731 60 12667 3251 3433 314 3096 283 1861 2144 660 3746 160 117 2048 7181 26212 895 1972 7609
internal_value=9.93473e-08 2.86004e-05 -9.07246e-06 6.38741e-05 -2.59851e-06 1.92243e-05 5.59657e-05 2.84976e-05 0.000170389 7.32998e-05 -1.86618e-05 0.000298564 -6.67745e-06 4.95414e-06 1.11241e-05 0.000135209 4.41974e-07 6.34003e-05 2.14217e-05 1.0601e-05 1.30859e-05 1.79375e-05 4.35402e-05 4.046e-05 1.85612e-05 6.68781e-06 -8.98085e-06 8.4558e-06 -9.72337e-06 -1.4668e-05
internal_weight=147123 35898 111225 7471 66585 28427 6981 13081 490 3304 44640 87 43493 23092 15346 403 13131 2684 8377 9961 7817 4566 820 4704 5481 9865 30826 3991 28184 24340
internal_count=147123 35898 111225 7471 66585 28427 6981 13081 490 3304 44640 87 43493 23092 15346 403 13131 2684 8377 9961 7817 4566 820 4704 5481 9865 30826 3991 28184 24340
is_linear=0
shrinkage=0.03


Tree=19
num_leaves=31
num_cat=0
split_feature=11 11 14 12 14 13 12 5 21 12 18 6 14 14 15 17 14 6 13 18 5 13 11 5 13 13 14 16 12 9
split_gain=0.0404169 0.012253 0.00877896 0.00322507 0.002801 0.00254645 0.00203284 0.0012133 0.00107247 0.000803009 0.000592663 0.000535134 0.000511285 0.000509445 0.0004928 0.000370619 0.000340394 0.0003365 0.000398361 0.000321848 0.00032107 0.000265008 0.000255797 0.000227226 0.000294626 0.000218979 0.000206951 0.000340291 0.000203035 0.000196893
threshold=0.0019111159753894189 0.0009573843304783241 0.0065256621876576904 0.0055426614884636852 0.0023195248687987165 427.49464285714259 0.00061714541995509309 96746.147000000012 31.965288555132428 0.0011703910390638078 0.65806083733307907 88680.911500000017 0.0027942400145189142 0.0013496628139485017 0.33936817083548215 1.1996303199658798 0.001388556565732282 91366.749000000025 245.07857142857239 0.52129235399782348 113031.06300000001 286.4600000000018 0.0014828742375436305 104197.79800000002 186.6164285714305 310.61000000000121 0.010000763090932951 1.3120194920277657 0.0023639421582986719 -0.0030396839411329086
decision_type=2 2 2 2 2 2 2 2 2 2 2 2 2 2 2 2 2 2 2 2 2 2 2 2 2 2 2 2 2 2
left_child=1 6 5 20 9 7 -1 12 -5 -3 17 14 -2 -8 -7 25 -11 -6 -19 23 21 -4 -12 24 -18 -9 -23 -28 -13 -15
right_child=2 4 3 8 10 11 13 15 -10 16 22 28 -14 29 -16 -17 19 18 -20 -21 -22 26 -24 -25 -26 -27 27 -29 -30 -31
leaf_value=-2.1620268324167084e-05 2.3836579979549562e-05 -4.7289695831744238e-06 4.6159821410560158e-05 0.00037675196535376994 2.7893719671490579e-05 0 -1.2671116171524667e-05 0 0.00014919712436021625 -4.5775521601616372e-07 1.9322416974158244e-06 0 3.9566320927321759e-05 4.2714103129556984e-06 9.4321381787767356e-05 2.7961851377696243e-05 6.4431487091822855e-06 4.1153243212989059e-06 2.5017559946135162e-05 1.612851459964645e-06 0 7.7143263891140605e-05 1.470250393667273e-05 0 2.2049691593793283e-05 1.4136945176732421e-05 0 0.00014247703398991959 5.0541187183255349e-05 -6.5715798585576478e-06
leaf_weight=24360 4548 17259 458 49 4083 64 33562 1499 247 9200 3801 109 6437 1389 738 1347 3199 2427 1702 7206 47 1016 3079 1637 2570 1856 25 283 1542 11384
leaf_count=24360 4548 17259 458 49 4083 64 33562 1499 247 9200 3801 109 6437 1389 738 1347 3199 2427 1702 7206 47 1016 3079 1637 2570 1856 25 283 1542 11384
internal_value=1.01903e-07 -6.16225e-06 3.94631e-05 9.78615e-05 4.25703e-06 3.24562e-05 -1.44822e-05 2.76612e-05 0.000197113 1.21971e-07 1.53112e-05 6.1895e-05 3.33273e-05 -1.06646e-05 8.73711e-05 1.37853e-05 3.76394e-06 2.10011e-05 1.34583e-05 6.62729e-06 8.01488e-05 8.21913e-05 8.08348e-06 1.11012e-05 1.39159e-05 7.19871e-06 9.23852e-05 0.000132885 4.76981e-05 -5.15757e-06
internal_weight=147123 126858 20265 2125 56163 18140 70695 15687 296 41071 15092 2453 10985 46335 802 4702 23812 8212 4129 14612 1829 1782 6880 7406 5769 3355 1324 308 1651 12773
internal_count=147123 126858 20265 2125 56163 18140 70695 15687 296 41071 15092 2453 10985 46335 802 4702 23812 8212 4129 14612 1829 1782 6880 7406 5769 3355 1324 308 1651 12773
is_linear=0
shrinkage=0.03


Tree=20
num_leaves=31
num_cat=0
split_feature=11 11 14 14 14 12 10 11 12 12 18 9 7 4 7 14 5 4 7 5 21 5 12 23 11 4 5 17 22 9
split_gain=0.0380979 0.0115473 0.00832186 0.00306988 0.00255601 0.00203288 0.00198887 0.00108526 0.00069473 0.000685742 0.000613705 0.000609523 0.000572497 0.00049085 0.000536002 0.000463498 0.000417037 0.000350032 0.000346357 0.00032379 0.000310373 0.000310231 0.000267853 0.000260246 0.000249867 0.000218735 0.000215066 0.000214527 0.000199185 0.000188117
threshold=0.0019111159753894189 0.00097375596383162137 0.0080305264588041141 0.0037471866728264903 0.0022977264447584566 0.00067387288649492082 -0.024614492365034209 0.0047647750666872527 0.0013006225032707707 0.0026049057837776706 0.65806083733307907 -0.010289236103241782 97069.402750000023 0.0084163451214766 80946.777000000016 0.0013496628139485017 101014.69700000001 0.014584402253623454 88676.621000000014 104479.83100000001 89.358515528533715 104197.79800000002 0.00040998856650436769 2.5000000000000004 0.0014828742375436305 0.0025576109982989874 94910.29700000002 0.72919132430878764 22.500000000000004 -0.0030396839411329086
decision_type=2 2 2 2 2 2 2 2 2 2 2 2 2 2 2 2 2 2 2 2 2 2 2 2 2 2 2 2 2 2
left_child=1 5 3 9 8 22 -4 11 -3 12 19 -5 27 14 -9 26 -13 18 -8 23 -19 25 -1 -6 -12 -10 -7 -2 -29 -17
right_child=2 4 6 7 10 15 17 13 21 -11 24 16 -14 -15 -16 29 -18 20 -20 -21 -22 -23 -24 -25 -26 -27 -28 28 -30 -31
leaf_value=-2.6356117613987431e-05 1.3230772145490054e-05 -3.0987794420062812e-06 0.00022021878426380076 7.477953980352585e-05 3.0154254082250614e-05 -7.7155819192411109e-06 9.822716182796156e-05 0.00011828445603026945 3.5914550690603839e-06 3.704494612551667e-05 1.4746072944332341e-06 4.4684320169458472e-05 7.1090130477961886e-06 0.00015582921305647517 2.3908505185674505e-05 5.2101696694953267e-06 1.7707454320762165e-05 0.00015999867711874037 3.2423330860654051e-05 5.7879866114361205e-06 0 -1.7916662852971848e-06 -1.7924389154204832e-05 1.5171415502877794e-05 1.3985192933096407e-05 1.2439946529132748e-05 -1.3852443250932566e-05 3.0838520300101098e-05 0 -5.6033565616444022e-06
leaf_weight=6380 1911 22321 192 787 3602 11553 408 143 7866 3036 3807 4821 3165 159 277 1378 1028 192 299 1606 20 3965 24360 3113 3131 5015 17550 3702 125 11211
leaf_count=6380 1911 22321 192 787 3602 11553 408 143 7866 3036 3807 4821 3165 159 277 1378 1028 192 299 1606 20 3965 24360 3113 3131 5015 17550 3702 125 11211
internal_value=1.07811e-07 -5.97337e-06 3.83236e-05 3.34747e-05 4.42644e-06 -1.38293e-05 0.00011921 4.93182e-05 2.90193e-07 2.36486e-05 1.48467e-05 4.498e-05 1.8743e-05 9.38421e-05 6.32029e-05 -9.37564e-06 4.04562e-05 9.48208e-05 7.4649e-05 2.05676e-05 0.000147881 4.95867e-06 -1.9772e-05 2.36555e-05 7.55293e-06 7.26944e-06 -1.15194e-05 2.46371e-05 2.95485e-05 -4.18137e-06
internal_weight=147123 126858 20265 19154 54426 72432 1111 7215 39167 11939 15259 6636 8903 579 420 41692 5849 919 707 8321 212 16846 30740 6715 6938 12881 29103 5738 3827 12589
internal_count=147123 126858 20265 19154 54426 72432 1111 7215 39167 11939 15259 6636 8903 579 420 41692 5849 919 707 8321 212 16846 30740 6715 6938 12881 29103 5738 3827 12589
is_linear=0
shrinkage=0.03


Tree=21
num_leaves=31
num_cat=0
split_feature=11 14 11 13 11 14 13 14 8 7 13 8 5 7 13 5 16 8 13 7 5 13 13 16 5 13 14 8 13 16
split_gain=0.0359477 0.0101347 0.00724631 0.00374122 0.00297272 0.00155658 0.00141212 0.00137408 0.00116615 0.00061465 0.000572282 0.000640001 0.000561565 0.000537816 0.000498072 0.0010694 0.000644016 0.000488391 0.000474643 0.000445807 0.000380131 0.000328756 0.000323405 0.000302047 0.000298504 0.000314284 0.000290788 0.000281976 0.000489092 0.000256931
threshold=0.0015685173936536621 0.0065256621876576904 0.00089959900194112625 364.82142857142964 0.0058525663598974148 0.0023195248687987165 104.31214285714201 0.0025208588776117111 89334.455416666679 61866.758750000015 170.78999999999934 94292.886833333338 94268.243000000017 94394.520750000011 512.53071428571491 79737.946000000011 0.62371684512327752 103914.93508333334 63.522857142856346 113271.56675000001 105657.97600000001 165.317857142858 290.95500000000123 1.1995268900092493 104479.83100000001 112.94535714285719 0.003475768497969912 96960.01916666668 207.43535714285778 0.32438833811845252
decision_type=2 2 2 2 2 2 2 2 2 2 2 2 2 2 2 2 2 2 2 2 2 2 2 2 2 2 2 2 2 2
left_child=2 3 6 7 20 10 9 27 29 -1 11 -4 -9 -8 -6 16 -16 -12 -11 -10 22 -15 -3 -17 25 -7 -27 28 -2 -5
right_child=1 4 5 8 14 24 13 12 19 18 17 -13 -14 21 15 23 -18 -19 -20 -21 -22 -23 -24 -25 -26 26 -28 -29 -30 -31
leaf_value=-5.658108634903812e-06 6.884654870717843e-06 4.4376745273727555e-05 -5.2572486307839188e-08 0 8.5165062473116471e-06 0 4.0052286160829379e-06 3.063850486176888e-05 3.9158838041020321e-05 -2.31446331821682e-05 9.8963873188454598e-06 -9.2876976453188807e-06 1.5250901916649312e-05 -1.0739847469923727e-05 0 3.1619105901076621e-05 0.00035126860473263133 -1.8725461269854761e-06 -1.5630404846583216e-05 0 1.8851300231855675e-06 3.3876417277853239e-06 8.9139952519417075e-05 0.00017210156510539236 7.8063608150891116e-07 1.2236997426100287e-05 2.9821576006191052e-05 3.9665219480202818e-06 2.3637017834459032e-05 7.3811026448661975e-05
leaf_weight=4455 4302 542 16141 80 50 1246 2909 8281 3134 14970 5784 12500 4192 14526 23 89 80 6302 26161 292 149 1305 1199 111 2462 4992 1525 4486 3327 1508
leaf_count=4455 4302 542 16141 80 50 1246 2909 8281 3134 14970 5784 12500 4192 14526 23 89 80 6302 26161 292 149 1305 1199 111 2462 4992 1525 4486 3327 1508
internal_value=1.1307e-07 2.83474e-05 -7.66051e-06 2.35512e-05 9.03042e-05 7.34791e-07 -1.4357e-05 1.85337e-05 4.75567e-05 -1.72551e-05 -1.82937e-06 -4.18789e-06 2.57076e-05 -7.14699e-06 0.000176539 0.000194356 0.000300402 3.51153e-06 -1.84383e-05 3.58555e-05 7.26022e-05 -9.38576e-06 7.69309e-05 0.000124626 1.12414e-05 1.41725e-05 1.68126e-05 1.09001e-05 1.45838e-05 7.09085e-05
internal_weight=147123 31845 115278 29602 2243 50952 64326 24588 5014 45586 40727 28641 12473 18740 353 303 103 12086 41131 3426 1890 15831 1741 200 10225 7763 6517 12115 7629 1588
internal_count=147123 31845 115278 29602 2243 50952 64326 24588 5014 45586 40727 28641 12473 18740 353 303 103 12086 41131 3426 1890 15831 1741 200 10225 7763 6517 12115 7629 1588
is_linear=0
shrinkage=0.03


Tree=22
num_leaves=31
num_cat=0
split_feature=12 13 12 8 17 12 8 17 9 7 13 8 17 8 13 8 7 8 22 10 22 22 10 17 3 13 7 12 13 16
split_gain=0.0340063 0.00888635 0.00752256 0.0031021 0.00268704 0.00163246 0.00153002 0.00151929 0.00144643 0.00124932 0.00158213 0.000961748 0.000766274 0.000664425 0.000637518 0.000708615 0.000551931 0.000533327 0.000481732 0.000658766 0.000475056 0.000690657 0.000445377 0.00044072 0.000403345 0.000351388 0.000349126 0.000310163 0.000270695 0.00026711
threshold=0.0016541918555672307 411.77428571428601 0.00098630455262128133 89334.455416666679 1.7708463051520575 0.00058467844625117321 54297.348166666678 1.2816647016339513 -0.014663343093056056 96331.426500000016 214.84321428571539 91301.439666666673 0.64985120064188251 59327.601250000007 171.84821428571459 94292.886833333338 91051.017500000016 55203.617250000003 12.500000000000002 -0.024614492365034209 11.500000000000002 14.500000000000002 -0.024614492365034209 1.6720799824281329 -0.020197045047089853 97.837857142857374 57726.448750000003 0.0012617436421484541 245.07857142857239 0.45684742782013527
decision_type=2 2 2 2 2 2 2 2 2 2 2 2 2 2 2 2 2 2 2 2 2 2 2 2 2 2 2 2 2 2
left_child=2 4 5 6 9 -1 18 14 11 10 13 -5 -8 -2 15 25 -16 -12 19 -3 -9 -22 -13 -7 -6 -4 -27 -23 -18 -19
right_child=1 3 7 8 24 23 12 20 -10 -11 17 22 -14 -15 16 -17 28 29 -20 -21 21 27 -24 -25 -26 26 -28 -29 -30 -31
leaf_value=-2.0617266475526899e-05 2.6766415830437332e-05 0.0002284213397985851 -7.4265338260081557e-06 0 0.0001471029425874968 -1.1219698971584463e-05 2.5196212869314227e-05 4.1648766145583707e-06 3.9740271874334442e-05 8.7662299794297909e-06 9.1638564248484598e-05 0.00024376531874789069 0.00010557503601960642 4.661815565065067e-06 1.8282576451581329e-05 -1.0146113969283735e-05 -1.8426334972503176e-07 1.4487605554800253e-05 0.00036828696693325829 0 3.0443714469209462e-05 -8.3258039195828183e-07 4.9392407289645523e-05 -5.4096790035079648e-07 5.246189356884828e-05 2.2916768552652968e-05 1.2756178551376458e-06 1.689781703006766e-05 1.2108855873674123e-05 3.3159588595225089e-05
leaf_weight=20880 1975 25 3904 49 83 43652 232 4411 2341 7685 184 77 1164 4445 2184 9446 10027 1432 42 40 2522 1437 69 4426 1700 758 10592 1523 1832 7986
leaf_count=20880 1975 25 3904 49 83 43652 232 4411 2341 7685 184 77 1164 4445 2184 9446 10027 1432 42 40 2522 1437 69 4426 1700 758 10592 1523 1832 7986
internal_value=1.17995e-07 2.89205e-05 -7.0891e-06 7.06072e-05 2.21971e-05 -1.34668e-05 0.000106502 1.89184e-06 4.81471e-05 1.93356e-05 2.4218e-05 0.000133624 9.43686e-05 1.19295e-05 -7.14514e-07 -3.68219e-06 4.29164e-06 3.21215e-05 0.000236561 0.000104927 1.2402e-05 1.84825e-05 0.000172535 -1.0299e-05 5.8558e-05 1.2395e-07 2.98541e-06 7.27697e-06 1.46192e-06 3.06392e-05
internal_weight=147123 29529 117594 4039 25490 68958 1503 48636 2536 23707 16022 195 1396 6420 38743 24700 14043 9602 107 65 9893 5482 146 48078 1783 15254 11350 2960 11859 9418
internal_count=147123 29529 117594 4039 25490 68958 1503 48636 2536 23707 16022 195 1396 6420 38743 24700 14043 9602 107 65 9893 5482 146 48078 1783 15254 11350 2960 11859 9418
is_linear=0
shrinkage=0.03


Tree=23
num_leaves=31
num_cat=0
split_feature=11 12 14 12 14 12 10 17 9 5 14 17 10 11 5 5 23 6 4 4 7 23 18 21 14 5 23 22 5 22
split_gain=0.0321585 0.00970542 0.00721979 0.0026518 0.00225816 0.00181022 0.0017169 0.000945574 0.000626591 0.000567342 0.000555052 0.000515457 0.000431804 0.000622824 0.000423894 0.000342272 0.000306249 0.000299211 0.000293568 0.000287754 0.000313838 0.00028525 0.000279792 0.000278293 0.000277557 0.000260952 0.000282265 0.000248777 0.000224148 0.000218722
threshold=0.0019111159753894189 0.0010339543827128901 0.0080305264588041141 0.0027967959452666726 0.0023195248687987165 0.00068833227972874011 -0.024614492365034209 1.1606603135076121 -0.0061577626442461111 96746.147000000012 0.0013689863628979701 1.6720799824281329 0.019598572867528089 0.0042243004849999285 93337.628000000012 107979.65400000002 4.5000000000000009 102756.68400000001 -0.0058111761801177267 0.014584402253623454 88676.621000000014 4.5000000000000009 0.52129235399782348 89.358515528533715 0.003475768497969912 104342.27700000002 4.5000000000000009 12.500000000000002 104197.79800000002 22.500000000000004
decision_type=2 2 2 2 2 2 2 2 2 2 2 2 2 2 2 2 2 2 2 2 2 2 2 2 2 2 2 2 2 2
left_child=1 5 3 7 10 16 -4 9 -5 -2 -3 25 -10 -14 21 -15 -1 18 -9 20 -8 24 28 -21 -6 26 -7 -20 -12 -29
right_child=2 4 6 8 14 11 19 17 12 -11 22 -13 13 15 -16 -17 -18 -19 27 23 -22 -23 -24 -25 -26 -27 -28 29 -30 -31
leaf_value=-1.3396279126854138e-05 2.2863283277935886e-05 -3.3550404666921184e-06 0.00020529535254783831 7.6132763987528672e-05 1.6928557401551674e-05 -4.2905272660136824e-06 9.0695714425620684e-05 5.4727364519832179e-05 3.7728832529878758e-05 5.7648803682724494e-06 9.8876662142747773e-06 1.6639326727924597e-06 4.0663414822898898e-05 0.00016342080339617118 8.4251947525622874e-06 0 -2.0460179728193951e-05 1.5109639658785367e-05 9.7832366112155459e-06 0.00014874662755901908 2.790590925284185e-05 1.8615154443986567e-06 1.6089799556782595e-07 0 3.405944145254659e-05 -1.2659205813501496e-05 -1.183862910215489e-05 4.0790768095144692e-05 0 0
leaf_weight=12399 6288 17504 192 957 4439 15292 408 1326 3709 3157 7830 3818 336 117 6801 25 20081 977 740 192 299 1031 10718 20 1849 14729 7850 1451 2517 71
leaf_count=12399 6288 17504 192 957 4439 15292 408 1326 3709 3157 7830 3818 336 117 6801 25 20081 977 740 192 299 1031 10718 20 1849 14729 7850 1451 2517 71
internal_value=1.2345e-07 -5.46196e-06 3.52358e-05 3.07053e-05 4.34097e-06 -1.24663e-05 0.000110632 2.3529e-05 4.96664e-05 1.74659e-05 5.02348e-07 -8.19522e-06 4.2899e-05 7.67254e-05 1.46137e-05 0.000140855 -1.7856e-05 3.54158e-05 4.01084e-05 8.75708e-05 6.83914e-05 1.99541e-05 3.85007e-06 0.000137326 2.24435e-05 -9.26839e-06 -6.98059e-06 3.02105e-05 7.38154e-06 3.817e-05
internal_weight=147123 126858 20265 19154 52689 74169 1111 14010 5144 9445 38569 41689 4187 478 14120 142 32480 4565 3588 919 707 7319 21065 212 6288 37871 23142 2262 10347 1522
internal_count=147123 126858 20265 19154 52689 74169 1111 14010 5144 9445 38569 41689 4187 478 14120 142 32480 4565 3588 919 707 7319 21065 212 6288 37871 23142 2262 10347 1522
is_linear=0
shrinkage=0.03


Tree=24
num_leaves=31
num_cat=0
split_feature=12 14 11 11 13 14 12 5 13 7 12 6 12 13 7 5 7 1 15 13 7 15 13 7 7 13 13 16 14 3
split_gain=0.03039 0.00884772 0.00678738 0.00327313 0.00188426 0.00149298 0.0014823 0.00106085 0.000955004 0.000691207 0.000587606 0.000568166 0.000542395 0.000485044 0.00043833 0.000422031 0.000401677 0.000304397 0.000301784 0.00025897 0.000305166 0.000255626 0.000249157 0.000309374 0.000231644 0.000227618 0.000211103 0.000208635 0.000201234 0.000197353
threshold=0.0016541918555672307 0.0052501291522619791 0.0009573843304783241 0.0058525663598974148 397.58464285714223 0.002942566603940587 0.00058467844625117321 96746.147000000012 214.84321428571539 54322.742000000006 0.0029607861990862223 60425.072500000002 0.0011703910390638078 113.60178571428592 109510.59375000001 94910.29700000002 94394.520750000011 -0.0050947862482881292 0.63488078365358336 227.75642857142887 90702.977250000011 0.52443589013410741 256.91428571428702 91648.095000000016 56629.737750000008 165.317857142858 108.96571428571615 0.58696928051405017 0.001704578403954245 0.0013759413359670793
decision_type=2 2 2 2 2 2 2 2 2 2 2 2 2 2 2 2 2 2 2 2 2 2 2 2 2 2 2 2 2 2
left_child=2 4 6 10 7 12 -1 8 11 -5 -3 21 -4 15 -6 -8 -15 -12 -14 20 -20 -2 23 26 -11 -18 -7 -10 -9 -29
right_child=1 3 5 9 14 22 13 28 27 24 17 -13 18 16 -16 -17 25 -19 19 -21 -22 -23 -24 -25 -26 -27 -28 29 -30 -31
leaf_value=-1.944671718784459e-05 5.3324007248359119e-06 4.4298038482126884e-05 -3.6458887296484797e-06 0.00026308316957863808 4.9742457587752336e-05 0 -8.1673731949498813e-06 0 1.9261378236990828e-05 0 0.00010997265887632219 4.8250113072933953e-06 -9.1364163261375813e-07 4.6904182846276411e-06 2.8543937859694969e-06 -1.5648387735546659e-05 -8.7976917231013824e-06 6.032651357803934e-05 8.967920070933423e-06 1.6653920140050384e-05 -1.480141765229562e-07 3.1677291483703624e-05 3.6531741762990521e-05 3.9801105134081468e-06 0.00012166168821628344 1.2183463817027471e-06 2.4742434003811264e-05 3.9614829034753313e-05 1.0611071449872534e-05 2.3783603141701323e-05
leaf_weight=20880 794 2156 19053 85 2379 438 16587 2025 2856 24 403 4090 8553 2710 344 15668 12637 1080 5809 1946 6235 1658 669 2451 331 1829 2129 3269 5295 2740
leaf_count=20880 794 2156 19053 85 2379 438 16587 2025 2856 24 403 4090 8553 2710 344 15668 12637 1080 5809 1946 6235 1658 669 2451 331 1829 2129 3269 5295 2740
internal_value=1.28186e-07 2.73572e-05 -6.6838e-06 6.86935e-05 2.0614e-05 2.05072e-06 -1.26003e-05 1.75695e-05 2.21443e-05 0.000150439 5.79813e-05 1.26096e-05 7.28204e-09 -9.64759e-06 4.4921e-05 -1.18944e-05 -5.25366e-06 7.5847e-05 3.22797e-06 5.97443e-06 3.99969e-06 2.43704e-05 1.64691e-05 1.31959e-05 0.000114953 -7.32394e-06 2.08261e-05 2.88419e-05 7.53031e-06 3.28958e-05
internal_weight=147123 29529 117594 4079 25450 47283 70311 22727 15407 440 3639 6542 41596 49431 2723 32255 17176 1483 22543 13990 12044 2452 5687 5018 355 14466 2567 8865 7320 6009
internal_count=147123 29529 117594 4079 25450 47283 70311 22727 15407 440 3639 6542 41596 49431 2723 32255 17176 1483 22543 13990 12044 2452 5687 5018 355 14466 2567 8865 7320 6009
is_linear=0
shrinkage=0.03


Tree=25
num_leaves=31
num_cat=0
split_feature=11 11 14 13 14 12 12 14 6 21 22 18 16 13 7 7 13 7 13 6 13 7 22 13 14 13 7 13 6 7
split_gain=0.028674 0.00866012 0.00652887 0.00280892 0.00182433 0.0016522 0.00118587 0.000942081 0.000871568 0.000837942 0.000547618 0.000547567 0.000493098 0.00047396 0.000470374 0.000394072 0.000375253 0.000496726 0.00039249 0.000354241 0.000353119 0.000315507 0.000291261 0.000257736 0.000255012 0.00024781 0.000221804 0.000215082 0.000253088 0.00018208
threshold=0.0019111159753894189 0.0010013798235998137 0.0080305264588041141 427.49464285714259 0.0022115134082693164 0.00070207352464015575 0.0055426614884636852 0.0027942400145189142 88680.911500000017 31.965288555132428 3.5000000000000004 0.57975500490239773 0.33942783072827815 185.255357142858 104713.58850000003 90702.977250000011 163.15999999999835 94761.436500000011 104.31214285714201 94919.089500000016 88.788571428570734 97317.375250000012 21.500000000000004 122.00892857142806 0.0034135138718754698 290.95500000000123 61866.758750000015 177.67928571428641 104702.33400000002 114275.52125000002
decision_type=2 2 2 2 2 2 2 2 2 2 2 2 2 2 2 2 2 2 2 2 2 2 2 2 2 2 2 2 2 2
left_child=1 5 3 7 13 20 25 21 12 -8 -11 24 -5 15 -15 23 17 18 -7 -9 26 -2 -12 -3 -6 -4 -1 -13 -29 -10
right_child=2 4 6 8 11 16 9 19 29 10 22 27 -14 14 -16 -17 -18 -19 -20 -21 -22 -23 -24 -25 -26 -27 -28 28 -30 -31
leaf_value=-4.5882964275913142e-06 1.9464733662355293e-05 -2.4091354098506701e-06 2.9245173511012265e-05 0 1.4519661587858839e-05 -7.2052319455150471e-06 0.00034551039681679046 3.5002702522490859e-05 4.4123627663158275e-05 0 0.00015963605392611808 1.6070067097584944e-06 8.9624440742032884e-05 1.1309446107572688e-05 -6.654608119627555e-07 -6.0312203680606596e-06 1.6705705584577341e-06 -1.1477468204067737e-05 2.4379402149880317e-06 1.89577703893744e-05 -9.7859279656803109e-06 4.0806834629700027e-06 0 5.8762303543542355e-06 3.0175205420883366e-05 9.5481435038123624e-05 -1.9040190840177653e-05 1.6653732439119017e-05 0 0
leaf_weight=1572 4727 6468 213 67 5418 12006 45 6468 1749 24 129 4462 907 5990 4954 11311 3197 20922 4984 2783 7300 2349 20 6481 1880 680 25346 3120 1447 104
leaf_count=1572 4727 6468 213 67 5418 12006 45 6468 1749 24 129 4462 907 5990 4954 11311 3197 20922 4984 2783 7300 2349 20 6481 1880 680 25346 3120 1447 104
internal_value=1.32362e-07 -5.14063e-06 3.32889e-05 2.89705e-05 4.29379e-06 -1.16345e-05 0.00010503 2.3872e-05 5.73536e-05 0.000181247 0.000121014 1.25885e-05 8.38121e-05 3.61609e-07 5.61471e-06 -1.88449e-06 -7.4472e-06 -8.2952e-06 -4.19985e-06 3.05004e-05 -1.65774e-05 1.47818e-05 0.000142503 1.50604e-06 1.8964e-05 8.30468e-05 -1.83077e-05 7.10283e-06 1.18153e-05 4.18234e-05
internal_weight=147123 126858 20265 19154 51531 75327 1111 16327 2827 218 173 16327 974 35204 10944 24260 41109 37912 16990 9251 34218 7076 149 12949 7298 893 26918 9029 4567 1853
internal_count=147123 126858 20265 19154 51531 75327 1111 16327 2827 218 173 16327 974 35204 10944 24260 41109 37912 16990 9251 34218 7076 149 12949 7298 893 26918 9029 4567 1853
is_linear=0
shrinkage=0.03


Tree=26
num_leaves=31
num_cat=0
split_feature=14 14 11 13 10 23 8 13 7 21 8 22 11 8 13 13 5 6 5 8 11 13 13 15 13 8 22 22 13 7
split_gain=0.0270867 0.00735868 0.00666647 0.00350585 0.00190798 0.00132301 0.00125858 0.00120629 0.000869607 0.000681059 0.000643445 0.000607304 0.000776757 0.000601604 0.000548218 0.000547897 0.00045168 0.000449465 0.000434036 0.000424208 0.000417269 0.000336674 0.000330906 0.000330288 0.000403777 0.000316526 0.000281063 0.000298369 0.000270739 0.000254026
threshold=0.0025208588776117111 0.0071272240979873324 0.0010013798235998137 310.61000000000121 -0.024614492365034209 4.5000000000000009 87299.464000000022 216.86321428571532 92957.284750000006 47.532848218703421 104832.13216666668 4.5000000000000009 0.0058525663598974148 90739.035500000013 122.00892857142806 114.26535714285639 102755.016 111593.43250000001 57496.54500000002 56602.265416666669 0.00048661349382275932 245.07857142857239 108.96571428571615 0.38674091500972835 385.1092857142857 102501.51408333334 15.500000000000002 12.500000000000002 290.95500000000123 96238.349250000014
decision_type=2 2 2 2 2 2 2 2 2 2 2 2 2 2 2 2 2 2 2 2 2 2 2 2 2 2 2 2 2 2
left_child=2 3 5 8 11 10 23 13 15 17 22 -3 -13 14 -4 -2 -9 -8 -16 -17 -7 -10 -1 -5 -25 28 27 -11 -6 -29
right_child=1 4 7 6 25 20 9 16 21 26 -12 12 -14 -15 18 19 -18 -19 -20 -21 -22 -23 -24 24 -26 -27 -28 29 -30 -31
leaf_value=-6.9606232890968794e-06 0 3.8476911599162695e-05 -1.9618587063320688e-06 0 4.0006052470291793e-05 -2.1604137786625702e-05 4.6811151652156283e-05 1.7535858586111415e-05 1.6125607640266917e-06 4.6547314724990416e-06 -1.1993524460853939e-05 0.00011034668442903568 0.00032697877186821833 -3.7115808143829837e-06 3.3972838400712e-05 4.9810622257925524e-05 4.1788912854437482e-06 0 6.669096108208648e-06 2.107805925626938e-05 -1.344405029915139e-05 1.5638146875598592e-05 4.2272708895874299e-07 4.4937779703146245e-05 8.3814453785324131e-05 1.725604724141298e-05 5.0557921235952476e-06 6.7392433136396088e-05 9.1299665133290453e-05 1.9459732880848143e-05
leaf_weight=14696 1259 72 7001 136 385 11054 2501 5829 4917 566 20500 104 68 17535 631 680 4918 291 9646 8879 19989 2711 7532 1063 922 224 1262 312 884 556
leaf_count=14696 1259 72 7001 136 385 11054 2501 5829 4917 566 20500 104 68 17535 631 680 4918 291 9646 8879 19989 2711 7532 1063 922 224 1262 312 884 556
internal_value=1.34528e-07 2.68276e-05 -6.05713e-06 2.26856e-05 8.72258e-05 -1.16377e-05 4.00692e-05 2.91315e-06 1.53521e-05 3.13261e-05 -8.07381e-06 0.000174226 0.000213564 1.13547e-07 4.1692e-06 2.09704e-05 1.17027e-05 4.26383e-05 8.63775e-06 2.34363e-05 -1.64464e-05 6.99069e-06 -4.32381e-06 6.12745e-05 6.45099e-05 7.09875e-05 1.84973e-05 2.82336e-05 7.8106e-05 4.01506e-05
internal_weight=147123 27792 119331 26055 1737 73771 7609 45560 18446 5488 42728 244 172 34813 17278 10818 10747 2792 10277 9559 31043 7628 22228 2121 1985 1493 2696 1434 1269 868
internal_count=147123 27792 119331 26055 1737 73771 7609 45560 18446 5488 42728 244 172 34813 17278 10818 10747 2792 10277 9559 31043 7628 22228 2121 1985 1493 2696 1434 1269 868
is_linear=0
shrinkage=0.03


Tree=27
num_leaves=31
num_cat=0
split_feature=12 13 11 8 17 11 16 12 9 9 13 6 13 8 21 17 8 8 8 13 6 13 6 9 6 12 4 8 8 13
split_gain=0.0255801 0.0068502 0.0056715 0.00253488 0.00225116 0.00146051 0.00135195 0.00126025 0.00120703 0.00115916 0.000982768 0.00095198 0.00117805 0.000892113 0.000843861 0.000750672 0.00055573 0.000546749 0.000463187 0.000449093 0.000492408 0.00043165 0.000422331 0.000378186 0.00037249 0.000357473 0.00034748 0.000318811 0.000318524 0.000369528
threshold=0.0016541918555672307 411.77428571428601 0.0009573843304783241 89334.455416666679 1.7708463051520575 0.0058525663598974148 0.55377858228851895 0.00057886845913148518 -0.014663343093056056 -0.0015859461945003093 245.07857142857239 96873.819000000018 214.84321428571539 91301.439666666673 58.398498035324529 1.5922917742294358 59327.601250000007 104591.23183333334 55203.617250000003 104.31214285714201 94757.715000000011 164.20785714285691 91061.703500000018 -0.0082950328084936392 110847.31450000002 0.0026643352291542202 -0.022784709889975937 103295.76716666667 63539.380333333342 110.29571428571425
decision_type=2 2 2 2 2 2 2 2 2 2 2 2 2 2 2 2 2 2 2 2 2 2 2 2 2 2 2 2 2 2
left_child=2 4 7 5 11 9 -7 -1 13 -3 15 12 16 -5 23 17 -2 21 -14 -9 -21 28 -23 -8 -12 -15 -27 -6 29 -4
right_child=1 3 10 8 27 6 14 19 -10 -11 24 -13 18 25 -16 -17 -18 -19 -20 20 -22 22 -24 -25 -26 26 -28 -29 -30 -31
leaf_value=-1.7966030652767126e-05 2.3506644235717157e-05 0.00011501361342941388 -1.1077187603036434e-06 0 5.9095754283714409e-05 0 0.00016462135173721625 -1.1519800601896064e-05 3.3500648341488143e-05 4.2817057735595615e-05 2.7083989831729613e-05 6.9734362434052226e-06 8.2696026122363301e-05 0 0.00030495013868783282 1.0825078444352653e-05 3.3134557545082057e-06 -6.7368508605125183e-06 2.6023227019881363e-05 3.3240346088207258e-06 -7.6184686703619499e-06 1.5954651426841557e-05 1.7220687838564981e-06 1.0582018663047861e-05 0 0.00022674707868550512 3.6071998839940335e-06 1.0376574902062656e-05 -3.9239862698506126e-06 1.3188947350288136e-05
leaf_weight=20300 1975 471 3663 49 1480 55 112 27435 2341 715 1856 7353 184 25 80 5808 4470 10140 9725 4210 18366 3049 6425 70 863 82 39 303 12952 2527
leaf_count=20300 1975 471 3663 49 1480 55 112 27435 2341 715 1856 7353 184 25 80 5808 4470 10140 9725 4210 18366 3049 6425 70 863 82 39 303 12952 2527
internal_value=1.41057e-07 2.51241e-05 -6.10693e-06 6.17614e-05 1.92008e-05 9.42888e-05 0.000160593 -1.15158e-05 4.12977e-05 7.40253e-05 1.87269e-06 1.65697e-05 2.07008e-05 0.000119461 0.000189326 7.34242e-07 9.96718e-06 -7.00594e-07 2.73792e-05 -8.83752e-06 -5.44501e-06 1.33352e-06 6.61929e-06 0.000121888 1.94277e-05 0.000156693 0.000179661 5.25e-05 -1.12588e-06 4.24421e-06
internal_weight=147123 29529 117594 4039 25490 1503 317 70311 2536 1186 47283 23707 16354 195 262 44564 6445 38756 9909 50011 22576 28616 9474 182 2719 146 121 1783 19142 6190
internal_count=147123 29529 117594 4039 25490 1503 317 70311 2536 1186 47283 23707 16354 195 262 44564 6445 38756 9909 50011 22576 28616 9474 182 2719 146 121 1783 19142 6190
is_linear=0
shrinkage=0.03


Tree=28
num_leaves=31
num_cat=0
split_feature=14 13 11 14 14 8 23 13 13 8 5 8 8 8 8 15 11 13 5 13 13 8 16 23 2 13 5 17 21 8
split_gain=0.0243099 0.00735381 0.00509987 0.00373223 0.0015679 0.00138685 0.00110484 0.000908797 0.00071917 0.000629438 0.000562662 0.000534345 0.000457069 0.000452511 0.000407188 0.000372494 0.000318435 0.000312465 0.000365122 0.000310882 0.000289075 0.000288386 0.000263765 0.000378705 0.000262547 0.000237931 0.000237856 0.000234022 0.00022204 0.000197877
threshold=0.0023195248687987165 364.82142857142964 0.00096299773784547173 0.010000763090932951 0.0040904923620247507 89334.455416666679 4.5000000000000009 185.255357142858 218.91142857142799 103724.92450000001 94910.29700000002 104832.13216666668 91613.472999999998 90739.035500000013 55203.617250000003 0.38674091500972835 0.00048661349382275932 122.00892857142806 57496.54500000002 112.94535714285719 411.77428571428601 78734.136000000013 1.0069257595604693 3.5000000000000004 -0.0018403336046646233 108.96571428571615 113785.51700000001 1.798481581824092 80.662955700204364 103295.76716666667
decision_type=2 2 2 2 2 2 2 2 2 2 2 2 2 2 2 2 2 2 2 2 2 2 2 2 2 2 2 2 2 2
left_child=2 4 6 5 8 15 11 13 12 -9 -10 25 19 17 22 -3 -8 -4 -19 -2 -17 -5 -6 -24 26 -1 -7 28 -22 -16
right_child=1 3 7 21 14 24 16 9 10 -11 -12 -13 -14 -15 29 20 -18 18 -20 -21 27 -23 23 -25 -26 -27 -28 -29 -30 -31
leaf_value=-6.483912033359927e-06 0 0 -2.2702332037564959e-06 0.00021592861448557166 0 4.8997482721233522e-05 -2.044769369599786e-05 1.2511838434890823e-05 2.7323959932638274e-05 9.7801562481355421e-08 1.057450805979263e-05 -1.1622194043420607e-05 0 -5.6492709125269898e-06 3.1189669188597794e-05 4.4529103195457564e-05 -1.3053881538420135e-05 3.3141558703037732e-05 3.9863432805304617e-06 1.479346982244226e-05 8.9415744286463607e-05 0.00010263334774408043 0.00016252239088163691 0 2.2825255175334068e-05 1.616000889615704e-07 0 0 0 9.3658289641200218e-06
leaf_weight=13850 1494 146 7747 126 57 1338 11046 8966 4211 7072 4631 19363 4665 13672 4749 658 18960 454 7426 5846 1108 277 67 22 1999 6143 107 27 36 860
leaf_count=13850 1494 146 7747 126 57 1338 11046 8966 4211 7072 4631 19363 4665 13672 4749 658 18960 454 7426 5846 1108 277 67 22 1999 6143 107 27 36 860
internal_value=1.46515e-07 2.31025e-05 -6.31671e-06 5.38669e-05 1.62565e-05 4.6493e-05 -1.1436e-05 1.44918e-06 1.21873e-05 7.22492e-06 1.88909e-05 -7.97467e-06 6.99996e-06 -1.61003e-06 3.0475e-05 6.80954e-05 -1.58758e-05 1.73192e-06 6.0472e-06 1.16698e-05 7.20443e-05 0.000145543 9.04065e-05 0.000126753 3.32322e-05 -4.29199e-06 4.55506e-05 8.49387e-05 8.69996e-05 2.83786e-05
internal_weight=147123 32424 114699 5822 26602 5419 69362 45337 20847 16038 8842 39356 12005 29299 5755 1975 30006 15627 7880 7340 1829 403 146 89 3444 19993 1445 1171 1144 5609
internal_count=147123 32424 114699 5822 26602 5419 69362 45337 20847 16038 8842 39356 12005 29299 5755 1975 30006 15627 7880 7340 1829 403 146 89 3444 19993 1445 1171 1144 5609
is_linear=0
shrinkage=0.03


Tree=29
num_leaves=31
num_cat=0
split_feature=14 12 12 14 14 14 14 13 12 13 14 5 12 8 9 5 23 9 23 6 5 13 21 8 17 15 13 19 17 13
split_gain=0.0229357 0.00654041 0.00573543 0.00382618 0.00156569 0.00136071 0.000672294 0.000568039 0.000509378 0.000493248 0.000492907 0.000436925 0.000424073 0.000309089 0.000293384 0.00025502 0.000248392 0.0002421 0.000238435 0.000214512 0.000188635 0.000209975 0.000184037 0.000178856 0.000186639 0.000196437 0.000167854 0.000159709 0.000153431 0.000153386
threshold=0.0025208588776117111 0.0029607861990862223 0.0011703910390638078 0.010000763090932951 0.00069781333037181837 0.0040904923620247507 0.0013993937973549866 214.84321428571539 0.00078443611882360288 286.4600000000018 0.004845076128747643 94910.29700000002 0.0017508597517799419 83883.421583333344 -0.011853565746623605 102950.83700000001 4.5000000000000009 -0.0024522770572801274 4.5000000000000009 60200.018000000004 93984.934000000008 196.53535714285891 31.668133191409641 87299.464000000022 2.0286155166319157 0.38674091500972835 117.71178571428626 0.12299186476334632 0.78552214696168376 101.10499999999958
decision_type=2 2 2 2 2 2 2 2 2 2 2 2 2 2 2 2 2 2 2 2 2 2 2 2 2 2 2 2 2 2
left_child=2 5 4 10 16 7 -4 13 -6 -5 -3 -9 20 26 -7 18 -1 -10 27 -19 21 -8 -11 24 25 -12 -2 -16 -29 -21
right_child=1 3 6 9 8 14 12 11 17 22 23 -13 -14 -15 15 -17 -18 19 -20 29 -22 -23 -24 -25 -26 -27 -28 28 -30 -31
leaf_value=-1.1690670847161985e-05 0 3.548129427802266e-05 -8.6463659495282559e-07 0 -1.046363806051994e-05 5.9897412323816779e-05 5.1797789480168511e-06 2.7607515817375285e-05 1.9291749501266662e-06 0.00022222646866105106 0 1.1819205899623704e-05 1.3393538657346921e-05 6.6003861560234507e-07 2.3313497706905534e-05 9.5898311759010764e-06 -1.8455030865537579e-05 2.4114308227773638e-06 5.4233730197113248e-06 -1.0829379403578503e-05 5.3033155569891996e-07 2.186925234644608e-05 0.00011190043435840287 4.274884796548476e-05 0 8.2610854342554923e-05 1.6253631044572986e-05 0 4.2904976145743583e-05 -4.6757707213554669e-06
leaf_weight=12155 1134 2291 12433 21 21978 457 6462 3679 4156 129 25 4560 7946 4119 2011 1062 16132 2407 571 5877 7518 967 277 856 43 868 3420 97 2172 21300
leaf_count=12155 1134 2291 12433 21 21978 457 6462 3679 4156 129 25 4560 7946 4119 2011 1062 16132 2407 571 5877 7518 967 277 856 43 868 3420 97 2172 21300
internal_value=1.4891e-07 2.47132e-05 -5.54694e-06 5.80842e-05 -9.82331e-06 1.81197e-05 4.53731e-06 1.33469e-05 -6.80907e-06 0.000147052 4.80418e-05 1.92336e-05 7.60209e-06 7.4088e-06 3.03198e-05 2.75255e-05 -1.56545e-05 -4.33956e-06 3.08334e-05 -5.32161e-06 4.32252e-06 7.75626e-06 0.000154388 6.2423e-05 7.72043e-05 8.0222e-05 1.2854e-05 3.35223e-05 4.12467e-05 -6.1169e-06
internal_weight=147123 27792 119331 4510 84005 23282 35326 16912 55718 427 4083 8239 22893 8673 6370 5913 28287 33740 4851 29584 14947 7429 406 1792 936 893 4554 4280 2269 27177
internal_count=147123 27792 119331 4510 84005 23282 35326 16912 55718 427 4083 8239 22893 8673 6370 5913 28287 33740 4851 29584 14947 7429 406 1792 936 893 4554 4280 2269 27177
is_linear=0
shrinkage=0.03


Tree=30
num_leaves=31
num_cat=0
split_feature=11 12 11 9 8 13 8 4 9 12 13 15 5 8 22 10 5 5 10 17 15 13 17 17 13 5 21 7 6 6
split_gain=0.0216537 0.00648534 0.00461552 0.00171246 0.00142825 0.00139463 0.00112511 0.00112453 0.0015228 0.00107852 0.00101047 0.000851832 0.00103491 0.000789611 0.000688496 0.00147105 0.000677064 0.000614964 0.000609918 0.000538539 0.000411591 0.000456089 0.00037371 0.000367218 0.000358585 0.000397857 0.00028888 0.000581271 0.000287668 0.00038369
threshold=0.0019111159753894189 0.00099657862654633708 0.0047647750666872527 -0.010289236103241782 55203.617250000003 185.255357142858 103724.92450000001 0.014584402253623454 -0.014663343093056056 0.00057886845913148518 427.49464285714259 0.54301102864045681 105260.83600000002 94292.886833333338 12.500000000000002 0.017061583607764445 87050.357000000004 60776.064000000006 -0.018315912721020174 1.5922917742294358 0.56490450053846242 310.61000000000121 1.6720799824281329 1.186926133703438 97.837857142857374 57496.54500000002 54.04118033248664 90142.400750000015 91366.749000000025 98075.090500000006
decision_type=2 2 2 2 2 2 2 2 2 2 2 2 2 2 2 2 2 2 2 2 2 2 2 2 2 2 2 2 2 2
left_child=1 9 3 -2 14 13 28 8 -6 -1 16 -9 17 19 18 -16 20 -13 -4 24 -5 -22 -11 -18 -3 -26 27 -12 -7 -30
right_child=2 5 4 10 7 6 -8 11 -10 22 26 12 -14 -15 15 -17 23 -19 -20 -21 21 -23 -24 -25 25 -27 -28 -29 29 -31
leaf_value=-1.651027933626613e-05 6.1082489012053042e-05 -6.2449819160952188e-06 0.00014650503352857278 1.2674254134201832e-05 0.00013941814221606093 2.2784632398602835e-05 9.517586651016336e-07 0 2.3149059748993596e-05 -8.8706509201300266e-06 9.2746331332793785e-05 0 0 -6.0029549283124704e-06 0.00045921112545635375 5.773074309628438e-05 8.2047211920435436e-06 0.00022362158968564848 0 1.7433833301886821e-05 2.5585742737792849e-05 5.176806992895226e-05 0 2.3747496391824626e-05 2.2043837345166473e-05 2.0777374454498632e-06 2.4727955394434574e-05 3.4529252150802504e-05 4.5078727373126383e-06 1.9697088097942893e-05
leaf_weight=20300 1221 4142 39 2093 150 4095 8777 37 655 45239 376 20 22 14038 32 40 5910 128 35 2156 4353 1089 4577 2360 1013 15175 942 763 4299 3047
leaf_count=20300 1221 4142 39 2093 150 4095 8777 37 655 45239 376 20 22 14038 32 40 5910 128 35 2156 4353 1089 4577 2360 1013 15175 942 763 4299 3047
internal_value=1.53228e-07 -4.42631e-06 2.89688e-05 2.5223e-05 8.81765e-05 3.07306e-06 9.40038e-06 7.05696e-05 4.8555e-05 -1.0538e-05 2.2607e-05 0.000141631 0.000170088 -3.47328e-07 0.000189553 0.000278165 1.9666e-05 0.000198787 6.2592e-05 3.05007e-06 2.65805e-05 3.13772e-05 -8.04407e-06 1.30031e-05 1.37703e-06 3.51261e-06 4.34998e-05 5.63876e-05 1.56195e-05 1.12167e-05
internal_weight=147123 126858 20265 19107 1158 56742 20218 1012 805 70116 17886 207 170 36524 146 72 15805 148 74 22486 7535 5442 49816 8270 20330 16188 2081 1139 11441 7346
internal_count=147123 126858 20265 19107 1158 56742 20218 1012 805 70116 17886 207 170 36524 146 72 15805 148 74 22486 7535 5442 49816 8270 20330 16188 2081 1139 11441 7346
is_linear=0
shrinkage=0.03


Tree=31
num_leaves=31
num_cat=0
split_feature=11 12 11 13 13 8 15 12 7 13 21 7 22 10 10 15 5 5 8 19 5 10 9 13 8 9 13 2 10 16
split_gain=0.0204481 0.0061097 0.00438772 0.00162363 0.00135178 0.00135173 0.00116152 0.00101388 0.000823862 0.000800809 0.000771008 0.000715516 0.000637326 0.00133047 0.000578348 0.000572978 0.000571363 0.000557226 0.000553943 0.000445549 0.000420131 0.000418086 0.000614788 0.000394863 0.000373234 0.000347129 0.000327003 0.000320529 0.000309383 0.000300568
threshold=0.0019111159753894189 0.00099657862654633708 0.0047647750666872527 411.77428571428601 227.75642857142887 55203.617250000003 1.3480734815355533 0.00058467844625117321 91368.974250000014 122.00892857142806 51.38092392048479 88676.621000000014 12.500000000000002 0.017061583607764445 -0.018315912721020174 0.70724268499655873 104703.63800000002 96746.147000000012 55203.617250000003 0.030176924718417666 112329.257 0.017061583607764445 -0.014663343093056056 168.58964285714424 59327.601250000007 -0.0029612237926369129 202.58571428571514 0.0086474296063244766 0.0024797827242030173 0.45684742782013527
decision_type=2 2 2 2 2 2 2 2 2 2 2 2 2 2 2 2 2 2 2 2 2 2 2 2 2 2 2 2 2 2
left_child=1 7 3 6 8 12 17 -1 9 -3 11 27 14 -14 -4 -7 29 -2 26 -17 21 22 -21 -10 -11 -9 -8 -5 -27 -6
right_child=2 4 5 10 16 15 18 25 23 24 -12 -13 13 -15 -16 19 -18 -19 -20 20 -22 -23 -24 -25 -26 28 -28 -29 -30 -31
leaf_value=-1.5902568414500785e-05 1.9648663805438906e-05 -1.2921668664917551e-06 0.0001421211266061267 0.00010249437524804136 0 2.7864432423308616e-05 0 1.9123540223089773e-06 -7.0509046358521927e-06 2.3072935360047647e-05 2.4119126576146561e-05 4.3054287351744231e-05 0.00044547770149509693 5.6003140568629571e-05 0 0 3.5300620430695939e-06 4.3279950522227563e-06 3.2762110691193959e-05 0.00015564535577767177 0 0.00019475630310242061 4.3280561247268304e-05 4.3279024806477621e-07 7.3565727038686397e-06 -9.8429690543075333e-06 0.00017644074743995423 0 -3.7204340586946637e-06 2.3373217542970862e-05
leaf_weight=20880 8741 9861 39 463 766 393 26 2657 11093 1836 1308 1215 32 40 35 90 3553 3558 3717 108 21 92 308 13224 11978 34876 51 28 11703 4431
leaf_count=20880 8741 9861 39 463 766 393 26 2657 11093 1836 1308 1215 32 40 35 90 3553 3558 3717 108 21 92 308 13224 11978 34876 51 28 11703 4431
internal_value=1.59095e-07 -4.29054e-06 2.81615e-05 2.45041e-05 2.98722e-06 8.5912e-05 2.0377e-05 -1.02229e-05 9.42794e-07 4.97315e-06 4.55437e-05 6.02092e-05 0.000184889 0.00027109 6.02788e-05 6.86518e-05 1.38575e-05 1.54605e-05 3.55231e-05 8.96931e-05 0.000100852 0.000106469 7.96924e-05 -2.85779e-06 9.66273e-06 -7.75333e-06 0.000129676 9.65336e-05 -8.3691e-06 2.03405e-05
internal_weight=147123 126858 20265 19107 56742 1158 16093 70116 47992 23675 3014 1706 146 72 74 1012 8750 12299 3794 619 529 508 416 24317 13814 49236 77 491 46579 5197
internal_count=147123 126858 20265 19107 56742 1158 16093 70116 47992 23675 3014 1706 146 72 74 1012 8750 12299 3794 619 529 508 416 24317 13814 49236 77 491 46579 5197
is_linear=0
shrinkage=0.03


Tree=32
num_leaves=31
num_cat=0
split_feature=14 12 12 14 14 14 13 8 13 8 8 13 13 18 5 17 8 5 13 8 13 8 12 22 10 22 22 22 7 17
split_gain=0.0195919 0.0061755 0.00404982 0.00343779 0.00129266 0.000926662 0.000795045 0.000646355 0.0004906 0.000476734 0.00047351 0.000437191 0.000415555 0.000362703 0.000328903 0.000314399 0.000385736 0.000293409 0.000299642 0.000282404 0.000259859 0.000327215 0.000255011 0.000237917 0.000510244 0.000736105 0.000234721 0.000436864 0.000212755 0.000209438
threshold=0.0023195248687987165 0.0027275666882357013 0.0010019085103479262 0.010000763090932951 0.003538931165861839 0.00069781333037181837 171.84821428571459 55203.617250000003 427.49464285714259 94292.886833333338 103724.92450000001 286.4600000000018 218.91142857142799 0.47344104305673668 94910.29700000002 0.64985120064188251 89334.455416666679 60627.165000000015 106.35142857142769 90739.035500000013 97.837857142857374 63177.334500000004 0.0012457706065527143 1.5000000000000002 -0.024614492365034209 16.500000000000004 12.500000000000002 15.500000000000002 60627.565250000007 1.5922917742294358
decision_type=2 2 2 2 2 2 2 2 2 2 2 2 2 2 2 2 2 2 2 2 2 2 2 2 2 2 2 2 2 2
left_child=2 4 5 7 12 -1 9 -3 -9 20 26 -5 19 -6 -14 -10 28 -7 -19 -2 -4 -22 -15 -13 -25 -26 -8 -28 -17 -24
right_child=1 3 6 11 13 17 10 8 15 -11 -12 23 14 22 -16 16 -18 18 -20 -21 21 -23 29 24 25 -27 27 -29 -30 -31
leaf_value=-1.4759617685597114e-05 9.2122911662476176e-06 9.8942174569685194e-05 -5.7708517820637552e-06 0 3.4520495037635621e-05 1.647741350489552e-06 3.7081010327955834e-06 2.7191529122248994e-05 1.8338011456988247e-05 -7.6390791895057973e-06 1.4030891715416069e-08 0 2.389200462431311e-05 0 8.6899702810743694e-06 0 3.9111517778959708e-05 -1.0465012172406274e-05 -4.7219803555537756e-06 -1.9764853654123847e-07 1.0052032050251485e-05 -2.9898848707946703e-08 1.4463649409439961e-05 0.00023695156625763047 0.0001397480189680477 0 2.7277832553201405e-05 8.070234250919764e-06 7.9951838382171555e-05 2.9808962732363682e-05
leaf_weight=26745 6053 232 3980 30 2677 2516 4908 2917 509 9505 8811 42 2764 730 4210 28 1159 21710 17288 4322 3988 8518 3432 103 190 90 1720 5010 772 2164
leaf_count=26745 6053 232 3980 30 2677 2516 4908 2917 509 9505 8811 42 2764 730 4210 28 1159 21710 17288 4322 3988 8518 3432 103 190 90 1720 5010 772 2164
internal_value=1.63611e-07 2.07738e-05 -5.63649e-06 4.82595e-05 1.43266e-05 -1.02907e-05 1.13978e-06 4.10468e-05 3.79936e-05 -2.26019e-06 5.60791e-06 0.00013068 9.25317e-06 2.37697e-05 1.51454e-05 4.95438e-05 5.61193e-05 -7.33931e-06 -7.99604e-06 5.0032e-06 6.59056e-07 2.94527e-06 1.87455e-05 0.000138593 0.000147895 0.000104351 9.58516e-06 1.34253e-05 7.70018e-05 2.09343e-05
internal_weight=147123 32424 114699 6072 26352 68259 46440 5617 5385 25991 20449 455 17349 9003 6974 2468 1959 41514 38998 10375 16486 12506 6326 425 383 280 11638 6730 800 5596
internal_count=147123 32424 114699 6072 26352 68259 46440 5617 5385 25991 20449 455 17349 9003 6974 2468 1959 41514 38998 10375 16486 12506 6326 425 383 280 11638 6730 800 5596
is_linear=0
shrinkage=0.03


Tree=33
num_leaves=31
num_cat=0
split_feature=14 11 14 13 10 14 13 6 9 5 9 9 13 6 5 13 7 8 13 13 21 8 13 13 7 21 4 15 21 5
split_gain=0.0184958 0.00530883 0.00474951 0.00211311 0.00144241 0.00134009 0.000938324 0.000703748 0.00056517 0.000542599 0.000463384 0.000425437 0.000403639 0.000357202 0.000308525 0.000302541 0.000379516 0.000290503 0.000432951 0.000277517 0.000255386 0.000254604 0.00025187 0.000213823 0.000206058 0.00020771 0.000279182 0.000280979 0.000293115 0.00019922
threshold=0.0028309636865445228 0.0011030689890079535 0.0071272240979873324 348.75464285714361 -0.024614492365034209 0.00092226106940086078 220.99821428571576 83682.275000000009 0.009804215326602141 57496.54500000002 -0.0052683810439872461 -0.0082950328084936392 66.668571428571752 94383.402500000011 102755.016 163.15999999999835 94394.520750000011 90739.035500000013 154.2392857142859 95.909285714286483 65.602173382372484 102501.51408333334 119.76607142857186 108.96571428571615 113271.56675000001 49.216302507599956 0.027538080509481148 0.51699604703202751 84.509985349142184 102320.76700000004
decision_type=2 2 2 2 2 2 2 2 2 2 2 2 2 2 2 2 2 2 2 2 2 2 2 2 2 2 2 2 2 2
left_child=1 5 3 8 11 12 9 20 10 22 -2 -4 -1 23 29 16 19 18 -11 -7 -5 -6 -3 -12 25 -9 -27 -28 -29 -8
right_child=2 6 4 7 21 15 14 24 -10 17 13 -13 -14 -15 -16 -17 -18 -19 -20 -21 -22 -23 -24 -25 -26 26 27 28 -30 -31
leaf_value=-1.6418414181756012e-05 2.5925409113191776e-05 0 0.00016484871941123625 7.3393299139968933e-05 6.5617701162448122e-05 -5.4579182291891397e-06 1.4498657807171832e-05 4.2197761725233795e-05 4.6727516838656672e-05 -3.9531539839719715e-07 0 0 -9.8205310085340128e-06 3.6513763125018157e-06 4.9937477025341184e-06 2.1146231772440803e-06 -8.3748500136891637e-06 -2.5794980796579472e-06 1.0015309429946182e-05 2.2701887509942498e-06 8.4240993450049086e-06 1.0455899043848683e-05 3.1098003632412919e-05 1.6863577349447962e-05 0 1.5969432755807015e-05 0 0.00011637091024840323 0 6.0198932652013855e-05
leaf_weight=16198 2776 551 217 804 1269 9174 6938 1920 584 8568 623 27 26471 4663 5125 4642 20231 13643 5622 7029 176 224 796 6720 199 1658 30 89 23 133
leaf_count=16198 2776 551 217 804 1269 9174 6938 1920 584 8568 623 27 26471 4663 5125 4642 20231 13643 5622 7029 176 224 796 6720 199 1658 30 89 23 133
internal_value=1.66832e-07 -4.27314e-06 2.55523e-05 2.12626e-05 7.38676e-05 -8.62901e-06 4.47064e-06 3.88354e-05 1.54646e-05 1.43176e-06 1.40262e-05 0.000150335 -1.23956e-05 1.10249e-05 1.14954e-05 -4.64334e-06 -5.5867e-06 4.21355e-07 3.51794e-06 -1.92026e-06 6.47883e-05 5.93521e-05 2.0081e-05 1.52986e-05 3.15786e-05 3.31723e-05 2.18768e-05 6.96793e-05 9.17082e-05 1.57833e-05
internal_weight=147123 125121 22002 20265 1737 83745 41376 4899 15366 29180 14782 244 42669 12006 12196 41076 36434 27833 14190 16203 980 1493 1347 7343 3919 3720 1800 142 112 7071
internal_count=147123 125121 22002 20265 1737 83745 41376 4899 15366 29180 14782 244 42669 12006 12196 41076 36434 27833 14190 16203 980 1493 1347 7343 3919 3720 1800 142 112 7071
is_linear=0
shrinkage=0.03


Tree=34
num_leaves=31
num_cat=0
split_feature=14 12 12 14 14 13 14 5 5 13 18 3 9 6 13 17 13 5 4 22 15 22 21 22 21 5 13 13 10 5
split_gain=0.0174909 0.00556987 0.00359801 0.00315175 0.00114914 0.000789698 0.000738223 0.000475534 0.000431375 0.00041024 0.000383368 0.000367001 0.000591717 0.000338136 0.000291486 0.000329992 0.000250172 0.000298176 0.000245435 0.00032534 0.000342031 0.000232334 0.00041122 0.000534276 0.000453058 0.000228558 0.000246163 0.000199982 0.000197116 0.000176911
threshold=0.0023195248687987165 0.0027275666882357013 0.00097048197501637941 0.010000763090932951 0.003538931165861839 171.84821428571459 0.00069781333037181837 93984.934000000008 90674.133000000016 286.4600000000018 0.57263006560637619 0.020141293993926949 -0.0061577626442461111 102756.68400000001 106.35142857142769 1.5922917742294358 97.837857142857374 57496.54500000002 0.011560290185959611 17.500000000000004 0.54301102864045681 1.5000000000000002 31.668133191409641 16.500000000000004 35.98948364708265 60627.165000000015 122.00892857142806 274.11749999999984 0.0034937279737468079 95515.358000000007
decision_type=2 2 2 2 2 2 2 2 2 2 2 2 2 2 2 2 2 2 2 2 2 2 2 2 2 2 2 2 2 2
left_child=2 4 6 11 10 7 -1 16 -7 -5 29 12 -3 14 -6 -16 -4 -18 -13 20 -20 -11 -23 24 -24 -8 28 -17 -27 -2
right_child=1 3 5 9 13 8 25 -9 -10 21 -12 18 -14 -15 15 27 17 -19 19 -21 -22 22 23 -25 -26 26 -28 -29 -30 -31
leaf_value=-1.3946379011914779e-05 1.752024322343054e-05 5.7180982962110001e-05 -5.2871142857440615e-06 0 0 1.3731450889782492e-05 1.0434686459814938e-06 -7.272567529796559e-06 2.7534923712183002e-06 0 3.9501412227845841e-06 0 2.8832412483429382e-05 8.2973611557479387e-06 1.9825896173674214e-05 2.9223428473486802e-05 2.1097478429606345e-05 1.3712719994858935e-06 0 0 0.00012549010890015749 0.00022329947314813861 0 2.4314763889337232e-06 0.00014955078491821008 -1.0178667897379159e-05 -2.9805614073475268e-06 5.9041142595109216e-05 -1.1704829532931701e-06 6.5627601565125633e-06
leaf_weight=26336 5011 1200 4614 30 258 4423 2237 11180 16296 42 9029 68 4096 1832 4190 2163 777 12244 21 53 179 107 22 94 160 24165 9178 560 3249 3309
leaf_count=26336 5011 1200 4614 30 258 4423 2237 11180 16296 42 9029 68 4096 1832 4190 2163 777 12244 21 53 179 107 22 94 160 24165 9178 560 3249 3309
internal_value=1.69611e-07 1.96444e-05 -5.30953e-06 4.57568e-05 1.35136e-05 7.28555e-07 -9.9453e-06 -2.41257e-06 5.24187e-06 0.000124768 8.71392e-06 3.88204e-05 3.58232e-05 2.24293e-05 2.56211e-05 2.68121e-05 4.98413e-07 2.77894e-06 7.88997e-05 9.36505e-05 0.000112057 0.000132416 0.000141429 9.87547e-05 0.000132001 -7.15425e-06 -7.73739e-06 3.64592e-05 -9.22049e-06 1.3523e-05
internal_weight=147123 32424 114699 6072 26352 49534 65165 28815 20719 455 17349 5617 5296 9003 7171 6913 17635 13021 321 253 200 425 383 276 182 38829 36592 2723 27414 8320
internal_count=147123 32424 114699 6072 26352 49534 65165 28815 20719 455 17349 5617 5296 9003 7171 6913 17635 13021 321 253 200 425 383 276 182 38829 36592 2723 27414 8320
is_linear=0
shrinkage=0.03


Tree=35
num_leaves=31
num_cat=0
split_feature=14 14 12 12 12 12 21 14 11 21 9 8 10 18 1 5 18 5 14 19 8 6 10 16 6 11 17 12 5 21
split_gain=0.0165126 0.00488609 0.00391515 0.00224151 0.00132684 0.000961116 0.000811017 0.000577029 0.000478057 0.000500559 0.000471601 0.000439412 0.000620599 0.000404629 0.000400468 0.000268862 0.000235415 0.000213915 0.000194911 0.000190462 0.000175794 0.000170866 0.000156099 0.000149935 0.000147249 0.000146917 0.000210126 0.000138994 0.000137407 0.000133089
threshold=0.00249334913266715 0.0071272240979873324 0.0010883914604229172 0.0023257464258486234 0.0055426614884636852 0.00070207352464015575 31.965288555132428 0.0015727395881001184 0.0047647750666872527 47.532848218703421 -0.0061577626442461111 103133.599 0.017061583607764445 0.52129235399782348 0.0051779843345065588 101299.22700000001 0.57263006560637619 94627.012000000017 0.00059897475438309836 0.010289563212782975 102977.01016666669 113557.20150000001 0.0022735252529507703 0.32438833811845252 111818.71800000002 0.0058525663598974148 0.63937978762946901 0.001393676734405756 73899.821000000011 59.322280453528712
decision_type=2 2 2 2 2 2 2 2 2 2 2 2 2 2 2 2 2 2 2 2 2 2 2 2 2 2 2 2 2 2
left_child=2 3 5 10 19 18 -6 -4 9 24 -2 12 23 20 16 -16 29 22 -1 -3 -9 -21 -7 -10 28 -8 -27 -18 -5 -12
right_child=1 4 7 8 6 17 25 13 11 -11 14 -13 -14 -15 15 -17 27 -19 -20 21 -22 -23 -24 -25 -26 26 -28 -29 -30 -31
leaf_value=-1.5359643462605271e-05 2.5401753825637548e-05 5.1417120470673658e-06 -7.5596824987977359e-07 1.998927229301127e-05 0.00028831085558390804 -4.6242285639763301e-06 0 1.2700972711275662e-05 0 1.9354009429889285e-05 1.5405685787159366e-05 0 0.00017244869508291946 1.6120102584923207e-06 3.4569854688390273e-05 0 0 -7.4407869431405166e-06 -9.9240146845424904e-06 6.192371171183928e-05 2.0387860502265537e-06 0 1.2617190234593989e-06 5.3001007788108493e-05 0 0 0.00012364885728569279 7.1689399727360172e-06 4.4107728610379417e-05 3.8405060618661841e-06
leaf_weight=15979 2184 187 20711 817 49 12536 53 7972 28 4077 4547 88 73 10246 964 354 3542 25718 18069 1259 2552 24 4969 426 115 22 143 4929 2397 2093
leaf_count=15979 2184 187 20711 817 49 12536 53 7972 28 4077 4547 88 73 10246 964 354 3542 25718 18069 1259 2552 24 4969 426 115 22 143 4929 2397 2093
internal_value=1.72068e-07 2.0754e-05 -4.7199e-06 1.74241e-05 7.00815e-05 -8.72013e-06 0.00013977 2.65944e-06 3.09071e-05 2.801e-05 1.14524e-05 6.09081e-05 7.12701e-05 6.20957e-06 9.41532e-06 2.62781e-05 7.74583e-06 -5.62345e-06 -1.25631e-05 5.53746e-05 1.04006e-05 6.0357e-05 -2.78206e-06 4.83605e-05 3.77088e-05 9.251e-05 0.000110029 3.89068e-06 3.8911e-05 1.22121e-05
internal_weight=147123 28371 118752 26634 1737 77271 267 41481 8021 7406 18613 615 527 20770 16429 1318 15111 43223 34048 1470 10524 1283 17505 454 3329 218 165 8471 3214 6640
internal_count=147123 28371 118752 26634 1737 77271 267 41481 8021 7406 18613 615 527 20770 16429 1318 15111 43223 34048 1470 10524 1283 17505 454 3329 218 165 8471 3214 6640
is_linear=0
shrinkage=0.03


Tree=36
num_leaves=31
num_cat=0
split_feature=14 13 13 14 23 6 5 6 13 7 22 22 22 9 22 22 22 10 7 22 22 23 10 7 5 7 7 7 6 9
split_gain=0.0156285 0.00449352 0.00409473 0.0026066 0.00137698 0.00100718 0.00095919 0.000758798 0.000636476 0.000601879 0.000530764 0.000506053 0.000656797 0.000444484 0.000413913 0.00119895 0.000964341 0.000363686 0.000743036 0.000686691 0.000435409 0.000342775 0.000324321 0.000290691 0.000275091 0.00103486 0.000307323 0.00026098 0.000249634 0.000248253
threshold=0.0028309636865445228 153.20607142857315 348.75464285714361 0.010000763090932951 4.5000000000000009 101763.82200000003 91069.103000000017 83682.275000000009 245.07857142857239 56121.878500000013 1.5000000000000002 11.500000000000002 14.500000000000002 0.0073168043912754674 11.500000000000002 14.500000000000002 12.500000000000002 -0.024614492365034209 82535.392500000031 11.500000000000002 4.5000000000000009 4.5000000000000009 0.024736133886761217 58224.38425000001 81781.975000000006 69324.660750000025 71928.757750000019 60767.888750000006 54327.507000000005 -0.0052683810439872461
decision_type=2 2 2 2 2 2 2 2 2 2 2 2 2 2 2 2 2 2 2 2 2 2 2 2 2 2 2 2 2 2
left_child=1 4 9 7 5 10 -3 -4 -8 28 -1 24 21 29 -12 16 -16 20 19 -19 -5 -13 -21 -6 25 -11 -27 -17 -2 -14
right_child=2 6 3 17 23 -7 8 -9 -10 11 14 12 13 -15 15 27 -18 18 -20 22 -22 -23 -24 -25 -26 26 -28 -29 -30 -31
leaf_value=1.2367566903296843e-05 0 1.3041536627701764e-05 6.2533705220604237e-05 3.3202512633407399e-06 3.9898920719974163e-07 -9.3382982128534957e-06 -6.3357944118274135e-07 3.1426541692438233e-05 9.8664336657441283e-06 0 -5.016027582345117e-06 3.1746986809278122e-05 2.0542088601367363e-05 3.6636659922920481e-05 2.7487518125434593e-06 5.9276169581653185e-06 4.192982306409094e-05 0 2.583660824310831e-05 0.000243252048586702 0.00023970552169060055 0 0 -1.2832055441912405e-05 0 0.00014794595300592978 3.4602046864041305e-05 -6.2167440796533144e-06 5.8607606710372957e-05 4.6038771589057929e-06
leaf_weight=2443 111 9567 1205 38 1106 22537 20765 4361 6748 1304 17600 3245 1383 660 1558 1901 1090 26 192 58 84 275 22 33488 3329 54 342 6318 442 4871
leaf_count=2443 111 9567 1205 38 1106 22537 20765 4361 6748 1304 17600 3245 1383 660 1558 1901 1090 26 192 58 84 275 22 33488 3329 54 342 6318 442 4871
internal_value=1.74394e-07 -3.90526e-06 2.35109e-05 4.49441e-05 -7.60808e-06 -4.5006e-06 4.80562e-06 3.8701e-05 1.8327e-06 1.53126e-05 -8.76279e-07 1.39362e-05 1.78391e-05 1.17183e-05 -2.11827e-06 2.29882e-06 2.00108e-05 0.00012051 8.16522e-05 0.000154357 0.00019071 2.90085e-05 0.000198181 -1.23223e-05 5.24196e-06 1.50636e-05 5.76653e-05 -3.04279e-06 4.83665e-05 8.60839e-06
internal_weight=147123 125121 22002 5986 88041 53447 37080 5566 27513 16016 30910 15463 10434 6914 28467 10867 2648 420 298 106 122 3520 80 34594 5029 1700 396 8219 553 6254
internal_count=147123 125121 22002 5986 88041 53447 37080 5566 27513 16016 30910 15463 10434 6914 28467 10867 2648 420 298 106 122 3520 80 34594 5029 1700 396 8219 553 6254
is_linear=0
shrinkage=0.03


Tree=37
num_leaves=31
num_cat=0
split_feature=11 11 11 9 13 8 13 13 15 5 13 6 13 5 13 8 6 17 1 11 17 15 13 16 8 13 17 13 10 8
split_gain=0.0147594 0.00430838 0.00343179 0.00142893 0.00100976 0.00094214 0.000865284 0.000776123 0.000733592 0.000636987 0.000628589 0.000596853 0.000588182 0.00045838 0.000452013 0.000418302 0.000409448 0.000349543 0.000303221 0.000358088 0.000277027 0.000266612 0.000258342 0.00025657 0.000234533 0.000305592 0.000212816 0.00019869 0.000164684 0.000163521
threshold=0.0019111159753894189 0.0009573843304783241 0.0058525663598974148 -0.010289236103241782 227.75642857142887 54297.348166666678 83.743928571429436 427.49464285714259 0.85641801264348694 87050.357000000004 512.53071428571491 91366.749000000025 122.00892857142806 104703.63800000002 310.61000000000121 94029.555666666667 62665.661500000009 1.4400600330759552 -0.0025750358775345479 0.0024078237317037708 1.186926133703438 0.55746864079571223 165.317857142858 0.45684742782013527 59327.601250000007 164.20785714285691 0.85713066554233996 176.41071428571277 0.0050617273589488318 111130.09383333336
decision_type=2 2 2 2 2 2 2 2 2 2 2 2 2 2 2 2 2 2 2 2 2 2 2 2 2 2 2 2 2 2
left_child=1 6 3 18 11 10 16 9 -7 14 -4 12 -3 23 26 -8 -1 24 19 -2 -11 -16 -17 -6 -14 28 -5 -13 -26 -21
right_child=2 4 5 7 13 8 15 -9 -10 20 -12 27 17 -15 21 22 -18 -19 -20 29 -22 -23 -24 -25 25 -27 -28 -29 -30 -31
leaf_value=-3.561245743768562e-06 1.6285753930591525e-05 -1.1566802426225948e-06 0 1.0046588454188567e-05 0 1.4727827417280639e-05 4.7771135793563779e-07 3.6106032113642789e-05 0.00010833285296372696 5.8204972056825785e-06 0.00027063752904212017 -4.8082999716852685e-06 1.7428236429877893e-05 2.5892385488462861e-06 9.2356802771846835e-06 -7.7111530348037297e-06 -1.3613330671098472e-05 2.1342195263767774e-05 1.0997890528902259e-05 7.7300393916343848e-05 1.9328114631260832e-05 4.7575952802355885e-05 2.4308966125093966e-06 2.0601191512953528e-05 -2.9467750993079362e-06 1.002895847298127e-05 2.4200063672024022e-05 4.069643715516407e-07 9.9990541828799543e-06 0
leaf_weight=5171 275 9483 27 2733 761 226 7983 2431 266 5918 60 13775 1586 3503 438 27549 28005 1805 288 730 2367 1169 1987 4404 4690 4353 3309 10728 1075 28
leaf_count=5171 275 9483 27 2733 761 226 7983 2431 266 5918 60 13775 1586 3503 438 27549 28005 1805 288 730 2367 1169 1987 4404 4690 4353 3309 10728 1075 28
internal_value=1.78909e-07 -3.59832e-06 2.39721e-05 2.1658e-05 2.56349e-06 9.74561e-05 -8.53595e-06 1.92311e-05 7.14435e-05 1.64681e-05 0.000209868 7.77266e-07 4.29648e-06 1.20046e-05 2.30362e-05 -5.27175e-06 -1.2137e-05 8.34653e-06 5.3122e-05 6.196e-05 1.00419e-05 3.8994e-05 -6.92728e-06 1.78093e-05 6.08584e-06 4.01126e-06 1.82948e-05 -2.40251e-06 -1.22611e-08 7.45689e-05
internal_weight=147123 126858 20265 19686 56163 579 70695 18365 492 15934 87 47495 22992 8668 7649 37519 33176 13509 1321 1033 8285 1607 29536 5165 11704 10118 6042 24503 5765 758
internal_count=147123 126858 20265 19686 56163 579 70695 18365 492 15934 87 47495 22992 8668 7649 37519 33176 13509 1321 1033 8285 1607 29536 5165 11704 10118 6042 24503 5765 758
is_linear=0
shrinkage=0.03


Tree=38
num_leaves=31
num_cat=0
split_feature=11 11 11 12 8 23 9 17 22 12 15 5 8 17 8 8 22 10 15 10 17 22 22 22 9 9 5 22 22 22
split_gain=0.0139427 0.00405854 0.00325861 0.00146816 0.000877278 0.000851354 0.000798769 0.000759561 0.000734377 0.000693062 0.000691281 0.000454227 0.000439858 0.000439774 0.000381185 0.000360835 0.000294314 0.000322057 0.000298863 0.000281625 0.000275604 0.000263042 0.000244856 0.000682416 0.000237148 0.000231461 0.000229103 0.000223146 0.000412084 0.000220178
threshold=0.0019111159753894189 0.0009573843304783241 0.0058525663598974148 0.0027967959452666726 54297.348166666678 4.5000000000000009 -0.00346333223687828 1.2062732967054299 12.500000000000002 0.0013006225032707707 0.60138287153823722 112329.257 104832.13216666668 0.89915497056102189 57721.566416666676 96960.01916666668 22.500000000000004 0.019598572867528089 0.52443589013410741 0.0042233258139885441 1.0867610787220354 21.500000000000004 11.500000000000002 14.500000000000002 -0.002145854896275778 0.0059975567076157041 102950.83700000001 11.500000000000002 17.500000000000004 1.5000000000000002
decision_type=2 2 2 2 2 2 2 2 2 2 2 2 2 2 2 2 2 2 2 2 2 2 2 2 2 2 2 2 2 2
left_child=1 5 3 7 8 12 -5 15 -4 20 -6 14 29 19 -12 -2 17 -8 -19 -11 -3 -16 -22 -24 -7 -20 -9 -14 -29 -1
right_child=2 9 4 6 10 24 16 26 -10 13 11 -13 27 -15 21 -17 -18 18 25 -21 22 -23 23 -25 -26 -27 -28 28 -30 -31
leaf_value=8.6729603114090343e-06 1.4499592763368316e-05 -3.0586454135340608e-06 4.3564128273715826e-05 5.3935907277410973e-05 0 0 2.2246795118538522e-05 3.031909480317188e-05 0.0003321086018649663 0 0 0 -1.116760075304888e-05 1.057710031228877e-05 0.00012060016652764956 1.0953095610863141e-06 0 0 0 8.7851991269744341e-06 -9.342757336422179e-07 0 1.8859765962307043e-05 -1.4344118483418889e-06 -1.27744548629926e-05 7.9867613965491646e-05 8.066366192119666e-06 4.2387483175266144e-06 -9.7344434594351536e-06 -3.0066536232259977e-06
leaf_weight=1464 6690 17671 49 1666 124 1576 3038 3541 38 11220 37 27 12295 11267 274 3174 182 115 54 4534 5931 30 2579 2961 28786 303 923 2942 4485 19147
leaf_count=1464 6690 17671 49 1666 124 1576 3038 3541 38 11220 37 27 12295 11267 274 3174 182 115 54 4534 5931 30 2579 2961 28786 303 923 2942 4485 19147
internal_value=1.83418e-07 -3.48723e-06 2.33095e-05 2.10495e-05 9.49496e-05 -8.27987e-06 3.4918e-05 1.56538e-05 0.000204275 2.49207e-06 6.94838e-05 9.02472e-05 -5.29011e-06 5.96421e-06 9.99387e-05 1.04906e-05 2.55224e-05 2.75796e-05 5.55371e-05 2.47467e-06 -6.24427e-07 0.000111045 2.86394e-06 7.47167e-06 -1.21526e-05 6.95046e-05 2.63903e-05 -8.54351e-06 -3.79544e-06 -2.03146e-06
internal_weight=147123 126858 20265 19686 579 70695 5358 14328 87 56163 492 368 40333 27021 341 9864 3692 3510 472 15754 29142 304 11471 5540 30362 357 4464 19722 7427 20611
internal_count=147123 126858 20265 19686 579 70695 5358 14328 87 56163 492 368 40333 27021 341 9864 3692 3510 472 15754 29142 304 11471 5540 30362 357 4464 19722 7427 20611
is_linear=0
shrinkage=0.03


Tree=39
num_leaves=31
num_cat=0
split_feature=14 14 13 13 12 11 21 22 8 7 8 21 7 8 13 7 8 19 13 5 5 8 11 13 16 13 5 22 22 13
split_gain=0.013332 0.00437134 0.00279059 0.00193229 0.00160615 0.000870457 0.000676182 0.000742354 0.000827232 0.000667553 0.000605807 0.0006011 0.000600033 0.000502979 0.000427982 0.000357189 0.00032821 0.000288424 0.000269778 0.000265658 0.00025818 0.000252421 0.000236923 0.000220511 0.000219977 0.000217055 0.000214056 0.000201262 0.000194283 0.000192413
threshold=0.0023195248687987165 0.0065256621876576904 110.29571428571425 310.61000000000121 0.0055426614884636852 0.0012546475049703167 31.965288555132428 12.500000000000002 87485.088916666675 83687.958000000028 87299.464000000022 51.881548069283234 92957.284750000006 82549.641833333342 112.94535714285719 112084.20100000002 56602.265416666669 0.010289563212782975 68.128214285714691 105260.83600000002 57496.54500000002 58678.127000000008 0.0058525663598974148 170.78999999999934 0.38131165381770299 212.89214285714169 90674.133000000016 5.5000000000000009 21.500000000000004 245.07857142857239
decision_type=2 2 2 2 2 2 2 2 2 2 2 2 2 2 2 2 2 2 2 2 2 2 2 2 2 2 2 2 2 2
left_child=2 3 9 12 17 13 27 -8 22 21 24 15 14 -4 -2 -12 -16 -3 -11 -19 -7 -1 -9 -15 -5 -22 -27 -6 -18 -14
right_child=1 4 5 10 6 20 7 8 -10 18 11 -13 29 23 16 -17 28 19 -20 -21 25 -23 -24 -25 -26 26 -28 -29 -30 -31
leaf_value=2.304888687699522e-06 0 5.1543041020111258e-07 9.7080315412363798e-06 0 2.3091892649987662e-05 2.4489806051906976e-05 0 0 0 -1.5949131901372385e-05 3.2819548670864288e-05 7.6589175535216301e-06 0 -5.0886947572732787e-06 3.7715435994835213e-05 0 1.5022281587118004e-05 5.3559202307449798e-05 -9.6842142870503682e-06 0 1.217997966139798e-06 -6.2732633220517786e-06 0.00023006578303563679 7.3008301840000149e-07 4.5274110801216557e-05 1.842993307425074e-05 4.8962506097245053e-06 0.00038625002048345676 0 9.2887473677149645e-06
leaf_weight=3166 1646 246 2533 145 24 638 94 20 66 12077 3006 2379 6399 27069 734 337 9691 1625 23670 149 12742 17775 67 6382 1920 1593 7054 25 726 3125
leaf_count=3166 1646 246 2533 145 24 638 94 20 66 12077 3006 2379 6399 27069 734 337 9691 1625 23670 149 12742 17775 67 6382 1920 1593 7054 25 726 3125
internal_value=1.819e-07 1.71868e-05 -4.59904e-06 1.39994e-05 5.73254e-05 0 0.000128556 8.82805e-05 0.000130163 -9.33275e-06 2.7073e-05 2.0965e-05 9.304e-06 -2.84836e-06 1.36253e-05 2.95362e-05 1.57352e-05 4.53966e-05 -1.18848e-05 4.99289e-05 4.72355e-06 -4.8331e-06 0.000195776 -3.88887e-06 4.25436e-05 3.99359e-06 7.73662e-06 0.000269886 1.38981e-05 3.18253e-06
internal_weight=147123 32424 114699 30108 2316 58011 296 247 153 56688 7787 5722 22321 35984 12797 3343 11151 2020 35747 1774 22027 20941 87 33451 2065 21389 8647 49 10417 9524
internal_count=147123 32424 114699 30108 2316 58011 296 247 153 56688 7787 5722 22321 35984 12797 3343 11151 2020 35747 1774 22027 20941 87 33451 2065 21389 8647 49 10417 9524
is_linear=0
shrinkage=0.03


Tree=40
num_leaves=31
num_cat=0
split_feature=14 13 11 13 5 6 13 21 22 5 4 9 7 9 9 13 5 23 13 21 5 22 22 5 23 6 6 17 6 22
split_gain=0.0126219 0.00357736 0.00343509 0.0018078 0.00108542 0.000829637 0.000814749 0.000717335 0.000703927 0.00108421 0.000773777 0.000957303 0.000691088 0.000555033 0.000534541 0.000476662 0.000467146 0.000426777 0.000380246 0.000372931 0.000365241 0.000340698 0.000728481 0.000264338 0.000260213 0.000240415 0.000224688 0.000222457 0.000214953 0.000200579
threshold=0.0028309636865445228 122.00892857142806 0.0058525663598974148 348.75464285714361 91069.103000000017 60907.326000000008 227.75642857142887 47.532848218703421 12.500000000000002 54316.537000000011 0.014584402253623454 -0.014663343093056056 88676.621000000014 0.0087252951956947617 -0.005047441745153868 67.400714285714599 92501.623000000007 3.5000000000000004 207.43535714285778 31.055374088484836 57496.54500000002 11.500000000000002 14.500000000000002 94910.29700000002 4.5000000000000009 79741.367000000013 109393.07050000002 0.79203580269895757 94266.610000000015 12.500000000000002
decision_type=2 2 2 2 2 2 2 2 2 2 2 2 2 2 2 2 2 2 2 2 2 2 2 2 2 2 2 2 2 2
left_child=1 5 3 13 18 -1 26 12 19 -10 11 -11 -5 14 -2 -7 -12 25 20 -4 -3 -16 24 -17 -23 -15 29 -8 -24 -6
right_child=2 4 8 7 6 15 27 -9 9 10 16 -13 -14 17 21 23 -18 -19 -20 -21 -22 22 28 -25 -26 -27 -28 -29 -30 -31
leaf_value=4.6392232777162442e-07 2.3361309987752114e-05 2.7106873478866525e-05 8.9944227163275988e-05 7.1469914397339249e-05 -3.5109446664514323e-06 -1.377001494174589e-05 2.128214368041449e-06 2.1503141201006014e-05 0.00032094823573507316 0.00015685076387706863 0.00025384550985698979 0 3.2583801826007605e-05 7.1671266195586148e-05 5.6279222661608391e-07 -4.1303473279193631e-06 0 0 1.7855550146946818e-05 0 4.2543757541653343e-06 2.7934156313555765e-05 9.8636884998719899e-06 -9.5069542250789495e-06 0 1.8887457644633524e-05 -6.2074546454453047e-06 1.2600066194722017e-05 -1.669798890475197e-06 2.2730206732010187e-06
leaf_weight=8083 3236 737 64 884 11825 17707 4718 2764 37 55 52 174 1807 351 3926 15894 30 231 3425 139 12093 2494 3225 25434 209 364 11603 4197 1960 9405
leaf_count=8083 3236 737 64 884 11825 17707 4718 2764 37 55 52 174 1807 351 3926 15894 30 231 3425 139 12093 2494 3225 25434 209 364 11603 4197 1960 9405
internal_value=1.86107e-07 -3.47807e-06 2.11598e-05 1.90849e-05 1.9369e-06 -8.20235e-06 -5.56675e-07 3.43725e-05 9.64773e-05 0.000126611 9.37516e-05 4.64359e-05 4.6475e-05 1.36837e-05 1.1985e-05 -9.43974e-06 0.000189131 3.7535e-05 8.5257e-06 3.00114e-05 5.80113e-06 8.61472e-06 1.22419e-05 -7.51181e-06 2.51664e-05 4.90011e-05 -2.80708e-06 7.39474e-06 4.92535e-06 -8.07311e-07
internal_weight=147123 125121 22002 21451 58003 67118 41748 5455 551 348 311 229 2691 15996 15050 59035 82 946 16255 203 12830 11814 7888 41328 2703 715 32833 8915 5185 21230
internal_count=147123 125121 22002 21451 58003 67118 41748 5455 551 348 311 229 2691 15996 15050 59035 82 946 16255 203 12830 11814 7888 41328 2703 715 32833 8915 5185 21230
is_linear=0
shrinkage=0.03


Tree=41
num_leaves=31
num_cat=0
split_feature=14 12 14 12 10 23 22 12 14 6 22 18 11 4 7 21 22 22 23 11 7 22 22 5 22 22 22 4 1 6
split_gain=0.0119235 0.00349514 0.0033269 0.0012428 0.00109452 0.000973072 0.000631578 0.00100031 0.000551299 0.000482838 0.000466706 0.000327057 0.00029698 0.000499707 0.000474349 0.000348736 0.000271746 0.000519479 0.000319862 0.000240485 0.000239129 0.000224456 0.000515904 0.000197087 0.000194554 0.00046858 0.00116541 0.000192581 0.000255582 0.000250171
threshold=0.0028309636865445228 0.0011703910390638078 0.0071272240979873324 0.0023257464258486234 -0.024614492365034209 4.5000000000000009 4.5000000000000009 0.0055426614884636852 0.0016928341394664254 104342.15650000003 1.5000000000000002 0.52129235399782348 0.0047647750666872527 0.0084163451214766 80946.777000000016 47.532848218703421 11.500000000000002 14.500000000000002 4.5000000000000009 0.00044233150648347925 108106.25950000003 11.500000000000002 16.500000000000004 94268.243000000017 21.500000000000004 12.500000000000002 14.500000000000002 -0.0074145585170469199 0.0036088378565898309 81794.244000000021
decision_type=2 2 2 2 2 2 2 2 2 2 2 2 2 2 2 2 2 2 2 2 2 2 2 2 2 2 2 2 2 2
left_child=1 5 3 16 6 9 -4 -8 -3 10 -1 -10 15 14 -14 -5 27 18 20 -7 -18 -11 -23 -19 25 -12 -27 -2 -29 -30
right_child=2 8 4 12 -6 19 7 -9 11 21 24 -13 13 -15 -16 -17 17 23 -20 -21 -22 22 -24 -25 -26 26 -28 28 29 -31
leaf_value=1.1825394961158666e-05 1.5836000354109075e-05 8.5373414581620559e-08 3.0660776220566869e-06 3.3421803413431944e-05 4.8105202787443021e-05 -1.5609083276569294e-05 6.5288244621405586e-05 0.00027782922916163693 1.1217088949238393e-05 -9.6161047265634003e-06 -3.6465209080511351e-06 3.138546979103504e-06 7.2544396367437152e-05 0.00010637594820181926 0 1.6394000877655742e-05 3.1891593963706449e-05 1.3562864464009307e-05 0 -9.0272575924155767e-06 2.7151368345811396e-06 5.9027826784145283e-06 -8.2140787496303871e-06 8.8432901210756106e-07 -1.0558704904092394e-05 3.3344167528279035e-05 -1.3905533715353219e-06 -3.4367429498502079e-06 3.8382815488992401e-05 0
leaf_weight=2201 1005 19129 72 2945 1493 8756 107 65 10328 14801 17730 10376 135 160 289 3451 2388 2935 268 25061 544 3338 6703 2658 2521 1144 3033 2727 287 473
leaf_count=2201 1005 19129 72 2945 1493 8756 107 65 10328 14801 17730 10376 135 160 289 3451 2388 2935 268 25061 544 3338 6703 2658 2521 1144 3033 2727 287 473
internal_value=1.89204e-07 -3.37157e-06 2.05749e-05 1.69535e-05 6.10938e-05 -6.81109e-06 0.000128227 0.000163155 3.9176e-06 -4.11876e-06 -1.17587e-06 7.31339e-06 2.75089e-05 5.3085e-05 2.58811e-05 2.47038e-05 1.11817e-05 1.4414e-05 2.45569e-05 -1.08202e-05 2.75017e-05 -7.15256e-06 -3.22233e-06 8.07406e-06 -2.47016e-06 -1.40237e-06 7.40499e-06 4.18657e-06 0 1.61322e-05
internal_weight=147123 125121 22002 20265 1737 85288 244 172 39833 51471 26629 20704 6980 584 424 6396 13285 8793 3200 33817 2932 24842 10041 5593 24428 21907 4177 4492 3487 760
internal_count=147123 125121 22002 20265 1737 85288 244 172 39833 51471 26629 20704 6980 584 424 6396 13285 8793 3200 33817 2932 24842 10041 5593 24428 21907 4177 4492 3487 760
is_linear=0
shrinkage=0.03


Tree=42
num_leaves=31
num_cat=0
split_feature=13 14 14 5 8 8 10 13 6 13 13 22 9 13 4 22 16 16 6 13 8 22 22 22 22 5 22 16 6 9
split_gain=0.0113253 0.00374045 0.00264998 0.00126428 0.00107777 0.000968959 0.000568887 0.000550203 0.000569126 0.000470684 0.00044931 0.000447862 0.000427207 0.000416333 0.000396106 0.000385826 0.000349475 0.000314969 0.000299663 0.000299522 0.000336962 0.000297561 0.000558945 0.000291411 0.000280641 0.000398076 0.00026928 0.000266729 0.000252337 0.000224995
threshold=214.84321428571539 0.0060991113624748079 0.0010341568814612302 94268.243000000017 55203.617250000003 59747.689833333345 -0.024614492365034209 135.66214285714162 91366.749000000025 448.17535714285788 88.788571428570734 12.500000000000002 -0.014663343093056056 108.96571428571615 0.014584402253623454 18.500000000000004 1.0750431817915411 1.3604439556528056 65580.555500000017 374.60142857142802 90148.837916666685 18.500000000000004 6.5000000000000009 21.500000000000004 18.500000000000004 71919.713000000003 14.500000000000002 0.61633275383989405 103258.80600000001 -0.0012204735635613637
decision_type=2 2 2 2 2 2 2 2 2 2 2 2 2 2 2 2 2 2 2 2 2 2 2 2 2 2 2 2 2 2
left_child=2 3 10 19 6 13 -3 -7 -9 17 -1 -8 18 -4 -14 -11 -16 -5 -6 23 -21 22 -15 27 25 -18 -13 -2 -27 -10
right_child=1 4 5 9 12 7 11 8 29 15 -12 26 14 21 16 -17 24 -19 -20 20 -22 -23 -24 -25 -26 28 -28 -29 -30 -31
leaf_value=-1.1325555067539018e-05 1.0298542640668597e-05 0.00028056879701705351 1.6138966875241203e-06 4.0411542063267502e-06 0 -4.2209882884094064e-06 0 7.3171131968123307e-06 3.0661181991672816e-06 3.9578049542811883e-05 -5.4627243333800343e-06 0.00021924513189323705 2.7377421975844995e-05 1.2072135159260601e-06 0 0 0 1.6304932168556156e-05 9.8746014212563668e-05 4.295181099232059e-05 5.8884352133854415e-06 0 3.0996846685703488e-05 0 0 0.00013603344684289906 8.097132589894407e-06 2.49748611441536e-05 0 -3.5568665596567166e-06
leaf_weight=29940 2517 37 3298 12074 66 27075 58 10493 6628 756 23905 29 1615 1092 80 264 36 2596 277 1417 500 864 2022 690 51 162 54 5051 33 13443
leaf_count=29940 2517 37 3298 12074 66 27075 58 10493 6628 756 23905 29 1615 1092 80 264 36 2596 277 1417 500 864 2022 690 51 162 54 5051 33 13443
internal_value=1.90346e-07 1.72417e-05 -3.8567e-06 1.36986e-05 5.27245e-05 1.79508e-07 0.000133316 -1.07561e-06 1.61256e-06 8.05253e-06 -8.77843e-06 7.32418e-05 4.52427e-05 1.05345e-05 3.69631e-05 2.86467e-05 7.14237e-05 6.41594e-06 8.41963e-05 2.21099e-05 3.48505e-05 1.71759e-05 2.15141e-05 1.87887e-05 8.75385e-05 0.000102211 0.000118148 2.04903e-05 0.00011921 -1.2203e-06
internal_weight=147123 28363 118760 25865 2498 64915 178 57639 30564 15690 53845 141 2320 7276 1977 1020 362 14670 343 10175 1917 3978 3114 8258 282 231 83 7568 195 20071
internal_count=147123 28363 118760 25865 2498 64915 178 57639 30564 15690 53845 141 2320 7276 1977 1020 362 14670 343 10175 1917 3978 3114 8258 282 231 83 7568 195 20071
is_linear=0
shrinkage=0.03


Tree=43
num_leaves=31
num_cat=0
split_feature=14 12 11 13 14 22 5 13 21 7 5 5 10 2 23 22 3 9 10 8 13 13 8 13 7 22 7 23 15 21
split_gain=0.010734 0.00373548 0.00286253 0.00104502 0.000941408 0.000714242 0.000868441 0.000692067 0.000652228 0.000546617 0.000497286 0.000447207 0.000428939 0.000428194 0.000314773 0.000282026 0.000240113 0.000234175 0.000229138 0.000218037 0.000243263 0.000209052 0.000208388 0.000241804 0.000197352 0.000196442 0.000191188 0.000186973 0.000185792 0.000741137
threshold=0.003251021468619606 0.0011703910390638078 0.0058525663598974148 348.75464285714361 0.00092226106940086078 12.500000000000002 54316.537000000011 218.91142857142799 54.04118033248664 84043.37175000002 57496.54500000002 94268.243000000017 -0.024614492365034209 0.0079052872419429505 4.5000000000000009 3.5000000000000004 -0.0051815973319508926 -0.0029612237926369129 0.0095822734504394953 90739.035500000013 158.10071428571379 119.76607142857186 61047.613000000005 106.35142857142769 86332.453500000018 21.500000000000004 109383.26025000001 1.5000000000000002 1.509418809317814 70.597790445584778
decision_type=2 2 2 2 2 2 2 2 2 2 2 2 2 2 2 2 2 2 2 2 2 2 2 2 2 2 2 2 2 2
left_child=1 4 3 13 14 12 -7 10 9 -5 21 15 -4 16 -1 -9 -2 -6 -15 20 -12 -3 -19 -24 -11 -23 -26 -22 29 -8
right_child=2 7 5 8 17 6 28 11 -10 24 19 -13 -14 18 -16 -17 -18 22 -20 -21 27 25 23 -25 26 -27 -28 -29 -30 -31
leaf_value=-6.5445436341405273e-06 2.0127904303806288e-05 0 7.3998380521802997e-05 7.1053260862658445e-05 3.6592787576811134e-06 0.00030373185476560564 1.0597178005397137e-05 0 1.5735080321969092e-05 0 0 5.5736216865696351e-06 0 4.8711774541991533e-06 -1.2183049680180566e-05 2.0205185543466273e-05 8.5467918939800461e-06 2.5549636666283204e-06 4.6402673393152702e-05 -2.3009746216750033e-06 0 3.192166260119793e-05 -7.6534128689738498e-06 -2.3332414694014347e-06 3.8039745502179106e-05 0 0 1.1550461741376955e-05 0.00016110814415143894 0.00018525195862806708
leaf_weight=20989 3214 601 95 653 3779 37 187 761 1776 127 9048 10498 104 360 21806 4260 6670 3616 688 12576 1975 857 14286 21849 1967 89 218 3921 79 37
leaf_count=20989 3214 601 95 653 3779 37 187 761 1776 127 9048 10498 104 360 21806 4260 6670 3616 688 12576 1975 857 14286 21849 1967 89 218 3921 79 37
internal_value=1.93946e-07 -2.63712e-06 2.32395e-05 2.06542e-05 -6.29339e-06 9.28332e-05 0.000123104 4.37468e-06 3.29735e-05 4.22864e-05 1.51983e-06 9.52845e-06 2.60105e-05 1.50369e-05 -9.48774e-06 1.71995e-05 1.26163e-05 -3.08405e-06 3.50003e-05 4.7713e-07 3.01577e-06 1.81283e-05 -3.80059e-06 -4.51961e-06 3.28613e-05 2.71342e-05 3.49844e-05 7.75784e-06 9.10565e-05 5.29031e-05
internal_weight=147123 130911 16212 15673 86325 539 340 44586 4741 2965 29067 15519 199 10932 42795 5021 9884 43530 1048 27520 14944 1547 39751 36135 2312 946 2185 5896 303 224
internal_count=147123 130911 16212 15673 86325 539 340 44586 4741 2965 29067 15519 199 10932 42795 5021 9884 43530 1048 27520 14944 1547 39751 36135 2312 946 2185 5896 303 224
is_linear=0
shrinkage=0.03


Tree=44
num_leaves=31
num_cat=0
split_feature=13 13 5 13 7 5 10 21 13 17 17 6 17 7 15 7 22 3 4 15 21 10 22 22 22 5 4 22 5 9
split_gain=0.0101514 0.00365149 0.00177917 0.00164461 0.0014014 0.00116806 0.000904413 0.000821796 0.000653036 0.00103774 0.000549071 0.000527755 0.000495689 0.000492721 0.000450855 0.000412634 0.000385613 0.000539081 0.000493571 0.000462639 0.000389733 0.000372946 0.000528168 0.00191173 0.000314239 0.000313232 0.000333584 0.000312332 0.000290966 0.000284376
threshold=185.255357142858 364.82142857142964 78842.133000000016 101.10499999999958 83467.492500000008 94268.243000000017 -0.024614492365034209 37.516398752265452 512.53071428571491 0.64985120064188251 1.5922917742294358 60907.326000000008 1.5079635930154238 109638.94675000002 0.61990237373537405 56121.878500000013 18.500000000000004 -0.0029188842669014554 0.017328087116409211 0.54301102864045681 84.509985349142184 0.024736133886761217 12.500000000000002 14.500000000000002 21.500000000000004 57496.54500000002 0.0027794048955460675 6.5000000000000009 105260.83600000002 -0.0044616784934130007
decision_type=2 2 2 2 2 2 2 2 2 2 2 2 2 2 2 2 2 2 2 2 2 2 2 2 2 2 2 2 2 2
left_child=3 5 8 11 10 14 7 -4 27 -10 25 -1 -7 16 -2 -16 18 -18 -8 -20 28 22 -11 -24 -17 -5 -27 -3 -21 -29
right_child=1 2 6 4 -6 12 13 -9 9 21 -12 -13 -14 -15 15 24 17 -19 19 20 -22 -23 23 -25 -26 26 -28 29 -30 -31
leaf_value=-2.9047601395998604e-07 6.9472907534665036e-06 0 0.00010473827867752244 1.9408816741021427e-05 -3.7787010749694612e-06 2.2951860628883022e-06 2.671429930447136e-05 0 0 7.3775924497540511e-05 2.2918621658944475e-05 -9.7253800078842356e-06 1.653981555239615e-05 0 5.5054305639919818e-05 1.9985287920582506e-05 3.6145919846681118e-05 -4.4415055374277904e-06 0 0.00010211209726254971 0 0 0.00057148762456813416 0 0 -8.8432389030112815e-07 9.4496603911886337e-06 0.00011514829511989227 0 2.7367469711723476e-05
leaf_weight=6833 4183 83 263 1213 42885 17311 3162 64 49 50 1802 43597 2686 641 381 7806 419 680 114 308 73 23 21 20 636 7234 4195 128 33 230
leaf_count=6833 4183 83 263 1213 42885 17311 3162 64 49 50 1802 43597 2686 641 381 7806 419 680 114 308 73 23 21 20 636 7234 4195 128 33 230
internal_value=1.95497e-07 1.32533e-05 3.42388e-05 -4.54664e-06 -1.01098e-06 9.11754e-06 2.83095e-05 8.10097e-05 8.57738e-05 0.000150584 6.99881e-06 -8.50649e-06 4.35862e-06 2.45819e-05 1.62037e-05 2.02521e-05 2.78881e-05 8.30506e-06 3.29072e-05 6.43014e-05 7.92365e-05 0.000201492 0.000233524 0.000354693 1.83254e-05 4.49212e-06 2.64631e-06 5.49891e-05 9.30075e-05 6.71537e-05
internal_weight=147123 39364 6361 107759 57329 33003 5757 327 604 163 14444 50430 19997 5430 13006 8823 4789 1099 3690 528 414 114 91 41 8442 12642 11429 441 341 358
internal_count=147123 39364 6361 107759 57329 33003 5757 327 604 163 14444 50430 19997 5430 13006 8823 4789 1099 3690 528 414 114 91 41 8442 12642 11429 441 341 358
is_linear=0
shrinkage=0.03


Tree=45
num_leaves=31
num_cat=0
split_feature=14 14 11 12 9 22 22 12 21 8 5 22 22 23 22 6 8 22 21 11 12 12 18 8 5 5 1 17 12 8
split_gain=0.0096511 0.00359107 0.00255549 0.000991513 0.000853793 0.000696479 0.000717482 0.000694081 0.000571454 0.000494841 0.000415678 0.000369506 0.00101143 0.000484338 0.00042132 0.00047973 0.000354747 0.000335105 0.000323123 0.000312382 0.000285828 0.000263437 0.0002536 0.000219925 0.000214082 0.000213449 0.000211616 0.000201275 0.000184323 0.00018122
threshold=0.003475768497969912 0.0013784550177157451 0.0058525663598974148 0.0015531223872100629 -0.010289236103241782 12.500000000000002 17.500000000000004 0.00068833227972874011 37.516398752265452 90148.837916666685 96143.842000000019 11.500000000000002 14.500000000000002 4.5000000000000009 12.500000000000002 104610.46200000001 56602.265416666669 1.5000000000000002 31.348586315661368 0.0025537207728633855 0.0055426614884636852 0.0026049057837776706 0.45444890449124442 104349.09433333334 83683.985000000015 90674.133000000016 -0.00084960879469397888 0.73256979263687871 0.0017853733630040624 102977.01016666669
decision_type=2 2 2 2 2 2 2 2 2 2 2 2 2 2 2 2 2 2 2 2 2 2 2 2 2 2 2 2 2 2
left_child=1 7 4 11 19 18 9 -1 10 27 -8 17 13 14 24 -16 28 25 20 -2 -4 29 -18 -9 -13 -3 -21 -7 -6 -5
right_child=2 3 5 21 16 6 8 23 -10 -11 -12 12 -14 -15 15 -17 22 -19 -20 26 -22 -23 -24 -25 -26 -27 -28 -29 -30 -31
leaf_value=-1.0116389717874663e-05 1.669090395421417e-05 1.3799945989612471e-05 0 8.8156856146167576e-06 0 0 0 -2.3667976913916483e-06 0 1.3531051572115513e-05 0.00022430595010519024 1.9218822262551848e-05 -1.124525769903721e-06 -2.0226656600437348e-07 3.5983392822988389e-05 7.8972638006643954e-06 2.4683227892624643e-05 -4.6379187108090278e-06 0 6.6377079563077635e-05 0.00013508355229192637 1.7829796294568456e-05 1.3009611590101835e-05 -6.8676054839596356e-06 -2.0234546315435699e-06 0 0 0.00023024374602155693 5.177128342001178e-05 3.2725472149433859e-07
leaf_weight=30020 472 1534 27 12993 66 20 26 29600 104 52 23 567 12338 1308 1754 1266 3417 14511 133 692 36 2992 8128 17444 1035 2214 108 110 482 3651
leaf_count=30020 472 1534 27 12993 66 20 26 29600 104 52 23 567 12338 1308 1754 1266 3417 14511 133 692 36 2992 8128 17444 1035 2214 108 110 482 3651
internal_value=1.97012e-07 -2.26395e-06 2.4007e-05 3.47083e-06 2.11477e-05 9.03101e-05 0.000120277 -6.48229e-06 4.22904e-05 0.000169304 0.000126694 4.61191e-07 3.54622e-06 1.37699e-05 1.8373e-05 2.52035e-05 1.82694e-05 -2.46106e-06 2.37574e-05 4.61492e-05 7.97671e-05 8.91656e-06 1.67247e-05 -4.09949e-06 3.62307e-06 5.16652e-06 5.97759e-05 0.000208495 4.53305e-05 7.13393e-06
internal_weight=147123 133227 13896 56163 13365 531 335 77064 153 182 49 36527 18268 5930 4622 3020 12093 18259 196 1272 63 19636 11545 47044 1602 3748 800 130 548 16644
internal_count=147123 133227 13896 56163 13365 531 335 77064 153 182 49 36527 18268 5930 4622 3020 12093 18259 196 1272 63 19636 11545 47044 1602 3748 800 130 548 16644
is_linear=0
shrinkage=0.03


Tree=46
num_leaves=31
num_cat=0
split_feature=13 8 13 13 8 10 8 8 17 9 7 17 6 17 22 22 22 23 5 5 4 4 10 22 16 23 7 22 2 13
split_gain=0.00916898 0.00291663 0.00209034 0.00208828 0.00147522 0.00089525 0.000771945 0.000770527 0.000709084 0.000662752 0.000731859 0.000548408 0.000530409 0.000445813 0.000370008 0.00109346 0.000639345 0.00051038 0.000450636 0.000356873 0.000333207 0.000300939 0.000298677 0.000270794 0.000270079 0.000267248 0.000541882 0.000634712 0.000245402 0.000240538
threshold=214.84321428571539 55203.617250000003 104.31214285714201 397.58464285714223 83236.367916666684 -0.024614492365034209 89334.455416666679 102977.01016666669 1.4938916660908674 -0.014663343093056056 90702.977250000011 0.64985120064188251 60907.326000000008 1.9391362265671492 11.500000000000002 14.500000000000002 12.500000000000002 4.5000000000000009 104342.27700000002 57496.54500000002 -0.010676887560600199 0.0027794048955460675 -0.024614492365034209 1.5000000000000002 0.45684742782013527 1.0000000180025095e-35 102310.52300000003 17.500000000000004 -0.00025795190442279287 254.01964285714507
decision_type=2 2 2 2 2 2 2 2 2 2 2 2 2 2 2 2 2 2 2 2 2 2 2 2 2 2 2 2 2 2
left_child=2 5 12 7 8 -2 11 13 19 10 -8 -5 -1 24 23 16 -16 18 -18 -4 -7 28 -12 -6 -3 26 -26 -28 -21 -15
right_child=1 3 4 6 14 20 9 -9 -10 -11 22 -13 -14 29 15 -17 17 -19 -20 21 -22 -23 -24 -25 25 -27 27 -29 -30 -31
leaf_value=0 0.00027639687629243894 1.294289664865598e-06 1.9605626311510531e-05 2.6646163774093675e-07 1.1452870793385202e-06 0 0 2.5090053117869172e-06 2.3978238151334394e-05 1.7001423359442652e-05 0.00017248841581554643 6.0053156852159485e-05 -9.0326368666516778e-06 6.4738745712641254e-06 -2.0279186745666847e-07 -3.431438286255217e-06 3.8908196089730385e-05 0 1.0274386782998609e-05 4.5899940197181506e-06 8.9671579858890019e-05 9.2436578866145123e-06 1.6523770759870042e-05 -6.3721025396180041e-06 2.1485741577608154e-05 1.1932620741734065e-05 0.00026866654947108184 0 -6.2418788653860245e-06 5.2451051584134326e-05
leaf_weight=7172 39 2084 1472 269 4615 58 55 7889 2277 2709 73 1321 46153 340 2205 17836 1369 1090 1349 3975 222 4658 74 21068 2446 10233 20 20 3521 511
leaf_count=7172 39 2084 1472 269 4615 58 55 7889 2277 2709 73 1321 46153 340 2205 17836 1369 1090 1349 3975 222 4658 74 21068 2446 10233 20 20 3521 511
internal_value=1.96588e-07 1.55408e-05 -3.44276e-06 1.43908e-05 1.05107e-07 0.000107204 3.34301e-05 1.06232e-05 8.09827e-06 2.23505e-05 7.91981e-05 5.18256e-05 -7.85259e-06 1.45208e-05 -2.40066e-06 1.69926e-07 1.13512e-05 1.88291e-05 2.58013e-05 5.22429e-06 7.28376e-05 3.23556e-06 0.000114434 -4.90449e-06 1.29906e-05 1.46711e-05 2.47357e-05 0.000148106 -9.77301e-08 3.76096e-05
internal_weight=147123 28363 118760 28044 65435 319 4501 23543 15903 2911 202 1590 53325 15654 49532 23849 6013 3808 2718 13626 280 12154 147 25683 14803 12719 2486 40 7496 851
internal_count=147123 28363 118760 28044 65435 319 4501 23543 15903 2911 202 1590 53325 15654 49532 23849 6013 3808 2718 13626 280 12154 147 25683 14803 12719 2486 40 7496 851
is_linear=0
shrinkage=0.03


Tree=47
num_leaves=31
num_cat=0
split_feature=13 14 14 10 5 8 8 3 8 13 23 22 15 13 17 12 8 6 13 22 22 6 17 13 10 10 3 8 8 13
split_gain=0.00867242 0.0036356 0.00149525 0.00124822 0.00102547 0.000860704 0.000657751 0.000602832 0.000631577 0.000468843 0.000365262 0.000349846 0.000333333 0.000430735 0.000314127 0.000295499 0.000366264 0.000287966 0.000244997 0.000301814 0.000483399 0.000239916 0.000239002 0.000227369 0.000222226 0.000213472 0.00027952 0.000254668 0.000209371 0.000204786
threshold=185.255357142858 0.0052501291522619791 0.0010341568814612302 -0.024614492365034209 94268.243000000017 55203.617250000003 59747.689833333345 -0.020197045047089853 82837.166000000012 448.17535714285788 4.5000000000000009 18.500000000000004 0.54301102864045681 305.71000000000123 1.6956209071510018 0.0031997430430563199 102977.01016666669 104931.02300000002 108.96571428571615 18.500000000000004 6.5000000000000009 104342.15650000003 1.2898441059134613 99.142142857141167 0.0015610518282552779 0.017061583607764445 0.0032441104976611572 88694.093666666682 104591.23183333334 113.60178571428592
decision_type=2 2 2 2 2 2 2 2 2 2 2 2 2 2 2 2 2 2 2 2 2 2 2 2 2 2 2 2 2 2
left_child=2 4 10 5 12 -3 18 8 -7 17 28 -11 -2 -14 21 -5 -17 22 -4 20 -20 23 -6 -8 -24 26 -15 -27 -1 -16
right_child=1 3 6 15 9 7 14 -9 -10 11 -12 -13 13 25 29 16 -18 -19 19 -21 -22 -23 24 -25 -26 27 -28 -29 -30 -31
leaf_value=-2.2517669651268602e-06 6.5855844336298519e-06 0.00026280148986288838 1.4446371770623746e-06 2.3255002013271481e-05 4.5961333203212522e-06 0 -6.1218216145996318e-06 0 0.00014366966094397178 3.8224282702254217e-05 -1.0566274719435775e-05 0 1.4291048987715645e-05 3.3593026054781015e-05 -7.9184226456721591e-07 5.1556484700272729e-05 0 0 0 0 2.944819923728653e-05 -6.7640511623305121e-06 2.5429280210646922e-05 0 0 8.0087120687885528e-05 5.0090429853973069e-06 0 -7.8459680842101978e-06 8.5971112166841869e-06
leaf_weight=13677 3663 38 3298 2382 9017 81 7075 148 134 648 24795 218 7330 1491 3550 1220 142 9970 932 687 1568 11303 1201 22706 716 202 731 32 14394 3774
leaf_count=13677 3663 38 3298 2382 9017 81 7075 148 134 648 24795 218 7330 1491 3550 1220 142 9970 932 687 1568 11303 1201 22706 716 202 731 32 14394 3774
internal_value=1.99871e-07 1.22704e-05 -4.18163e-06 3.9066e-05 9.0315e-06 9.35959e-05 -6.53693e-07 6.75533e-05 0.000101122 4.80683e-06 -7.78807e-06 2.70147e-05 1.56469e-05 1.87319e-05 -1.90615e-06 3.2422e-05 4.62489e-05 3.74318e-06 8.23272e-06 1.43157e-05 1.92328e-05 -2.96729e-06 7.10564e-06 -1.42553e-06 1.73439e-05 3.07633e-05 2.55401e-05 6.75139e-05 -5.2272e-06 3.63666e-06
internal_weight=147123 39364 107759 4145 35219 401 54893 363 215 21770 52866 866 13449 9786 48408 3744 1362 20904 6485 3187 2500 41084 10934 29781 1917 2456 2222 234 28071 7324
internal_count=147123 39364 107759 4145 35219 401 54893 363 215 21770 52866 866 13449 9786 48408 3744 1362 20904 6485 3187 2500 41084 10934 29781 1917 2456 2222 234 28071 7324
is_linear=0
shrinkage=0.03


Tree=48
num_leaves=31
num_cat=0
split_feature=13 14 14 13 6 6 13 17 13 12 6 17 23 13 16 22 22 23 21 12 9 22 19 5 22 19 15 17 6 5
split_gain=0.00822057 0.00287266 0.00191886 0.00128158 0.000829333 0.000719923 0.000413531 0.000411455 0.000398703 0.000395881 0.00037959 0.000363763 0.000361058 0.000335632 0.0002876 0.000257399 0.000349937 0.00028951 0.000233767 0.000472224 0.000301167 0.000746244 0.000358654 0.0004804 0.000442059 0.000229258 0.000222495 0.000194696 0.000191535 0.000190532
threshold=214.84321428571539 0.0080305264588041141 0.0010341568814612302 427.49464285714259 94383.402500000011 60425.072500000002 290.95500000000123 1.6956209071510018 108.96571428571615 0.001484076398116922 88680.911500000017 1.333257407474578 4.5000000000000009 150.41928571428647 0.32438833811845252 6.5000000000000009 16.500000000000004 5.5000000000000009 31.668133191409641 0.0055426614884636852 0.0059975567076157041 17.500000000000004 0.093353536087184594 83237.623000000007 12.500000000000002 0.50878345206247289 0.56490450053846242 0.58411240053684022 104342.15650000003 104342.27700000002
decision_type=2 2 2 2 2 2 2 2 2 2 2 2 2 2 2 2 2 2 2 2 2 2 2 2 2 2 2 2 2 2
left_child=2 3 12 4 26 8 -3 13 -4 -9 14 -6 28 -7 -5 -10 17 27 19 -8 22 25 -20 24 -24 29 -2 -17 -1 -22
right_child=1 6 5 10 11 7 18 9 15 -11 -12 -13 -14 -15 -16 16 -18 -19 20 -21 21 -23 23 -25 -26 -27 -28 -29 -30 -31
leaf_value=-2.0714662078932542e-06 7.5642332131223586e-06 0 4.9075261160783134e-07 0 2.8913940409548255e-06 -4.2277440008430584e-06 6.9396266119393541e-05 2.6910714580578612e-06 0 2.7234328622084474e-05 2.1263871546291547e-05 1.5619069004643614e-05 -1.0199057528363394e-05 7.0247135783869466e-07 5.3984201398830545e-05 0 6.5806271270132967e-06 0 0 0.00023999387214829841 0.00013748745952642697 0 0 0 0.00015549955744564408 0 2.0191867411775328e-05 3.7450306228799638e-05 -7.3597282151299514e-06 0
leaf_weight=13768 2568 142 3740 56 11881 27810 207 7406 1130 702 1881 2730 24922 20839 935 174 1627 156 172 44 151 50 39 140 58 20 7265 1331 15155 24
leaf_count=13768 2568 142 3740 56 11881 27810 207 7406 1130 702 1881 2730 24922 20839 935 174 1627 156 172 44 151 50 39 140 58 20 7265 1331 15155 24
internal_value=2.00243e-07 1.47302e-05 -3.24463e-06 1.27235e-05 1.0314e-05 1.83426e-07 6.42122e-05 -9.6699e-07 8.55477e-06 5.18637e-06 3.21855e-05 5.47492e-06 -7.43316e-06 -2.0542e-06 4.98845e-05 1.47021e-05 1.8997e-05 2.93521e-05 7.19812e-05 0.000111333 5.22772e-05 8.58581e-05 2.48123e-05 4.92307e-05 0.000101837 0.000112709 1.71992e-05 3.35255e-05 -4.94614e-06 0.000123825
internal_weight=147123 28363 118760 27316 24444 64915 1047 56757 8158 8108 2872 14611 53845 48649 991 4418 3288 1661 905 251 654 245 409 237 97 195 9833 1505 28923 175
internal_count=147123 28363 118760 27316 24444 64915 1047 56757 8158 8108 2872 14611 53845 48649 991 4418 3288 1661 905 251 654 245 409 237 97 195 9833 1505 28923 175
is_linear=0
shrinkage=0.03


Tree=49
num_leaves=31
num_cat=0
split_feature=14 13 11 13 5 9 22 22 5 21 7 5 13 7 10 13 17 11 1 5 5 22 22 17 7 16 21 6 18 15
split_gain=0.00779754 0.00296752 0.00219194 0.000937316 0.000823221 0.000734895 0.000707892 0.000663344 0.000600978 0.000496901 0.00043087 0.00036993 0.000355933 0.000344209 0.000320561 0.000279284 0.000275 0.000272857 0.00029059 0.000261847 0.000245227 0.000213175 0.000372536 0.000197371 0.000204717 0.000190205 0.000290763 0.000280249 0.0002195 0.00018262
threshold=0.003475768497969912 168.58964285714424 0.0058525663598974148 87.528928571428494 82538.353000000017 -0.010289236103241782 12.500000000000002 17.500000000000004 90674.133000000016 37.516398752265452 56121.878500000013 96143.842000000019 245.07857142857239 83687.958000000028 -0.024614492365034209 310.61000000000121 0.6712706461173984 0.0024078237317037708 -0.0019311253992354003 103892.58000000002 115367.13000000002 14.500000000000002 12.500000000000002 1.8278813129863332 113562.83575000001 1.3604439556528056 56.318297953612564 83456.545500000022 0.75973538405357921 0.4653823054109516
decision_type=2 2 2 2 2 2 2 2 2 2 2 2 2 2 2 2 2 2 2 2 2 2 2 2 2 2 2 2 2 2
left_child=1 3 5 13 -5 17 14 16 29 11 -7 -9 -10 -1 -4 -12 -8 -2 -19 -18 21 22 -14 24 -6 26 28 -27 -17 -3
right_child=2 8 6 4 23 10 7 9 12 -11 15 -13 20 -15 -16 25 19 18 -20 -21 -22 -23 -24 -25 -26 27 -28 -29 -30 -31
leaf_value=-4.658414009571691e-06 1.05278195270767e-05 2.2216621748090084e-06 6.0490550099114066e-05 3.8100164354284809e-06 -3.6633888823220543e-06 4.9077650590008703e-05 0 0 8.1262105595109785e-08 0 1.0054118111835132e-05 0.00020704810517233816 7.6389340694148891e-06 -1.0903504439948239e-05 0 2.7803295948374051e-05 0.00019243023206507161 6.179435402463182e-05 0 0 -4.550828395636615e-06 4.5977117146286102e-06 3.3021286552154226e-05 3.2265362438417693e-06 -9.2958790948990264e-06 7.4399026692094976e-05 1.3851069343064964e-06 2.278661110340548e-05 6.7724538939720147e-08 1.4165144929638432e-05
leaf_weight=15653 395 2103 95 14499 34338 427 22 26 16773 104 6911 23 2286 22509 101 1736 138 714 163 22 981 4777 937 2465 8348 202 1247 1006 564 7558
leaf_count=15653 395 2103 95 14499 34338 427 22 26 16773 104 6911 23 2286 22509 101 1736 138 714 163 22 981 4777 937 2465 8348 202 1247 1006 564 7558
internal_value=2.01762e-07 -2.00818e-06 2.16052e-05 -4.71872e-06 -2.3001e-06 1.89376e-05 8.30832e-05 0.000112535 5.39328e-06 3.70468e-05 1.62442e-05 0.000115705 2.84497e-06 -8.42057e-06 1.74154e-05 1.47849e-05 0.000159464 4.21823e-05 5.30163e-05 0.000174554 7.67239e-06 9.5463e-06 1.59497e-05 -4.32864e-06 -4.83522e-06 2.10293e-05 1.57974e-05 3.39058e-05 2.23066e-05 1.18759e-05
internal_weight=147123 133227 13896 97812 59650 13365 531 335 35415 153 12093 49 25754 38162 196 11666 182 1272 877 160 8981 8000 3223 45151 42686 4755 3547 1208 2300 9661
internal_count=147123 133227 13896 97812 59650 13365 531 335 35415 153 12093 49 25754 38162 196 11666 182 1272 877 160 8981 8000 3223 45151 42686 4755 3547 1208 2300 9661
is_linear=0
shrinkage=0.03


Tree=50
num_leaves=31
num_cat=0
split_feature=14 13 12 21 23 5 13 6 22 22 15 8 5 22 22 22 22 2 13 23 22 15 17 8 5 15 22 22 17 6
split_gain=0.00738557 0.00279881 0.00201638 0.00118004 0.000942338 0.000736169 0.000655871 0.0006374 0.00057981 0.000942621 0.000623687 0.000725029 0.000564681 0.000503821 0.0004452 0.000884149 0.00130821 0.000338039 0.000335282 0.000303875 0.000326249 0.000450728 0.000303733 0.000240381 0.000232954 0.000213438 0.000199966 0.000347425 0.000196827 0.000196345
threshold=0.003475768497969912 168.58964285714424 0.0055426614884636852 31.668133191409641 4.5000000000000009 102533.40500000001 348.75464285714361 83456.545500000022 12.500000000000002 17.500000000000004 0.54301102864045681 87485.088916666675 90674.133000000016 1.5000000000000002 10.500000000000002 14.500000000000002 12.500000000000002 0.0079052872419429505 245.07857142857239 5.5000000000000009 11.500000000000002 0.80936035895905989 1.241764288875018 60433.614666666675 115367.13000000002 1.4756787843590229 14.500000000000002 12.500000000000002 1.8278813129863332 105023.72750000002
decision_type=2 2 2 2 2 2 2 2 2 2 2 2 2 2 2 2 2 2 2 2 2 2 2 2 2 2 2 2 2 2
left_child=1 4 6 -4 5 13 17 19 -5 10 -10 -12 -3 -1 -15 16 -16 25 -14 20 -8 -22 -9 -17 26 -2 27 -20 -7 -19
right_child=2 12 3 8 -6 28 7 22 9 -11 11 -13 18 14 15 23 -18 29 24 -21 21 -23 -24 -25 -26 -27 -28 -29 -30 -31
leaf_value=1.2209396787484057e-05 4.3016147548001712e-06 1.1528913862823076e-05 0.00022289128837629519 0 -8.4414949235163249e-06 -6.8932910582749868e-06 1.4195277249077804e-05 1.2186558281763595e-05 0 0 0.00023189099799727299 0 7.8824283191768867e-08 -3.8863392047650155e-06 2.8536923875146148e-06 6.5508409416412346e-06 3.6656939087928923e-05 3.655007733917776e-05 7.4097759648791798e-06 0 2.2800910426543954e-05 9.6147622013239837e-05 3.4741241017809976e-05 -4.5602764457635648e-06 -4.4143174909049403e-06 1.5589214267109043e-05 4.4597831962325153e-06 3.2030753831521649e-05 3.2111083639987222e-06 0
leaf_weight=3011 3780 9661 62 165 36305 23774 278 2227 43 128 73 35 16773 17755 3921 2078 1522 853 2286 81 256 375 1199 7995 981 4249 4777 937 1451 92
leaf_count=3011 3780 9661 62 165 36305 23774 278 2227 43 128 73 35 16773 17755 3921 2078 1522 853 2286 81 256 375 1199 7995 981 4249 4777 937 1451 92
internal_value=2.0498e-07 -1.94523e-06 2.10358e-05 8.16004e-05 -4.57808e-06 -2.24888e-06 1.85224e-05 2.8611e-05 5.50696e-05 8.18243e-05 0.000134095 0.000174146 5.24165e-06 4.10669e-07 -5.66971e-07 3.03804e-06 1.28576e-05 1.32234e-05 2.76661e-06 5.20655e-05 5.70366e-05 7.11524e-05 2.09565e-05 -1.97025e-06 7.45226e-06 1.06488e-05 9.28243e-06 1.54992e-05 -6.19312e-06 3.19201e-05
internal_weight=147123 133227 13896 506 97812 61507 13390 4416 444 279 151 108 35415 36282 33271 15516 5443 8974 25754 990 909 631 3426 10073 8981 8029 8000 3223 25225 945
internal_count=147123 133227 13896 506 97812 61507 13390 4416 444 279 151 108 35415 36282 33271 15516 5443 8974 25754 990 909 631 3426 10073 8981 8029 8000 3223 25225 945
is_linear=0
shrinkage=0.03


Tree=51
num_leaves=31
num_cat=0
split_feature=13 8 13 13 8 17 8 8 17 7 17 17 21 8 12 8 13 8 13 13 12 0 22 22 23 22 16 22 8 23
split_gain=0.00700502 0.00233337 0.00169704 0.0015807 0.00119994 0.000676123 0.000619914 0.000567101 0.000531068 0.000472239 0.000463496 0.000370049 0.000348213 0.000346861 0.000337142 0.000326148 0.000285786 0.000283214 0.000277566 0.000276275 0.000259672 0.000265899 0.000245563 0.00140361 0.000504568 0.000246621 0.000227333 0.000229901 0.000216877 0.000216089
threshold=218.91142857142799 55203.617250000003 110.29571428571425 397.58464285714223 83236.367916666684 1.5922917742294358 89334.455416666679 102977.01016666669 3.2844584992446344 83687.958000000028 0.64985120064188251 1.6956209071510018 73.148876995807456 59327.601250000007 0.0055426614884636852 108450.49075000001 254.01964285714507 94029.555666666667 512.53071428571491 397.58464285714223 0.0026049057837776706 0.0035291092275064888 12.500000000000002 14.500000000000002 4.5000000000000009 1.5000000000000002 0.45684742782013527 21.500000000000004 73778.213583333345 1.0000000180025095e-35
decision_type=2 2 2 2 2 2 2 2 2 2 2 2 2 2 2 2 2 2 2 2 2 2 2 2 2 2 2 2 2 2
left_child=2 12 9 7 5 13 10 11 17 -1 -5 26 14 -4 19 22 -13 -8 -16 -2 -19 -22 25 24 -24 -6 -3 29 -15 -28
right_child=1 3 4 6 15 -7 8 -9 -10 -11 -12 16 -14 28 18 -17 -18 20 -20 -21 21 -23 23 -25 -26 -27 27 -29 -30 -31
leaf_value=-2.9185413528874925e-06 7.1931734580168855e-05 4.3584043322199705e-08 1.3934324517926746e-05 0 5.3255981141739171e-06 2.578715296713454e-05 0 2.1642658678482325e-06 0.00017761497747934688 -8.7124409073544249e-06 5.3534326219392631e-05 3.9305445498410279e-06 0 -1.3772507730760191e-07 0 -5.2854474298719978e-06 4.1439623463449325e-05 0 0.0002360224986326243 0 3.1959087190252268e-05 0 3.1369495863653609e-05 -1.4544726543313895e-06 0 -3.9314492261136318e-06 2.3840530533526547e-05 0 9.7903238194980048e-06 1.1091489924122583e-05
leaf_weight=22393 180 1990 3304 269 2895 1792 474 7437 23 36143 1321 488 20 7137 35 15630 808 634 56 24 1533 247 1854 10575 746 14966 2124 920 2483 8622
leaf_count=22393 180 1990 3304 269 2895 1792 474 7437 23 36143 1321 488 20 7137 35 15630 808 634 56 24 1533 247 1854 10575 746 14966 2124 920 2483 8622
internal_value=2.08673e-07 1.39713e-05 -2.88855e-06 1.28912e-05 5.51625e-07 8.05791e-06 2.94351e-05 9.43114e-06 1.93391e-05 -6.54724e-06 4.60299e-05 1.28449e-05 9.66223e-05 5.36732e-06 0.000105027 -1.75119e-06 2.96319e-05 1.70337e-05 0.000177658 5.78574e-05 2.12768e-05 2.72988e-05 0 3.13556e-06 2.29578e-05 -2.26304e-06 1.10319e-05 1.26491e-05 2.11301e-06 1.38908e-05
internal_weight=147123 27205 119918 26890 61382 14716 4501 22389 2911 58536 1590 14952 315 12924 295 46666 1296 2888 91 204 2414 1780 31036 13175 2600 17861 13656 11666 9620 10746
internal_count=147123 27205 119918 26890 61382 14716 4501 22389 2911 58536 1590 14952 315 12924 295 46666 1296 2888 91 204 2414 1780 31036 13175 2600 17861 13656 11666 9620 10746
is_linear=0
shrinkage=0.03


Tree=52
num_leaves=31
num_cat=0
split_feature=14 14 12 21 12 14 22 22 15 7 23 4 8 22 22 23 22 6 7 22 7 18 15 22 15 22 22 22 22 22
split_gain=0.00663283 0.0024643 0.00186595 0.00107439 0.000642694 0.000573724 0.000553928 0.000867615 0.000571179 0.000641621 0.000495652 0.000344822 0.000329392 0.000311638 0.00092703 0.000446416 0.000365918 0.000432536 0.000310401 0.000282355 0.000243009 0.000276668 0.000236148 0.000315262 0.000225657 0.00020685 0.000209874 0.000262301 0.000328177 0.000223493
threshold=0.003475768497969912 0.0013784550177157451 0.0055426614884636852 31.668133191409641 0.0015769013124841793 0.0080305264588041141 12.500000000000002 17.500000000000004 0.54301102864045681 90702.977250000011 4.5000000000000009 -0.020051740320559615 104591.23183333334 11.500000000000002 14.500000000000002 4.5000000000000009 12.500000000000002 104610.46200000001 104052.38275000002 1.5000000000000002 56121.878500000013 0.45444890449124442 1.4281947103889019 18.500000000000004 0.71103756459634948 21.500000000000004 11.500000000000002 14.500000000000002 12.500000000000002 1.5000000000000002
decision_type=2 2 2 2 2 2 2 2 2 2 2 2 2 2 2 2 2 2 2 2 2 2 2 2 2 2 2 2 2 2
left_child=1 10 5 -4 13 11 -5 8 -8 -10 12 24 25 19 15 16 -15 -18 20 -3 -13 -22 -7 -24 -2 26 29 28 -28 -1
right_child=2 4 3 6 -6 22 7 -9 9 -11 -12 18 -14 14 -16 -17 17 -19 -20 -21 21 -23 23 -25 -26 -27 27 -29 -30 -31
leaf_value=8.5335812733349271e-06 0 4.8177449156622714e-06 0.00021390502286117733 0 7.4450522819787153e-06 0 0 0 0.00022177441984409641 0 -8.3335120447977568e-06 4.4059313843976658e-05 -5.9676976121614359e-06 3.5432141493852316e-06 -1.0503974861895371e-06 -2.4652454738433494e-07 3.3624607764847823e-05 7.1783254140903136e-06 4.9550045309657945e-07 -4.1156483799540194e-06 2.2968572969654101e-05 1.0046710708181192e-05 6.0614901115774819e-05 0 4.3975161860554905e-05 -8.5781582523937603e-06 9.6446796903487319e-07 1.9133269019439194e-07 3.087142692127721e-05 -2.9008516967388636e-06
leaf_weight=1630 186 3799 62 165 18855 180 43 128 73 35 30855 368 21671 1628 12740 1329 1824 1289 1831 14699 2895 6484 588 172 686 2704 1042 4145 715 14302
leaf_count=1630 186 3799 62 165 18855 180 43 128 73 35 30855 368 21671 1628 12740 1329 1824 1289 1831 14699 2895 6484 588 172 686 2704 1042 4145 715 14302
internal_value=2.08696e-07 -1.8279e-06 1.99502e-05 7.82502e-05 2.91706e-06 1.75225e-05 5.25082e-05 7.85704e-05 0.000128727 0.000167085 -5.32489e-06 1.54272e-05 -3.25101e-06 5.48242e-07 3.3305e-06 1.30194e-05 1.73708e-05 2.36382e-05 1.36262e-05 -2.11877e-06 1.5785e-05 1.43553e-05 4.20781e-05 4.96937e-05 3.58956e-05 -7.2946e-07 1.05186e-07 5.06164e-06 1.48433e-05 -1.54265e-06
internal_weight=147123 133227 13896 506 56163 13390 444 279 151 108 77064 12450 46209 37308 18810 6070 4741 3113 11578 18498 9747 9379 940 760 872 24538 21834 5902 1757 15932
internal_count=147123 133227 13896 506 56163 13390 444 279 151 108 77064 12450 46209 37308 18810 6070 4741 3113 11578 18498 9747 9379 940 760 872 24538 21834 5902 1757 15932
is_linear=0
shrinkage=0.03


Tree=53
num_leaves=31
num_cat=0
split_feature=14 14 11 22 22 12 10 12 7 4 21 22 22 23 22 5 22 10 18 14 7 5 12 5 21 17 21 5 10 4
split_gain=0.00628215 0.00231926 0.00182777 0.000685468 0.000624748 0.000604144 0.000579834 0.000474586 0.000371075 0.000317088 0.000602687 0.00029281 0.000874772 0.000424254 0.000342135 0.000402411 0.000266079 0.000252853 0.000251727 0.000205635 0.000201786 0.000200768 0.000199222 0.000182828 0.000181213 0.000280745 0.000178294 0.000183272 0.000163914 0.000159576
threshold=0.003475768497969912 0.0013784550177157451 0.0058525663598974148 12.500000000000002 13.500000000000002 0.0015769013124841793 -0.018315912721020174 0.0006328544146404579 56121.878500000013 0.008709858861644439 33.332260965576772 11.500000000000002 14.500000000000002 4.5000000000000009 12.500000000000002 104479.83100000001 1.5000000000000002 -0.024614492365034209 0.45444890449124442 0.0080305264588041141 104344.85225000001 90674.133000000016 0.0026049057837776706 83683.985000000015 57.872082796056347 0.92482380938408426 47.532848218703421 61368.109000000004 0.0061799445646025805 0.0028325676401592674
decision_type=2 2 2 2 2 2 2 2 2 2 2 2 2 2 2 2 2 2 2 2 2 2 2 2 2 2 2 2 2 2
left_child=1 7 6 17 -5 11 26 29 -8 10 -6 16 13 14 23 -16 21 -4 -10 -20 -9 -3 24 -13 25 -7 27 -2 -14 -1
right_child=2 5 3 4 9 22 8 20 18 -11 -12 12 28 -15 15 -17 -18 -19 19 -21 -22 -23 -24 -25 -26 -27 -28 -29 -30 -31
leaf_value=-9.4407476348478663e-06 1.5274848625373465e-08 1.3025126021625582e-05 5.175613961164173e-05 0.00028598765057413213 0.00013918993234401207 3.727831751316284e-06 4.5858248847015863e-05 -1.8555443754388031e-06 2.0995966356230369e-05 0.00013716672332216137 0 1.7671803028575989e-05 -2.4647360630571319e-06 -2.3912939702653054e-07 3.2750333315906427e-05 7.1501224848075529e-06 -3.9921797640083216e-06 0 8.0826083245635179e-06 3.0205942469647829e-05 -5.8963527604718386e-06 0 1.4966086921482067e-05 -1.5797696365744741e-06 3.7264199226502084e-07 1.4891646172127634e-05 0 4.9871006850225442e-05 7.8700427542877921e-06 0
leaf_weight=22433 208 1554 95 29 40 6976 413 32431 3479 99 167 580 11248 1329 1805 1308 14699 101 7852 530 20028 2245 2992 1048 5232 3655 63 820 1492 2172
leaf_count=22433 208 1554 95 29 40 6976 413 32431 3479 99 167 580 11248 1329 1805 1308 14699 101 7852 530 20028 2245 2992 1048 5232 3655 63 820 1492 2172
internal_value=2.10432e-07 -1.77104e-06 1.94234e-05 7.56777e-05 0.0001041 2.83115e-06 1.69634e-05 -5.16397e-06 1.47032e-05 7.69738e-05 3.36478e-05 5.31798e-07 3.2306e-06 1.26437e-05 1.68877e-05 2.2958e-05 -2.05034e-06 1.17721e-05 1.33651e-05 9.83973e-06 -3.45546e-06 4.67322e-06 7.2217e-06 3.43692e-06 5.57179e-06 7.84831e-06 3.96377e-05 4.27025e-05 -1.01889e-06 -8.68465e-06
internal_weight=147123 133227 13896 531 335 56163 13365 77064 12274 306 207 37308 18810 6070 4741 3113 18498 196 11861 8382 52459 3799 18855 1628 15863 10631 1091 1028 12740 24605
internal_count=147123 133227 13896 531 335 56163 13365 77064 12274 306 207 37308 18810 6070 4741 3113 18498 196 11861 8382 52459 3799 18855 1628 15863 10631 1091 1028 12740 24605
is_linear=0
shrinkage=0.03


Tree=54
num_leaves=31
num_cat=0
split_feature=13 13 14 6 8 23 5 21 5 6 7 12 6 10 17 17 21 15 17 18 7 13 16 9 13 13 9 23 21 23
split_gain=0.00609403 0.00239661 0.00164458 0.00129861 0.000813363 0.000579431 0.0010756 0.000567867 0.000558618 0.000534724 0.000514349 0.00047254 0.00045312 0.000429278 0.000414361 0.000336758 0.00032014 0.000318849 0.000276689 0.00025852 0.000257266 0.000434775 0.000239781 0.00023694 0.000222987 0.000209366 0.00020347 0.000200389 0.000328233 0.000177447
threshold=310.61000000000121 122.00892857142806 0.010000763090932951 91366.749000000025 87299.464000000022 1.5000000000000002 86746.808000000019 47.532848218703421 57496.54500000002 60907.326000000008 84043.37175000002 0.0029607861990862223 111593.43250000001 0.0025874325244744649 1.7197279640004057 1.6956209071510018 73.991307464762286 0.54301102864045681 1.4278526367449131 0.75210605392531427 73816.560500000007 164.20785714285691 1.8988150077165491 -0.0021003872773631134 176.41071428571277 245.07857142857239 -0.001248341995884694 1.0000000180025095e-35 37.10355061012428 3.5000000000000004
decision_type=2 2 2 2 2 2 2 2 2 2 2 2 2 2 2 2 2 2 2 2 2 2 2 2 2 2 2 2 2 2
left_child=1 9 4 8 5 16 10 12 29 -1 17 -4 -6 23 20 24 22 -7 -13 -19 -10 -22 -2 -11 26 -17 -5 -20 -29 -3
right_child=2 3 11 15 7 6 -8 -9 14 13 -12 18 -14 -15 -16 25 -18 19 27 -21 21 -23 -24 -25 -26 -27 -28 28 -30 -31
leaf_value=1.2360870485211746e-06 5.9372166943246567e-05 2.8915564224012838e-05 0 9.7152901934745763e-07 2.5962310075575466e-05 0 0.0002451089914599711 4.4968409320147847e-06 9.2821509233158668e-07 -3.028676876225214e-07 -1.7054579572865103e-05 2.1796345186488875e-05 0 -5.4966052867749472e-07 2.0472368062427758e-05 3.7152874736692602e-06 0 3.8914808186003547e-05 0.00018469204238015009 0 0 1.314851842156097e-05 0 -8.3054361205531175e-06 8.364741555699239e-07 2.4802526640221565e-05 -5.3201851055771962e-06 0.00011165929505779637 0 0
leaf_weight=8577 1035 1536 60 5543 3335 270 20 3991 8734 4441 297 132 520 10159 1930 3355 129 750 87 144 4124 6523 51 45205 19594 620 15484 80 92 305
leaf_count=8577 1035 1536 60 5543 3335 270 20 3991 8734 4441 297 132 520 10159 1930 3355 129 750 87 144 4124 6523 51 45205 19594 620 15484 80 92 305
internal_value=2.09587e-07 -1.50488e-06 2.17131e-05 2.46377e-06 1.89369e-05 3.39236e-05 1.79897e-05 1.34046e-05 8.23569e-06 -5.4806e-06 1.28108e-05 7.99363e-05 2.18481e-05 -6.49405e-06 6.67117e-06 -4.65463e-07 5.08738e-05 2.3009e-05 9.19647e-05 3.17843e-05 5.14193e-06 8.31673e-06 5.62213e-05 -7.65001e-06 -1.3442e-06 7.75961e-06 -3.51893e-06 0.000116125 6.39246e-05 2.47155e-05
internal_weight=147123 136130 10993 67748 10542 2696 1481 7846 23152 68382 1461 451 3855 59805 21311 44596 1215 1164 391 894 19381 10647 1086 49646 40621 3975 21027 259 172 1841
internal_count=147123 136130 10993 67748 10542 2696 1481 7846 23152 68382 1461 451 3855 59805 21311 44596 1215 1164 391 894 19381 10647 1086 49646 40621 3975 21027 259 172 1841
is_linear=0
shrinkage=0.03


Tree=55
num_leaves=31
num_cat=0
split_feature=11 12 8 9 10 23 17 12 22 22 23 10 11 22 22 22 22 8 22 3 9 7 22 22 5 2 6 16 7 5
split_gain=0.00554347 0.00194349 0.00163832 0.00113735 0.000850015 0.000662137 0.000477329 0.000471051 0.000426858 0.00115426 0.000472765 0.000408502 0.000548501 0.000387831 0.000577453 0.000652871 0.000517016 0.00042597 0.000460178 0.000352689 0.000342175 0.00032953 0.000311724 0.000674152 0.000279379 0.000323126 0.000266378 0.000284708 0.000237462 0.000348873
threshold=0.0021734655549390403 0.0011703910390638078 55203.617250000003 -0.014663343093056056 -0.024614492365034209 4.5000000000000009 0.84358260229302184 0.0022888919466955344 11.500000000000002 14.500000000000002 4.5000000000000009 0.019598572867528089 0.0042243004849999285 21.500000000000004 11.500000000000002 14.500000000000002 12.500000000000002 104832.13216666668 1.5000000000000002 -0.016106474923258892 -0.0019258311010358906 59194.758750000015 17.500000000000004 12.500000000000002 104479.83100000001 0.0016115876891804606 104817.71800000001 0.5502380082419015 101558.93350000001 73899.821000000011
decision_type=2 2 2 2 2 2 2 2 2 2 2 2 2 2 2 2 2 2 2 2 2 2 2 2 2 2 2 2 2 2
left_child=1 5 4 7 -2 13 -3 -4 -8 10 24 20 -13 14 17 16 -16 18 -1 21 28 -9 23 -22 25 -10 27 -14 29 -5
right_child=2 6 3 11 -6 -7 8 19 9 -11 -12 12 26 -15 15 -17 -18 -19 -20 -21 22 -23 -24 -25 -26 -27 -28 -29 -30 -31
leaf_value=1.167928814551927e-05 0.00024113785583124546 7.116513165668429e-08 0 6.2337734874534299e-06 5.410051668036728e-05 -7.6008904999703735e-06 1.0569259229435547e-06 0 4.2295747300025552e-05 3.7771154313470789e-06 0 1.6153401939172869e-05 0 -1.0284700501240593e-05 1.6944393604708653e-06 -1.3317393209837214e-06 2.0706111812201826e-05 -7.3158838327363269e-06 -2.2537152460513714e-06 0 0 9.0073510168441566e-05 -5.6018972940605993e-07 2.0275636445168172e-05 8.8300976845862976e-06 1.3233764408535385e-05 0 0.00011862831628282811 2.5671163270885492e-06 2.8760650966659045e-05
leaf_weight=2425 39 22352 48 1290 344 34313 9285 57 1645 9547 494 600 24 4885 3041 8490 2855 14607 16870 29 2216 366 2229 3261 951 888 35 136 1050 2751
leaf_count=2425 39 22352 48 1290 344 34313 9285 57 1645 9547 494 600 24 4885 3041 8490 2855 14607 16870 29 2216 366 2229 3261 951 888 35 136 1050 2751
internal_value=2.10372e-07 -1.69266e-06 1.78568e-05 1.59262e-05 8.10349e-05 -4.31667e-06 3.32404e-06 6.21599e-05 6.38006e-06 9.81259e-06 2.35428e-05 1.40043e-05 3.68937e-05 -2.1409e-06 -1.25489e-06 3.68164e-06 1.14094e-05 -3.43816e-06 -3.47081e-07 7.21929e-05 1.23476e-05 7.94938e-05 7.67602e-06 1.15756e-05 2.74768e-05 3.32927e-05 8.52924e-05 0.000101797 1.88292e-05 2.23121e-05
internal_weight=147123 132648 14475 14092 383 87486 45162 500 22810 13525 3978 13592 795 53173 48288 14386 5896 33902 19295 452 12797 423 7706 5477 3484 2533 195 160 5091 4041
internal_count=147123 132648 14475 14092 383 87486 45162 500 22810 13525 3978 13592 795 53173 48288 14386 5896 33902 19295 452 12797 423 7706 5477 3484 2533 195 160 5091 4041
is_linear=0
shrinkage=0.03


Tree=56
num_leaves=31
num_cat=0
split_feature=13 14 14 8 5 22 22 23 23 4 10 22 13 12 17 22 22 13 8 22 5 4 22 22 17 2 2 6 15 8
split_gain=0.00548366 0.00215607 0.00150822 0.000738712 0.000572522 0.000584407 0.00137673 0.000649326 0.000543915 0.00115029 0.000503634 0.000486426 0.000484044 0.000439435 0.000405652 0.000404534 0.00039067 0.000375562 0.000361512 0.000356115 0.000351418 0.000348334 0.000293219 0.000896693 0.000358202 0.000269833 0.000242917 0.000242911 0.000231155 0.000224538
threshold=310.61000000000121 0.0013784550177157451 0.010000763090932951 87299.464000000022 57496.54500000002 11.500000000000002 14.500000000000002 4.5000000000000009 1.5000000000000002 0.01933204724028437 -0.012450470657199673 12.500000000000002 90.082500000000962 0.0029607861990862223 0.64985120064188251 15.500000000000002 12.500000000000002 108.96571428571615 113022.44016666668 12.500000000000002 87505.927000000011 0.0079470807291275331 4.5000000000000009 13.500000000000002 3.2844584992446344 0.0060968548402662312 -0.0029464901783255999 83682.275000000009 0.54301102864045681 83236.367916666684
decision_type=2 2 2 2 2 2 2 2 2 2 2 2 2 2 2 2 2 2 2 2 2 2 2 2 2 2 2 2 2 2
left_child=1 12 3 8 17 -6 7 11 16 27 26 -7 29 -4 -11 18 -2 -3 19 -12 -18 -8 -15 -24 -25 -23 -5 28 -10 -1
right_child=2 4 13 10 5 6 21 -9 9 14 15 -13 -14 22 -16 -17 20 -19 -20 -21 -22 25 23 24 -26 -27 -28 -29 -30 -31
leaf_value=-3.7612683787760636e-06 1.0216143833670253e-05 0 0 3.7537227601281073e-05 -1.2393119158184632e-06 4.1661489181344534e-06 -5.3274843234410103e-07 -1.3002201745793512e-06 -2.6751033607916437e-06 0 3.8346895598189384e-06 2.3220890136887479e-05 -2.4136010500651608e-06 0 0.00012145523539240877 0 6.6680950717030484e-05 2.3691200977689502e-05 -6.7389086167704018e-06 2.8524904546098695e-05 0 4.0237463815545496e-06 0.00020491022617880855 2.3426971140706039e-05 0.00018236864994819588 2.7602040876124819e-05 7.7572725325342128e-06 -1.1962330240854577e-05 2.3439429571831113e-05 -9.2217487150343785e-06
leaf_weight=12888 350 700 60 1073 24459 2076 19892 1536 212 50 1238 5490 41095 69 121 2776 789 1909 401 1651 76 2502 81 214 27 689 707 366 732 22894
leaf_count=12888 350 700 60 1073 24459 2076 19892 1536 212 50 1238 5490 41095 69 121 2776 789 1909 401 1651 76 2502 81 214 27 689 707 366 732 22894
internal_value=2.09541e-07 -1.41573e-06 2.06086e-05 1.79351e-05 2.85323e-06 2.15937e-06 4.8354e-06 1.47369e-05 3.22451e-05 1.67494e-05 1.26352e-05 1.83892e-05 -4.74506e-06 7.64319e-05 9.1142e-05 7.80914e-06 4.86614e-05 1.67672e-05 1.49364e-05 1.89835e-05 6.07465e-05 8.01058e-07 8.803e-05 0.000101137 5.37449e-05 1.00556e-05 2.73953e-05 4.74254e-06 1.43974e-05 -7.33884e-06
internal_weight=147123 136130 10993 10542 59253 56644 32185 9102 2696 1481 7846 7566 76877 451 171 6066 1215 2609 3290 2889 865 23083 391 322 241 3191 1780 1310 944 35782
internal_count=147123 136130 10993 10542 59253 56644 32185 9102 2696 1481 7846 7566 76877 451 171 6066 1215 2609 3290 2889 865 23083 391 322 241 3191 1780 1310 944 35782
is_linear=0
shrinkage=0.03


Tree=57
num_leaves=31
num_cat=0
split_feature=13 13 10 5 8 8 10 5 15 22 11 9 7 22 22 7 22 3 22 3 5 15 10 5 9 22 13 22 22 4
split_gain=0.00518886 0.00204803 0.00129671 0.00115085 0.00114585 0.000740436 0.00047908 0.000474641 0.00042995 0.00046966 0.000846832 0.00081685 0.000349987 0.000334266 0.00163432 0.000308483 0.000392844 0.000307907 0.000295993 0.000289524 0.000402816 0.000284353 0.000263773 0.000221863 0.000216528 0.000215195 0.000223552 0.000192186 0.000387747 0.000227025
threshold=310.61000000000121 122.00892857142806 -0.020515624119615102 91069.103000000017 87299.464000000022 55203.617250000003 0.0022735252529507703 57496.54500000002 0.52789001746672259 11.500000000000002 0.0058525663598974148 0.0059975567076157041 61068.35575000001 12.500000000000002 14.500000000000002 113271.56675000001 15.500000000000002 -0.0011975950154207158 16.500000000000004 -0.016106474923258892 62661.883000000009 0.67969459018196965 -0.0080781678763533465 114777.10800000002 -0.0021003872773631134 22.500000000000004 566.50642857142941 12.500000000000002 14.500000000000002 0.014584402253623454
decision_type=2 2 2 2 2 2 2 2 2 2 2 2 2 2 2 2 2 2 2 2 2 2 2 2 2 2 2 2 2 2
left_child=1 6 5 7 8 -2 12 18 -4 -10 25 -12 -1 -5 23 16 27 -18 22 20 -7 -9 -3 -15 -14 26 -11 -6 -29 -30
right_child=2 3 4 13 15 19 -8 21 9 10 11 -13 24 14 -16 -17 17 -19 -20 -21 -22 -23 -24 -25 -26 -27 -28 28 29 -31
leaf_value=0 0.00019874905684303976 0 4.5543382930861547e-06 -3.151281653222187e-06 8.7848411584758324e-06 0 -4.5603847309196996e-09 1.500030912605547e-06 5.2634744087904613e-06 4.448969074552185e-05 0 0.00018005211312756785 -1.620924419452014e-07 2.1335072679263176e-05 -1.7960681720093195e-06 -5.8123915141398053e-06 1.4254924786928564e-05 -3.4635359449451642e-06 0 1.5107874637791329e-05 7.4792348357112577e-05 9.1630311243243975e-06 3.8437420107847074e-05 0 -7.8806733795936649e-06 0 0 4.2929533607416149e-05 6.4612216349624153e-07 4.3017610387482195e-05
leaf_weight=6224 44 278 556 21788 1635 57 14525 8208 433 1318 38 95 4403 3742 18596 732 1460 1799 561 400 409 12762 1002 811 43230 59 29 878 879 172
leaf_count=6224 44 278 556 21788 1635 57 14525 8208 433 1318 38 95 4403 3742 18596 732 1460 1799 561 400 409 12762 1002 811 43230 59 29 878 879 172
internal_value=2.06832e-07 -1.37358e-06 2.00504e-05 2.29292e-06 1.65272e-05 5.57859e-05 -5.04996e-06 7.78823e-06 3.45264e-05 4.14551e-05 4.96875e-05 0.000132815 -6.35498e-06 -4.29879e-07 2.00193e-06 1.01069e-05 1.22546e-05 3.55385e-06 2.30331e-05 4.50362e-05 6.42807e-05 6.30669e-06 3.11629e-05 1.81729e-05 -7.23018e-06 3.96816e-05 4.22773e-05 1.93687e-05 2.67833e-05 1.0438e-05
internal_weight=147123 136130 10993 67748 10083 910 68382 22811 2528 1972 1539 133 53857 44937 23149 7555 6823 3259 1841 866 466 20970 1280 4553 47633 1406 1347 3564 1929 1051
internal_count=147123 136130 10993 67748 10083 910 68382 22811 2528 1972 1539 133 53857 44937 23149 7555 6823 3259 1841 866 466 20970 1280 4553 47633 1406 1347 3564 1929 1051
is_linear=0
shrinkage=0.03


Tree=58
num_leaves=31
num_cat=0
split_feature=13 14 13 12 21 7 6 20 9 17 12 22 22 22 3 22 22 22 4 7 17 20 7 15 11 0 4 6 13 7
split_gain=0.00493423 0.00214417 0.0008575 0.00080282 0.000780272 0.000769466 0.000635608 0.000379376 0.000367148 0.00034699 0.000315573 0.000308894 0.000419071 0.000282033 0.000271877 0.000239289 0.000247317 0.000318829 0.000234716 0.000229569 0.00017469 0.000167073 0.000189474 0.000165074 0.000235439 0.000229378 0.000164846 0.000243821 0.000170113 0.000217894
threshold=185.255357142858 0.0052501291522619791 87.528928571428494 0.0055426614884636852 31.965288555132428 83467.492500000008 104931.02300000002 0.08326272667394724 -0.0052683810439872461 1.5079635930154238 0.0027275666882357013 12.500000000000002 14.500000000000002 22.500000000000004 0.016021920813402594 5.5000000000000009 15.500000000000002 12.500000000000002 0.00081061231577028725 83687.958000000028 1.167287940364391 0.087837007862827277 95906.310000000012 0.60138287153823722 0.0027788593641240185 -0.001748503477529084 0.0027794048955460675 57730.136000000006 110.29571428571425 63364.846500000007
decision_type=2 2 2 2 2 2 2 2 2 2 2 2 2 2 2 2 2 2 2 2 2 2 2 2 2 2 2 2 2 2
left_child=2 6 19 -3 -5 9 8 -6 -2 26 -8 -9 -13 14 15 -10 17 -17 -18 -1 -7 -16 23 -23 -25 -26 27 -4 -28 -30
right_child=1 3 5 4 7 20 10 11 13 -11 -12 12 -14 -15 21 16 18 -19 -20 -21 -22 22 -24 24 25 -27 28 -29 29 -31
leaf_value=-3.5998544285029494e-06 1.978278549752087e-05 2.4473728386565236e-05 1.2513966315477212e-05 0.00019719577903411597 0 -4.0760452427992815e-06 -6.4880986213475439e-07 0 7.7913526850785979e-07 1.4539270732279095e-05 2.4017913618669234e-05 0.00025224914611014836 3.9873145358681251e-05 -7.1345964727999491e-06 0 4.9682465535900244e-06 0 1.941864936558676e-05 1.0407369539097614e-05 -8.7587188376656867e-06 0 0 0 1.3928555288096518e-06 0 0.0001066645611207318 0 -1.7065076380913083e-06 1.7982690796249259e-05 1.6554886775538731e-06
leaf_weight=15750 3070 3756 1231 57 95 37031 9801 90 4368 2575 486 23 124 873 143 3002 4339 4297 4399 22521 13811 82 83 126 24 126 1861 9151 1768 2060
leaf_count=15750 3070 3756 1231 57 95 37031 9801 90 4368 2575 486 23 124 873 143 3002 4339 4297 4399 22521 13811 82 83 126 24 126 1861 9151 1768 2060
internal_value=2.06759e-07 9.31589e-06 -3.09294e-06 2.9941e-05 7.50001e-05 -1.05541e-06 6.80322e-06 4.49343e-05 9.39701e-06 4.08992e-06 2.25142e-07 6.53311e-05 9.36452e-05 7.80127e-06 8.56546e-06 7.78749e-06 9.50927e-06 1.38865e-05 5.50945e-06 -6.71405e-06 -3.00144e-06 3.06057e-05 3.97652e-05 4.92338e-05 6.06792e-05 9.04589e-05 2.22891e-06 0 6.33343e-06 9.98032e-06
internal_weight=147123 39364 107759 4145 389 69488 35219 332 24932 18646 10287 237 147 21862 20989 20405 16037 7299 8738 38271 50842 584 441 358 276 150 16071 10382 5689 3828
internal_count=147123 39364 107759 4145 389 69488 35219 332 24932 18646 10287 237 147 21862 20989 20405 16037 7299 8738 38271 50842 584 441 358 276 150 16071 10382 5689 3828
is_linear=0
shrinkage=0.03


Tree=59
num_leaves=31
num_cat=0
split_feature=13 13 14 7 8 23 4 21 10 17 12 17 22 7 7 17 22 22 22 22 13 15 21 8 10 21 23 22 18 7
split_gain=0.00469646 0.00183046 0.00133391 0.00103076 0.000632654 0.000518703 0.001079 0.00050655 0.000440614 0.000433882 0.000402529 0.000362933 0.0003482 0.000329419 0.000317996 0.000309545 0.000291939 0.00156103 0.000277336 0.000250561 0.000233976 0.000229744 0.000245031 0.000228697 0.0002415 0.000224269 0.000221106 0.000210458 0.000209536 0.00020798
threshold=310.61000000000121 122.00892857142806 0.010000763090932951 91368.974250000014 87299.464000000022 1.5000000000000002 0.01933204724028437 51.881548069283234 0.0022735252529507703 1.4400600330759552 0.0029607861990862223 0.64985120064188251 12.500000000000002 112084.20100000002 61068.35575000001 1.4278526367449131 12.500000000000002 14.500000000000002 1.5000000000000002 14.500000000000002 214.84321428571539 0.36979811937392165 73.991307464762286 59327.601250000007 0.009166517468186643 73.559757916983486 2.5000000000000004 21.500000000000004 0.75973538405357921 84043.37175000002
decision_type=2 2 2 2 2 2 2 2 2 2 2 2 2 2 2 2 2 2 2 2 2 2 2 2 2 2 2 2 2 2
left_child=1 8 4 9 5 12 29 13 14 20 -4 -8 -2 19 -1 -12 -5 -18 -17 -6 23 -14 -23 24 -3 -20 27 -11 -13 -7
right_child=2 3 10 16 7 6 11 -9 -10 26 15 28 21 -15 -16 18 17 -19 25 -21 -22 22 -24 -25 -26 -27 -28 -29 -30 -31
leaf_value=0 8.9364967257638931e-06 1.5998415093973766e-05 0 -2.9988880740987915e-06 3.3166596415817741e-05 1.1337545624903325e-05 0 1.6328472352830424e-06 0 2.8582265547597046e-05 1.3645648997542106e-05 0.00013599997602486969 0 0 -6.8581323036322097e-06 0 1.7652899388397616e-05 -1.8927465903492013e-06 0.0001352271530987122 1.3531936209138389e-05 1.1413712127795849e-05 6.7459285369023245e-05 0 1.2939036459546214e-06 -5.0488640586783124e-06 0 6.8470957023252987e-06 0 0 -1.5330894988746709e-05
leaf_weight=6224 350 2149 60 21552 1416 1017 50 3304 14525 1675 132 97 64 575 47633 29 4544 18491 185 2551 4799 716 85 12419 383 45 1624 112 24 293
leaf_count=6224 350 2149 60 21552 1416 1017 50 3304 14525 1675 132 97 64 575 47633 29 4544 18491 185 2551 4799 716 85 12419 383 45 1624 112 24 293
internal_value=2.06265e-07 -1.29628e-06 1.90856e-05 2.16835e-06 1.65507e-05 2.9844e-05 1.47466e-05 1.16002e-05 -4.77266e-06 7.31036e-06 7.16697e-05 8.65178e-05 4.57752e-05 1.81902e-05 -6.02366e-06 8.27699e-05 -4.35435e-07 1.83275e-06 0.000106402 2.12973e-05 5.38188e-06 5.72104e-05 6.15843e-05 3.24505e-06 1.16299e-05 0.000117614 1.75965e-05 2.56858e-05 0.000115209 3.08216e-06
internal_weight=147123 136130 10993 67748 10542 2696 1481 7846 68382 23161 451 171 1215 4542 53857 391 44587 23035 259 3967 19750 865 801 14951 2532 230 3411 1787 121 1310
internal_count=147123 136130 10993 67748 10542 2696 1481 7846 68382 23161 451 171 1215 4542 53857 391 44587 23035 259 3967 19750 865 801 14951 2532 230 3411 1787 121 1310
is_linear=0
shrinkage=0.03


Tree=60
num_leaves=31
num_cat=0
split_feature=14 14 12 21 12 14 20 9 16 23 18 18 9 15 7 2 14 12 20 23 23 2 6 1 7 21 0 23 3 12
split_gain=0.00437032 0.00158099 0.0014383 0.000844118 0.000557528 0.000384252 0.00030558 0.00025283 0.000248953 0.0002396 0.000222912 0.000210179 0.000229066 0.000208168 0.000183136 0.000157032 0.000156618 0.000156341 0.000266515 0.000141408 0.00012474 0.000150904 0.000186643 0.000130705 0.000124522 0.0001131 0.00012769 0.000105507 0.000104574 0.000102327
threshold=0.003475768497969912 0.0010341568814612302 0.0055426614884636852 31.668133191409641 0.0014128052002202716 0.0080305264588041141 0.08326272667394724 -0.0028877029894563418 1.4135177467277897 4.5000000000000009 0.71201749119356339 0.46200276710843952 -0.0055267263147953374 0.33936817083548215 91051.017500000016 -0.0013718109926214026 0.0044274047504648641 0.0026049057837776706 0.36829192863681798 4.5000000000000009 2.5000000000000004 0.0031094361499616201 91366.749000000025 0.00015413572011968582 104926.01525000001 35.065888270503528 0.0057765535971539004 4.5000000000000009 2.7885817134754024e-05 0.0017508597517799419
decision_type=2 2 2 2 2 2 2 2 2 2 2 2 2 2 2 2 2 2 2 2 2 2 2 2 2 2 2 2 2 2
left_child=1 9 5 -4 7 11 -5 -3 -7 24 15 16 -13 -8 27 28 -2 -10 -19 -18 21 -14 23 -23 -1 -15 -27 -9 -6 -17
right_child=2 4 3 6 10 8 13 14 17 -11 -12 12 20 25 -16 29 19 18 -20 -21 -22 22 -24 -25 -26 26 -28 -29 -30 -31
leaf_value=-1.1267968196379339e-06 1.0715548627617298e-05 5.1015529135416049e-06 0.00018885244615674766 0 1.2525401918210852e-05 0 0 2.4934621723197799e-06 9.6468597216152507e-06 -7.6426058358214691e-06 0 1.8429511937989575e-05 2.3637940825903503e-06 0 -2.9267887215141305e-06 4.5918545928976914e-07 2.9646032091029484e-05 6.6581381625435319e-05 0 0 0 0 0 3.0781126540202499e-05 -5.3585646801585913e-06 7.8499643862149776e-05 0 -2.5372974871998241e-06 1.6962094686671837e-06 6.3207438811454615e-06
leaf_weight=14607 2148 6036 62 120 5214 178 27 12460 292 25009 6970 2026 2140 20 27697 5911 1610 382 88 192 2848 98 632 756 14867 248 29 4902 1758 7796
leaf_count=14607 2148 6036 62 120 5214 178 27 12460 292 25009 6970 2026 2140 20 27697 5911 1610 382 88 192 2848 98 632 756 14867 248 29 4902 1758 7796
internal_value=2.05948e-07 -1.44327e-06 1.62335e-05 6.74845e-05 1.24425e-06 1.40723e-05 4.37428e-05 -5.60511e-07 3.44611e-05 -5.38259e-06 4.68791e-06 1.22916e-05 8.92217e-06 5.89107e-05 -1.38558e-06 6.25183e-06 1.87825e-05 4.19398e-05 5.56147e-05 2.67325e-05 5.48329e-06 9.20008e-06 1.70255e-05 2.64771e-05 -3.36314e-06 6.64564e-05 7.14322e-05 9.00277e-07 1.02252e-05 4.01189e-06
internal_weight=147123 133227 13896 506 78744 13390 444 51095 940 54483 27649 12450 8500 324 45059 20679 3950 762 470 1802 6474 3626 1486 854 29474 297 277 17362 6972 13707
internal_count=147123 133227 13896 506 78744 13390 444 51095 940 54483 27649 12450 8500 324 45059 20679 3950 762 470 1802 6474 3626 1486 854 29474 297 277 17362 6972 13707
is_linear=0
shrinkage=0.03


Tree=61
num_leaves=31
num_cat=0
split_feature=14 14 12 21 22 22 15 7 22 22 22 9 14 4 2 22 2 7 6 10 7 10 3 5 2 6 22 12 12 22
split_gain=0.00414228 0.00149932 0.00135669 0.000781333 0.000494182 0.000711476 0.000470375 0.000512809 0.000451915 0.00107186 0.000374384 0.000368371 0.000349582 0.000296795 0.000289871 0.000449803 0.000237969 0.0002341 0.000222467 0.000218317 0.000209209 0.000186311 0.000219842 0.000186114 0.000189523 0.000172566 0.000168305 0.000169189 0.000165557 0.000162291
threshold=0.003475768497969912 0.0013784550177157451 0.0055426614884636852 31.668133191409641 12.500000000000002 17.500000000000004 0.54301102864045681 90702.977250000011 11.500000000000002 14.500000000000002 12.500000000000002 -0.010289236103241782 0.00045387626069317736 0.0084163451214766 0.011456933127738768 18.500000000000004 -0.0031666407548624482 95378.99175000003 65580.555500000017 0.01317749502348642 114458.91050000001 0.0024797827242030173 -0.0025267283077802234 83683.985000000015 0.0018977920511260573 108629.37200000002 2.5000000000000004 0.0017508597517799419 0.001018107171068936 22.500000000000004
decision_type=2 2 2 2 2 2 2 2 2 2 2 2 2 2 2 2 2 2 2 2 2 2 2 2 2 2 2 2 2 2
left_child=1 12 11 -4 -5 6 -6 -8 26 10 23 18 -1 16 17 19 -11 29 -2 -16 28 22 -14 24 -10 -20 -3 -28 -12 -13
right_child=2 8 3 4 5 -7 7 -9 9 13 20 14 21 -15 15 -17 -18 -19 25 -21 -22 -23 -24 -25 -26 -27 27 -29 -30 -31
leaf_value=-8.6764309677920891e-06 0 2.8329652224311115e-06 0.00018319599229299998 0 0 0 0.00019464051048128031 0 2.3203679772024004e-05 6.7912055924844557e-06 7.0443186564633477e-06 1.427057787271991e-05 1.5814181239293236e-07 9.8912910962148062e-06 7.1538853787294499e-06 0 -1.5699333681573765e-06 3.097517548697486e-06 4.0993853378169479e-05 5.9857691514578272e-05 0 -5.6021721322733918e-09 -4.9326062197412307e-06 -2.3212026335274081e-06 0 0 -3.8638126077792591e-06 4.0764209141010289e-06 2.3781913537238374e-05 -3.4302640973165507e-06
leaf_weight=13340 311 7645 62 165 43 128 73 35 637 3749 1271 7052 8012 3121 270 157 16741 3982 935 379 681 15030 40682 1507 203 91 14123 2567 3918 213
leaf_count=13340 311 7645 62 165 43 128 73 35 637 3749 1271 7052 8012 3121 270 157 16741 3982 935 379 681 15030 40682 1507 203 91 14123 2567 3918 213
internal_value=2.06515e-07 -1.39855e-06 1.58107e-05 6.56365e-05 4.24277e-05 6.67673e-05 0.000111678 0.000146114 2.2952e-06 4.66104e-06 1.40319e-05 1.37033e-05 -4.12942e-06 1.27272e-06 1.16292e-05 3.09228e-05 0 9.97957e-06 3.01556e-05 4.25579e-05 1.81877e-05 -3.13046e-06 -4.03338e-06 2.35957e-06 1.43274e-05 3.71497e-05 -6.75819e-07 -2.4628e-06 2.02605e-05 1.33386e-05
internal_weight=147123 133227 13896 506 444 279 151 108 56163 31828 8217 13390 77064 23611 12053 806 20490 11247 1337 649 5870 63724 48694 2347 840 1026 24335 16690 5189 7265
internal_count=147123 133227 13896 506 444 279 151 108 56163 31828 8217 13390 77064 23611 12053 806 20490 11247 1337 649 5870 63724 48694 2347 840 1026 24335 16690 5189 7265
is_linear=0
shrinkage=0.03


Tree=62
num_leaves=31
num_cat=0
split_feature=13 13 14 6 6 17 12 7 22 22 22 5 6 21 17 22 4 13 7 23 5 21 13 7 4 5 10 21 23 6
split_gain=0.00408912 0.00157262 0.00115663 0.000968905 0.000556904 0.000453333 0.000364886 0.000348589 0.000341233 0.000977012 0.000430534 0.000330058 0.000308501 0.000296114 0.000290151 0.000267725 0.000262513 0.000405482 0.000845774 0.000245608 0.000242688 0.000275562 0.000242532 0.000279878 0.000218084 0.000282291 0.000309789 0.000207344 0.000205965 0.000202862
threshold=310.61000000000121 110.29571428571425 0.010000763090932951 91366.749000000025 83682.275000000009 1.4400600330759552 0.0029607861990862223 113271.56675000001 11.500000000000002 14.500000000000002 12.500000000000002 57496.54500000002 60907.326000000008 28.77686512328717 1.4278526367449131 1.5000000000000002 0.01933204724028437 566.50642857142941 90702.977250000011 2.5000000000000004 86029.823000000019 51.881548069283234 193.54928571428513 73816.560500000007 0.0027794048955460675 63559.549000000014 0.0088109154889903802 73.559757916983486 5.5000000000000009 58238.285000000011
decision_type=2 2 2 2 2 2 2 2 2 2 2 2 2 2 2 2 2 2 2 2 2 2 2 2 2 2 2 2 2 2
left_child=1 12 4 5 28 11 -4 13 -5 10 -10 -3 -1 -6 -8 -16 20 -18 -19 -7 -15 -22 24 -24 -13 26 29 -17 -2 -26
right_child=2 3 6 8 7 19 14 -9 9 -11 -12 22 -14 16 15 27 17 18 -20 -21 21 -23 23 -25 25 -27 -28 -29 -30 -31
leaf_value=3.323017266110341e-07 3.4102909553791211e-05 1.7193264593486847e-05 0 -3.4836539450150424e-06 3.1200034861764652e-05 2.366795154728237e-05 1.04188934227372e-05 -5.436163290392018e-06 0 -1.7484433690326711e-06 1.6058418718986236e-05 -1.6627877309250743e-06 -5.7703677203322788e-06 -1.0774072190665787e-05 0 0.00012780812047145517 1.2841506199996699e-05 0.00025135657450334089 5.4500117084115937e-06 5.8317817064496112e-06 1.6192439443648642e-05 1.6997790315758637e-06 0 1.2842337239807482e-05 0 6.1178679867272403e-07 0 0 0 3.1639349976287317e-05
leaf_weight=7661 1752 1782 60 23604 942 2061 132 735 1911 20397 4879 9442 50875 413 29 185 528 26 87 1895 3191 2695 2308 4076 230 3746 370 45 173 893
leaf_count=7661 1752 1782 60 23604 942 2061 132 735 1911 20397 4879 9442 50875 413 29 185 528 26 87 1895 3191 2695 2308 4076 230 3746 370 45 173 893
internal_value=2.05181e-07 -1.19546e-06 1.78225e-05 1.57595e-06 1.54364e-05 6.20397e-06 6.69313e-05 1.16067e-05 -8.07247e-07 1.40609e-06 1.13239e-05 4.3967e-06 -4.92042e-06 1.35766e-05 7.75031e-05 0.000100097 1.07518e-05 3.09105e-05 8.87277e-05 1.58828e-05 8.22371e-06 1.00666e-05 3.17168e-06 8.11451e-06 8.17919e-07 5.86134e-06 1.70225e-05 0.000111038 3.10194e-05 2.5169e-05
internal_weight=147123 136130 10993 77594 10542 26803 451 8617 50791 27187 6790 22847 58536 7882 391 259 6940 641 113 3956 6299 5886 21065 6384 14681 5239 1493 230 1925 1123
internal_count=147123 136130 10993 77594 10542 26803 451 8617 50791 27187 6790 22847 58536 7882 391 259 6940 641 113 3956 6299 5886 21065 6384 14681 5239 1493 230 1925 1123
is_linear=0
shrinkage=0.03


Tree=63
num_leaves=31
num_cat=0
split_feature=13 13 14 5 23 8 6 23 8 9 12 5 6 15 22 17 22 22 17 22 22 13 17 17 22 8 15 13 11 22
split_gain=0.00386958 0.00149885 0.00109942 0.000671478 0.000567942 0.00054225 0.000524852 0.000521682 0.000519531 0.000394385 0.000347465 0.000332688 0.000327965 0.00031112 0.000292549 0.000279103 0.00027221 0.000867498 0.000386314 0.000279929 0.000257822 0.000248133 0.000228829 0.000213406 0.000193883 0.000189656 0.000262045 0.000227907 0.000188586 0.000179669
threshold=310.61000000000121 152.28107142857129 0.010000763090932951 91069.103000000017 4.5000000000000009 87299.464000000022 87050.201000000015 1.5000000000000002 63177.334500000004 -0.00035982552899699311 0.0029607861990862223 84035.564000000028 111593.43250000001 0.54301102864045681 17.500000000000004 0.77904363968109624 4.5000000000000009 13.500000000000002 3.2844584992446344 11.500000000000002 12.500000000000002 95.243928571428128 1.6720799824281329 1.6956209071510018 12.500000000000002 55203.617250000003 1.3241049803564848 202.58571428571514 0.0013147797601060745 15.500000000000002
decision_type=2 2 2 2 2 2 2 2 2 2 2 2 2 2 2 2 2 2 2 2 2 2 2 2 2 2 2 2 2 2
left_child=1 4 5 15 8 6 7 20 21 12 -4 13 -7 -9 24 -3 -12 19 -19 -18 -2 -1 -10 -5 -11 26 -17 -28 -23 -26
right_child=2 3 10 23 -6 9 -8 11 22 14 16 -13 -14 -15 -16 25 17 18 -20 -21 -22 28 -24 -25 29 -27 27 -29 -30 -31
leaf_value=0 6.7057187892295564e-06 2.4605612955684566e-06 0 -1.1710534613127857e-07 -6.4204510529661077e-06 2.0609799891480687e-05 9.8473837659734874e-05 -2.2227400865098866e-06 -3.4665902492676858e-06 0 0 -1.3571879969333743e-05 0 2.6592976227830923e-05 -9.0626237398648394e-06 0 5.1525214453984856e-05 1.2222291718575092e-05 0.00016500363378343946 0.00030834394537804835 5.0542345630106504e-05 1.6920620516991489e-05 3.903441212402935e-06 8.4759481264776054e-06 2.1524033724113487e-05 1.073083796518721e-05 0 0.0001474895450656896 2.9251582851957821e-06 0
leaf_weight=4580 350 5671 60 27808 35140 3462 116 262 42189 904 69 324 533 884 1125 83 50 214 27 31 760 2078 3792 2808 1150 9313 24 38 2606 672
leaf_count=4580 350 5671 60 27808 35140 3462 116 262 42189 904 69 324 533 884 1125 83 50 214 27 31 760 2078 3792 2808 1150 9313 24 38 2606 672
internal_value=2.046e-07 -1.15735e-06 1.73428e-05 3.23396e-06 -3.41304e-06 1.50074e-05 2.73459e-05 2.29815e-05 -1.44579e-06 1.03851e-05 6.52674e-05 8.52297e-06 1.71526e-05 1.73879e-05 2.58519e-06 8.42041e-06 7.5584e-05 8.77346e-05 4.18432e-05 0.000187064 3.94243e-05 4.91975e-06 -2.79354e-06 5.73059e-07 8.49278e-06 1.16767e-05 5.17002e-05 0.000100216 9.77477e-06 1.42716e-05
internal_weight=147123 136130 10993 45745 90385 10542 2696 2580 55245 7846 451 1470 3995 1146 3851 15129 391 322 241 81 1110 9264 45981 30616 2726 9458 145 62 4684 1822
internal_count=147123 136130 10993 45745 90385 10542 2696 2580 55245 7846 451 1470 3995 1146 3851 15129 391 322 241 81 1110 9264 45981 30616 2726 9458 145 62 4684 1822
is_linear=0
shrinkage=0.03


Tree=64
num_leaves=31
num_cat=0
split_feature=13 14 13 13 6 6 17 10 22 2 6 5 22 22 21 17 13 22 22 5 3 10 3 3 2 6 10 22 7 7
split_gain=0.00366288 0.00140042 0.000868375 0.00069961 0.000673578 0.000407484 0.000381466 0.000351742 0.00032401 0.000263285 0.000252734 0.000243924 0.000539228 0.00117269 0.000243006 0.000237941 0.000237589 0.000219979 0.00104389 0.000217809 0.000205492 0.000184811 0.000175277 0.000164328 0.00024788 0.0001959 0.000162397 0.000203072 0.000166622 0.000156816
threshold=214.84321428571539 0.0080305264588041141 101.10499999999958 427.49464285714259 83885.266500000012 94383.402500000011 1.5922917742294358 -0.024614492365034209 18.500000000000004 -0.0011449144531231468 60907.326000000008 82175.106000000014 12.500000000000002 13.500000000000002 69.634467598405266 1.4531538920426965 290.95500000000123 12.500000000000002 14.500000000000002 57496.54500000002 -0.020197045047089853 0.0040613581587510836 -0.0045224635976653374 0.0014086945931925945 0.0034232305965804515 82544.065500000012 0.008216416323855948 18.500000000000004 63364.846500000007 104476.29950000001
decision_type=2 2 2 2 2 2 2 2 2 2 2 2 2 2 2 2 2 2 2 2 2 2 2 2 2 2 2 2 2 2
left_child=2 3 10 5 6 23 19 9 -5 20 -1 12 -9 -14 -13 -7 -16 -6 29 -4 -3 22 -21 -2 -25 -26 27 28 -23 -19
right_child=1 7 4 8 17 15 -8 11 -10 -11 -12 14 13 -15 16 -17 -18 18 -20 21 -22 26 -24 24 25 -27 -28 -29 -30 -31
leaf_value=0 1.5313429839438983e-05 0.00012620182744085197 1.4183728659424493e-05 2.8614066303368629e-05 -3.389847024006775e-06 1.3397589805434063e-06 1.7368247326208257e-05 0 0 0 -5.917237437736463e-06 0 0.0002542277711438443 3.0520550343747109e-05 0 1.2710959306257702e-05 7.5204900438372309e-05 2.1471037756418148e-05 -2.3553907584305787e-06 8.1153283241658582e-06 0 3.0041403859729634e-05 -2.2556213594582445e-06 0 2.4619468067297939e-05 2.2176644939399281e-06 0 0 6.5418141049610657e-06 6.0140548723238253e-06
leaf_weight=6833 5541 127 1570 2198 28637 12510 2143 102 674 23 43597 422 36 180 27 2101 87 1993 18208 1771 43 710 8095 2245 893 1154 1494 679 1200 1830
leaf_count=6833 5541 127 1570 2198 28637 12510 2143 102 674 23 43597 422 36 180 27 2101 87 1993 18208 1771 43 710 8095 2245 893 1154 1494 679 1200 1830
internal_value=2.04277e-07 9.90891e-06 -2.08819e-06 8.46769e-06 7.25405e-08 6.64743e-06 5.15901e-06 4.46405e-05 2.29149e-05 9.10952e-05 -5.07534e-06 3.06201e-05 5.49426e-05 8.17879e-05 1.05864e-05 3.18029e-06 4.94304e-05 -1.64132e-06 4.95348e-07 3.27965e-06 0.000103988 1.8372e-06 -8.98453e-08 1.14941e-05 5.86416e-06 1.34566e-05 7.22826e-06 1.17834e-05 1.6849e-05 1.48571e-05
internal_weight=147123 28363 118760 27316 68330 24444 17662 1047 2872 193 50430 854 318 216 536 14611 114 50668 22031 15519 170 13949 9866 9833 4292 2047 4083 2589 1910 3823
internal_count=147123 28363 118760 27316 68330 24444 17662 1047 2872 193 50430 854 318 216 536 14611 114 50668 22031 15519 170 13949 9866 9833 4292 2047 4083 2589 1910 3823
is_linear=0
shrinkage=0.03


Tree=65
num_leaves=31
num_cat=0
split_feature=13 13 14 5 23 6 7 12 7 2 17 17 23 23 17 13 11 17 23 21 15 7 9 4 5 21 5 5 2 11
split_gain=0.00348878 0.00133947 0.00101893 0.00060316 0.000524022 0.000478103 0.000405553 0.000329852 0.000315218 0.000271602 0.000264709 0.000257389 0.000210784 0.000322758 0.000208019 0.000194774 0.000198627 0.000194293 0.000189357 0.000181271 0.000198077 0.0001721 0.000241258 0.000155319 0.000254396 0.000474396 0.000174177 0.000153029 0.000151514 0.000145083
threshold=310.61000000000121 152.28107142857129 0.010000763090932951 91069.103000000017 4.5000000000000009 83682.275000000009 63364.846500000007 0.0029607861990862223 113271.56675000001 -0.0018403336046646233 1.4278526367449131 0.77904363968109624 1.0000000180025095e-35 3.5000000000000004 1.6720799824281329 95.243928571428128 0.0013147797601060745 1.8278813129863332 5.5000000000000009 25.87723166246413 0.38674091500972835 56121.878500000013 0.0079492010184999424 0.027538080509481148 92501.623000000007 80.662955700204364 99665.898000000001 104930.39500000003 -0.00074769474801605884 0.0033960602871971122
decision_type=2 2 2 2 2 2 2 2 2 2 2 2 2 2 2 2 2 2 2 2 2 2 2 2 2 2 2 2 2 2
left_child=1 4 5 11 6 18 15 -4 9 -7 -9 -3 -12 -14 27 -1 -17 -5 19 -2 -21 22 28 26 25 -25 -11 -8 -13 -23
right_child=2 3 7 17 -6 8 14 10 -10 23 12 21 13 -15 -16 16 -18 -19 -20 20 -22 29 -24 24 -26 -27 -28 -29 -30 -31
leaf_value=0 0 2.2356725538978578e-06 0 -2.3115682661000409e-08 -6.1085921720531998e-06 2.0317874620752998e-05 -1.4511337124328396e-06 7.8566680542657956e-06 -5.5240567228928639e-06 0 0.0001566904620010161 3.45480536249181e-05 0 9.6930608980045843e-05 3.8688671159529635e-06 1.5464128143297676e-05 1.6844452078296788e-06 9.1567134449460841e-06 0 0 3.8262099212312011e-05 1.0527160411824795e-05 0.00012057924499817104 0.00012794522398318299 0 0 1.2401286676573919e-05 -5.3593529996086348e-06 0 -8.0315918005359849e-06
leaf_weight=4722 184 5671 60 28426 35140 2967 24012 132 735 2825 87 192 104 68 3753 2144 2709 2190 173 134 1434 8839 40 56 130 26 1878 17905 176 211
leaf_count=4722 184 5671 60 28426 35140 2967 24012 132 735 2825 87 192 104 68 3753 2144 2709 2190 173 134 1434 8839 40 56 130 26 1878 17905 176 211
internal_value=2.05579e-07 -1.08657e-06 1.64794e-05 3.06294e-06 -3.21988e-06 1.42186e-05 -1.32812e-06 6.26604e-05 1.0631e-05 1.25182e-05 7.27169e-05 7.97916e-06 9.41787e-05 4.50549e-05 -2.54618e-06 4.1683e-06 8.39051e-06 5.35569e-07 2.8718e-05 3.16768e-05 3.50029e-05 1.11057e-05 3.35303e-05 7.19908e-06 3.51761e-05 7.73652e-05 5.29934e-06 -3.19212e-06 1.58883e-05 9.76289e-06
internal_weight=147123 136130 10993 45745 90385 10542 55245 451 8617 7882 391 15129 259 172 45670 9575 4853 30616 1925 1752 1568 9458 408 4915 212 82 4703 41917 368 9050
internal_count=147123 136130 10993 45745 90385 10542 55245 451 8617 7882 391 15129 259 172 45670 9575 4853 30616 1925 1752 1568 9458 408 4915 212 82 4703 41917 368 9050
is_linear=0
shrinkage=0.03


Tree=66
num_leaves=31
num_cat=0
split_feature=13 8 13 10 8 17 13 8 17 18 13 17 5 15 10 13 22 8 16 1 5 22 3 12 13 12 10 17 8 12
split_gain=0.0033046 0.00149383 0.0010035 0.000629947 0.000608661 0.000606634 0.000466529 0.000418235 0.000335136 0.000274101 0.000263909 0.000259578 0.000221589 0.000217594 0.000332842 0.000214801 0.000371801 0.000186722 0.000229764 0.000198545 0.000175377 0.000152827 0.000166575 0.000294453 0.000146958 0.000145233 0.000149282 0.000138265 0.000126631 0.000123431
threshold=185.255357142858 55203.617250000003 364.82142857142964 -0.024614492365034209 94292.886833333338 1.2816647016339513 97.837857142857374 103724.92450000001 1.6956209071510018 0.77064594584067558 85.616428571428386 1.4938916660908674 113305.32900000001 1.3994371213735322 -0.0070238443386360086 341.11357142856917 12.500000000000002 89334.455416666679 0.53183290634316849 0.0015008583865524507 57496.54500000002 22.500000000000004 0.016021920813402594 0.0029607861990862223 374.60142857142802 0.0021114659289300096 -0.0026516758049113793 1.154127715492294 58678.127000000008 0.0023639421582986719
decision_type=2 2 2 2 2 2 2 2 2 2 2 2 2 2 2 2 2 2 2 2 2 2 2 2 2 2 2 2 2 2
left_child=4 3 7 -2 6 9 28 8 21 17 -6 20 29 15 -15 -5 -17 18 -4 -19 25 22 -3 -24 -20 26 -8 -12 -1 -7
right_child=1 2 5 13 10 12 11 -9 -10 -11 27 -13 -14 14 -16 16 -18 19 24 -21 -22 -23 23 -25 -26 -27 -28 -29 -30 -31
leaf_value=2.1266836658045892e-06 0.00020731619704524268 5.8632597270771312e-06 0 0 -7.5547405748860226e-06 2.6400383727595315e-06 0 0 1.9825313547323309e-05 0 -4.1181368624709517e-06 1.1043824534831053e-05 0 0 0.00015445956653839318 0 8.5829035666042827e-05 1.5642591692234363e-05 0 0 7.2463124057016207e-07 -5.4827504480330674e-06 4.8650477669946046e-06 0.00010795303700294545 3.765104148240144e-05 0 2.5373556914877661e-05 -2.1048756277639292e-08 -3.9367702918385271e-06 4.637855727897278e-05
leaf_weight=2989 39 18750 409 148 18712 223 316 11051 1925 864 30123 3231 74 24 44 46 82 1633 92 995 19792 750 252 47 914 222 722 11813 19839 1002
leaf_count=2989 39 18750 409 148 18712 223 316 11051 1925 864 30123 3231 74 24 44 46 82 1633 92 995 19792 750 252 47 914 222 722 11813 19839 1002
internal_value=2.04667e-07 7.66248e-06 6.99712e-06 6.75321e-05 -2.49181e-06 1.82345e-05 3.16824e-09 4.77772e-06 7.19481e-06 1.24691e-05 -4.47936e-06 2.96068e-06 3.77013e-05 4.29104e-05 0.000105123 1.66844e-05 4.59252e-05 1.58025e-05 2.60023e-05 9.16834e-06 1.57755e-06 5.81517e-06 6.41751e-06 3.11303e-05 3.40075e-05 1.25932e-05 1.78442e-05 -3.03556e-06 -3.01142e-06 4.0866e-05
internal_weight=147123 39364 38981 383 107759 6206 47111 32775 21724 4907 60648 24283 1299 344 68 276 128 4043 1415 2628 21052 19799 19049 299 1006 1260 1038 41936 22828 1225
internal_count=147123 39364 38981 383 107759 6206 47111 32775 21724 4907 60648 24283 1299 344 68 276 128 4043 1415 2628 21052 19799 19049 299 1006 1260 1038 41936 22828 1225
is_linear=0
shrinkage=0.03


Tree=67
num_leaves=31
num_cat=0
split_feature=13 13 10 8 5 8 5 5 11 10 5 15 22 13 1 22 17 17 17 10 17 22 20 3 21 10 22 3 22 13
split_gain=0.00313418 0.00120943 0.000960251 0.000801236 0.000706163 0.000558786 0.000394485 0.000460339 0.000390073 0.000360672 0.000346768 0.000302663 0.000322276 0.000293443 0.000280843 0.000274277 0.000264053 0.000260491 0.000258462 0.000250699 0.000244853 0.000294895 0.000299822 0.000277238 0.000271313 0.000239514 0.000468072 0.000238892 0.000209583 0.000206487
threshold=310.61000000000121 122.00892857142806 -0.020515624119615102 87299.464000000022 91069.103000000017 55203.617250000003 86746.808000000019 83881.301000000021 0.0058525663598974148 0.0022735252529507703 57496.54500000002 1.0132709048329422 12.500000000000002 474.27321428571514 -0.0019754098280578831 16.500000000000004 1.8278813129863332 1.241764288875018 0.78552214696168376 -0.0080781678763533465 1.066556666530962 19.500000000000004 0.011337699005903893 -0.012371768617305266 74.883528490062247 0.019598572867528089 17.500000000000004 -0.0029188842669014554 14.500000000000002 512.53071428571491
decision_type=2 2 2 2 2 2 2 2 2 2 2 2 2 2 2 2 2 2 2 2 2 2 2 2 2 2 2 2 2 2
left_child=1 9 5 6 10 -2 7 11 13 27 15 -4 -13 25 29 19 -6 -5 -12 -3 -14 22 -22 -24 -25 26 -8 -1 -19 -7
right_child=2 4 3 17 16 14 8 -9 -10 -11 18 12 20 -15 -16 -17 -18 28 -20 -21 21 -23 23 24 -26 -27 -28 -29 -30 -31
leaf_value=4.6462911879290154e-07 0.00017215115468803362 0 1.7256190270388392e-05 3.5213275841916295e-06 -1.0233060280948771e-06 2.0869837997038012e-05 0 0 0.00023131363405301777 1.4897167205318736e-07 1.9569283743134088e-07 0 0 0 2.2346331543707111e-06 0 7.9596349667071005e-06 2.9365938263212917e-05 7.4495887257945621e-06 3.3843078125598751e-05 0 0 0 0.00012725997834625932 0 0 0.00014571581344649005 -5.6632868792833681e-06 2.7700349283113691e-06 8.0254958019290764e-05
leaf_weight=5483 44 278 1231 5903 41800 330 35 536 23 14525 8054 176 86 37 311 561 3137 842 12916 1002 26 49 25 187 24 40 53 48374 810 225
leaf_count=5483 44 278 1231 5903 41800 330 35 536 23 14525 8054 176 86 37 311 561 3137 842 12916 1002 26 49 25 187 24 40 53 48374 810 225
internal_value=2.02596e-07 -1.02103e-06 1.5628e-05 1.25515e-05 1.78974e-06 4.64142e-05 2.76091e-05 2.23663e-05 7.68697e-05 -3.84962e-06 6.09596e-06 2.96399e-05 5.10019e-05 3.70433e-05 3.65428e-05 1.91515e-05 -3.29441e-07 7.1157e-06 4.80664e-06 2.68395e-05 6.69664e-05 8.02031e-05 9.29931e-05 0.000103648 0.000114879 6.18887e-05 8.95323e-05 -4.98372e-06 1.81424e-05 5.03594e-05
internal_weight=147123 136130 10993 10083 67748 910 2528 2340 188 68382 22811 1804 573 165 866 1841 44937 7555 20970 1280 397 311 262 236 211 128 88 53857 1652 555
internal_count=147123 136130 10993 10083 67748 910 2528 2340 188 68382 22811 1804 573 165 866 1841 44937 7555 20970 1280 397 311 262 236 211 128 88 53857 1652 555
is_linear=0
shrinkage=0.03


Tree=68
num_leaves=31
num_cat=0
split_feature=13 10 23 6 5 13 7 6 22 22 22 22 17 7 23 22 5 13 13 6 22 23 3 7 2 10 11 23 10 6
split_gain=0.00300772 0.00113901 0.000735364 0.000646004 0.000550034 0.000496072 0.000486254 0.000499082 0.000355247 0.000601113 0.00180521 0.000726661 0.00032325 0.000312696 0.000304508 0.000404099 0.000291606 0.000281474 0.000322045 0.000280837 0.000251563 0.00030556 0.000247364 0.000234158 0.000224944 0.000238006 0.000701526 0.000218706 0.000355524 0.000409821
threshold=218.91142857142799 -0.024614492365034209 4.5000000000000009 104342.15650000003 83881.301000000021 274.11749999999984 54322.742000000006 103585.29750000002 1.5000000000000002 11.500000000000002 14.500000000000002 12.500000000000002 1.066556666530962 58654.62675000001 5.5000000000000009 11.500000000000002 115367.13000000002 108.96571428571615 177.67928571428641 60425.072500000002 20.500000000000004 5.5000000000000009 -0.016106474923258892 83232.490250000017 -0.0016306196651925673 0.019598572867528089 0.0038274836040145285 1.0000000180025095e-35 -0.00015147556499423007 105123.41850000001
decision_type=2 2 2 2 2 2 2 2 2 2 2 2 2 2 2 2 2 2 2 2 2 2 2 2 2 2 2 2 2 2
left_child=2 6 3 8 5 -3 -2 22 -1 -10 11 13 23 17 15 -14 24 -11 -19 -12 -4 -22 -8 -7 -6 27 -27 28 -26 -30
right_child=1 4 20 -5 16 12 7 -9 9 10 19 -13 14 -15 -16 -17 -18 18 -20 -21 21 -23 -24 -25 25 26 -28 -29 29 -31
leaf_value=1.0115896152483981e-05 0.00015873088691061978 5.6509034672653284e-06 -6.0539020577561894e-06 -3.6702884814834418e-06 1.1459082564262791e-05 1.1495596682257463e-05 3.8906919827733854e-05 0.00018933806237011094 -2.0555648668485192e-06 0 8.0180028237024452e-06 2.9249269865936347e-05 0 9.946354209422165e-07 0 6.2879660073294517e-05 -4.8643735054137734e-06 0.00010616374685719423 0 -2.2978238761909314e-06 -5.3046015391482093e-06 1.0153693648979209e-05 0 6.3618681334786617e-05 0 0 8.4095889148491746e-05 7.0783906392417918e-07 3.3889263470776785e-05 0
leaf_weight=4401 53 2367 34885 29839 7240 1722 306 24 24798 115 2880 3137 211 2262 78 590 1757 80 24 12966 2512 2019 194 120 1079 408 135 9722 861 338
leaf_count=4401 53 2367 34885 29839 7240 1722 306 24 24798 115 2880 3137 211 2262 78 590 1757 80 24 12966 2512 2019 194 120 1079 408 135 9722 861 338
internal_value=2.05917e-07 9.22983e-06 -1.81627e-06 -1.34008e-07 8.1919e-06 1.73777e-05 5.19214e-05 3.53659e-05 1.88954e-06 1.04209e-06 4.76066e-06 1.9381e-05 2.64759e-05 5.69364e-06 4.39157e-05 4.95829e-05 5.88274e-06 4.05135e-05 7.67336e-05 -2.33569e-07 -5.17594e-06 9.2155e-07 2.194e-05 1.65231e-05 6.9889e-06 4.1694e-06 2.44275e-05 3.00252e-06 1.14784e-05 2.2741e-05
internal_weight=147123 27205 119918 80502 26628 5088 577 524 50663 46262 21464 5618 2721 2481 879 801 21540 219 104 15846 39416 4531 500 1842 19783 12543 543 12000 2278 1199
internal_count=147123 27205 119918 80502 26628 5088 577 524 50663 46262 21464 5618 2721 2481 879 801 21540 219 104 15846 39416 4531 500 1842 19783 12543 543 12000 2278 1199
is_linear=0
shrinkage=0.03


Tree=69
num_leaves=31
num_cat=0
split_feature=13 8 2 23 10 8 13 22 4 11 12 8 5 15 22 22 22 22 22 7 5 15 10 5 9 6 10 23 13 13
split_gain=0.00284883 0.0013385 0.000902374 0.000564364 0.000490033 0.000439709 0.000424199 0.000511056 0.000357212 0.000850972 0.00035181 0.000331476 0.000263919 0.000280471 0.000247578 0.000449947 0.000936089 0.000486674 0.000254938 0.000222525 0.000246493 0.000205173 0.000307036 0.000200508 0.000291146 0.00023346 0.000198028 0.000332773 0.000195905 0.000192324
threshold=185.255357142858 55203.617250000003 -0.0067560172787827213 4.5000000000000009 -0.024614492365034209 63177.334500000004 427.49464285714259 17.500000000000004 0.015881270152391162 0.0042243004849999285 0.0055426614884636852 103724.92450000001 105260.83600000002 0.54301102864045681 21.500000000000004 11.500000000000002 14.500000000000002 12.500000000000002 1.5000000000000002 58471.053000000007 105520.03999999999 1.3994371213735322 -0.0070238443386360086 98381.470000000016 -0.0041557448246118392 64139.367000000006 0.0031089390566798607 1.0000000180025095e-35 95.243928571428128 341.11357142856917
decision_type=2 2 2 2 2 2 2 2 2 2 2 2 2 2 2 2 2 2 2 2 2 2 2 2 2 2 2 2 2 2
left_child=3 4 10 5 -2 28 11 8 26 -10 19 -4 13 -11 15 18 17 -17 -7 -3 -21 29 -23 24 -19 -26 27 -8 -1 -6
right_child=1 2 6 -5 21 14 7 -9 9 12 -12 -13 -14 -15 -16 16 -18 23 -20 20 -22 22 -24 -25 25 -27 -28 -29 -30 -31
leaf_value=0 0.00019160779700388229 -3.2597901379381536e-06 6.0945698970511892e-06 -5.2532701564632405e-06 0 2.9085174014245923e-06 0 -5.2377207853230208e-07 4.7044485813608788e-07 0 7.8775855914333824e-05 0 0 0.00013717517444288512 -7.7716851825988374e-06 3.1097498369209086e-06 -1.8290086541699928e-06 0 -4.0554210777649252e-06 2.424116475166691e-05 0 0 0.00014804017213315758 1.0434503338227769e-05 0 3.9694568933637618e-05 0 3.1061486361159029e-05 8.296099492636084e-06 4.2758139055114584e-05
leaf_weight=4580 39 163 21804 37936 148 5078 241 723 219 20 126 11187 25 129 5628 3016 11756 122 30681 2609 521 24 44 1430 112 1174 349 865 6246 128
leaf_count=4580 39 163 21804 37936 148 5078 241 723 219 20 126 11187 25 129 5628 3016 11756 122 30681 2609 521 24 44 1430 112 1174 349 865 6246 128
internal_value=2.05835e-07 7.1315e-06 6.49725e-06 -2.29625e-06 6.38347e-05 -6.46683e-07 4.97159e-06 1.70702e-05 2.55765e-05 5.46374e-05 2.1488e-05 3.93776e-06 0.000105542 0.00012083 -1.70429e-06 -1.00823e-06 2.83057e-06 1.27003e-05 -2.9826e-06 1.83827e-05 2.04682e-05 4.05789e-05 0.00010067 2.18348e-05 3.12811e-05 3.57081e-05 1.56622e-05 2.19962e-05 4.83968e-06 1.48771e-05
internal_weight=147123 39364 38981 107759 383 69823 35562 2571 1848 393 3419 32991 174 149 58997 53369 17610 5854 35759 3293 3130 344 68 2838 1408 1286 1455 1106 10826 276
internal_count=147123 39364 38981 107759 383 69823 35562 2571 1848 393 3419 32991 174 149 58997 53369 17610 5854 35759 3293 3130 344 68 2838 1408 1286 1455 1106 10826 276
is_linear=0
shrinkage=0.03


Tree=70
num_leaves=31
num_cat=0
split_feature=13 13 10 8 6 8 6 23 22 17 22 22 22 22 16 0 5 22 22 6 5 15 5 10 23 13 8 13 22 6
split_gain=0.00271082 0.00103685 0.000847271 0.000714134 0.00066317 0.000437041 0.000420109 0.000415337 0.000536837 0.000345506 0.000281357 0.000823353 0.000362488 0.000268063 0.000707538 0.000267087 0.000244269 0.000240433 0.000375137 0.000579642 0.000237116 0.000230525 0.000266707 0.000358706 0.000225349 0.000208177 0.000196428 0.000316286 0.00018354 0.000181326
threshold=310.61000000000121 110.29571428571425 -0.020515624119615102 87299.464000000022 91366.749000000025 55203.617250000003 87050.201000000015 1.5000000000000002 12.500000000000002 1.4400600330759552 11.500000000000002 14.500000000000002 12.500000000000002 13.500000000000002 1.1900578058712508 0.0020252912233408309 57496.54500000002 14.500000000000002 12.500000000000002 110847.31450000002 83881.301000000021 0.54301102864045681 83881.301000000021 0.01165987415955161 2.5000000000000004 348.75464285714361 73778.213583333345 164.20785714285691 2.5000000000000004 82803.049000000014
decision_type=2 2 2 2 2 2 2 2 2 2 2 2 2 2 2 2 2 2 2 2 2 2 2 2 2 2 2 2 2 2
left_child=1 20 5 6 9 -2 7 8 -4 16 -6 12 -12 14 -10 25 -3 18 28 -20 -1 -9 23 29 -11 -7 -18 -28 -5 -23
right_child=2 4 3 17 10 15 -8 21 13 24 11 -13 -14 -15 -16 -17 26 -19 19 -21 -22 22 -24 -25 -26 -27 27 -29 -30 -31
leaf_value=-1.3720189186555558e-06 0.00015817784912944423 1.4572842305579738e-05 0 1.5888960052573015e-05 -3.087737138908065e-06 0 8.7852600952657007e-05 -9.4679826201354387e-06 0 2.0947231180786948e-05 0 -1.5318629357427857e-06 1.4802969964594316e-05 3.8520209469893034e-05 0.00023048806490831372 0 -3.4063549468653727e-07 1.5740503787185921e-06 4.1934789691150222e-05 0 -5.5055544611322415e-06 0 -2.1098505111477459e-06 6.8002980986049639e-05 4.0408033148544261e-06 4.7953159840605751e-05 0 9.7791289385069956e-06 -2.3015098546066923e-06 4.1304232748419519e-05
leaf_weight=22590 44 1782 297 703 23604 96 126 328 21 2061 1911 20397 4879 710 32 143 9860 4710 775 284 35946 485 242 166 1895 627 5049 6156 1083 121
leaf_count=22590 44 1782 297 703 23604 96 126 328 21 2061 1911 20397 4879 710 32 143 9860 4710 775 284 35946 485 242 166 1895 627 5049 6156 1083 121
internal_value=2.02203e-07 -9.34318e-07 1.45489e-05 1.16356e-05 1.31078e-06 4.35278e-05 2.5861e-05 2.13568e-05 3.63114e-05 5.14169e-06 -6.51783e-07 1.35279e-06 1.04599e-05 4.96471e-05 0.000141855 3.42212e-05 3.54448e-06 6.47823e-06 1.35425e-05 2.81852e-05 -3.96161e-06 7.30747e-06 1.56925e-05 2.51581e-05 1.36074e-05 4.16547e-05 2.46905e-06 5.2092e-06 3.17942e-06 8.46279e-06
internal_weight=147123 136130 10993 10083 77594 910 2528 2402 1060 26803 50791 27187 6790 763 53 866 22847 7555 2845 1059 58536 1342 1014 772 3956 723 21065 11205 1786 606
internal_count=147123 136130 10993 10083 77594 910 2528 2402 1060 26803 50791 27187 6790 763 53 866 22847 7555 2845 1059 58536 1342 1014 772 3956 723 21065 11205 1786 606
is_linear=0
shrinkage=0.03


Tree=71
num_leaves=31
num_cat=0
split_feature=13 13 10 8 6 8 8 6 23 21 5 13 10 13 15 5 10 21 11 6 20 19 9 13 12 15 6 15 18 4
split_gain=0.00256538 0.000977029 0.000797286 0.000675923 0.000454702 0.000417792 0.000403135 0.000389149 0.000392906 0.000284906 0.00025693 0.000252944 0.000249032 0.000232381 0.000218389 0.000255923 0.00033249 0.000208826 0.000234843 0.000196285 0.000188883 0.000181888 0.000179092 0.000196104 0.000222122 0.000175116 0.000170549 0.000162722 0.000159857 0.000169671
threshold=310.61000000000121 152.28107142857129 -0.020515624119615102 87299.464000000022 90671.512500000012 83236.367916666684 55203.617250000003 87050.201000000015 1.5000000000000002 73.991307464762286 62661.883000000009 97.837857142857374 0.004398178410131127 68.128214285714691 0.54301102864045681 83881.301000000021 0.01165987415955161 51.881548069283234 0.0033960602871971122 111593.43250000001 0.015921330865123397 0.5979962907118459 -0.010289236103241782 348.75464285714361 0.002473561059413576 0.4653823054109516 82803.049000000014 0.38674091500972835 0.59422461278018501 0.027538080509481148
decision_type=2 2 2 2 2 2 2 2 2 2 2 2 2 2 2 2 2 2 2 2 2 2 2 2 2 2 2 2 2 2
left_child=1 5 6 7 25 11 -2 8 9 20 -8 -1 -13 -7 -10 16 26 18 19 -5 -4 27 23 -12 -25 -3 -16 -22 29 -18
right_child=2 4 3 17 -6 13 10 -9 14 -11 22 12 -14 -15 15 -17 28 -19 -20 -21 21 -23 -24 24 -26 -27 -28 -29 -30 -31
leaf_value=-1.9623638752002e-06 0.00015344327372707881 0 0 1.7442886238306256e-05 4.5176099696423322e-07 -8.0382150476512968e-06 0 8.5219112671704932e-05 -9.1840295643678628e-06 0 0 7.889618247751875e-07 1.166206074112326e-05 -3.1314069095201877e-06 0 -2.0465814719847595e-06 0.00012325201889000096 0 -5.7823143327711087e-07 0 0 0 5.6296792790758471e-06 0 6.9662139810745458e-05 8.3652779561136755e-06 4.0066128700701855e-05 5.389483170489952e-05 0 0
leaf_weight=18814 44 2335 99 2873 30868 12178 101 126 328 114 36 8488 2751 48154 485 242 67 3354 805 523 61 77 277 99 353 12542 121 709 60 39
leaf_count=18814 44 2335 99 2873 30868 12178 101 126 328 114 36 8488 2751 48154 485 242 67 3354 805 523 61 77 277 99 353 12542 121 709 60 39
internal_value=1.98753e-07 -9.06295e-07 1.41557e-05 1.13171e-05 2.63298e-06 -2.73076e-06 4.23073e-05 2.51673e-05 2.07648e-05 3.53287e-05 3.31798e-05 6.18962e-08 3.7174e-06 -4.17158e-06 7.02425e-06 1.52258e-05 2.45253e-05 6.28528e-06 1.07601e-05 1.43311e-05 4.08599e-05 4.54459e-05 3.93504e-05 5.23397e-05 5.78617e-05 6.95707e-06 8.21541e-06 4.98438e-05 6.59641e-05 9.03765e-05
internal_weight=147123 136130 10993 10083 45745 90385 910 2528 2402 1060 866 30053 11239 60332 1342 1014 772 7555 4201 3396 946 847 765 488 452 14877 606 770 166 106
internal_count=147123 136130 10993 10083 45745 90385 910 2528 2402 1060 866 30053 11239 60332 1342 1014 772 7555 4201 3396 946 847 765 488 452 14877 606 770 166 106
is_linear=0
shrinkage=0.03


Tree=72
num_leaves=31
num_cat=0
split_feature=13 8 8 13 23 10 22 23 22 22 22 22 22 6 8 8 10 3 3 4 8 8 8 16 12 23 22 16 10 12
split_gain=0.00244211 0.00115256 0.000618845 0.000599451 0.000549066 0.00051981 0.000411153 0.000932589 0.000340197 0.000620166 0.00108349 0.000607368 0.000520384 0.000323467 0.000312262 0.000361337 0.000409009 0.000372386 0.000340924 0.000575798 0.000409322 0.000417901 0.000305388 0.000289069 0.000270489 0.000417472 0.000244531 0.000229099 0.00020463 0.000232403
threshold=218.91142857142799 55203.617250000003 104832.13216666668 397.58464285714223 4.5000000000000009 0.012338414188867943 12.500000000000002 1.5000000000000002 21.500000000000004 11.500000000000002 14.500000000000002 12.500000000000002 1.5000000000000002 60425.072500000002 89334.455416666679 94029.555666666667 -0.024614492365034209 -0.020197045047089853 0.0077732718106089402 0.017328087116409211 85658.543250000002 88177.823250000016 58475.495666666669 0.63498747679184364 0.001163993439904568 2.5000000000000004 20.500000000000004 1.5619228826708442 0.0052702910419099034 0.0027967959452666726
decision_type=2 2 2 2 2 2 2 2 2 2 2 2 2 2 2 2 2 2 2 2 2 2 2 2 2 2 2 2 2 2
left_child=2 5 4 23 8 6 -2 -8 9 12 11 22 -1 -12 18 -16 17 -17 -5 -20 -21 -22 24 -3 -11 -26 -6 -27 -18 -30
right_child=1 3 -4 14 26 -7 7 -9 -10 10 13 -13 -14 -15 15 16 28 -19 19 20 21 -23 -24 -25 25 27 -28 -29 29 -31
leaf_value=9.2973089074036198e-06 1.7561569499948752e-05 1.7153649358839268e-07 -4.6063498599799527e-06 3.9434004012920525e-05 -4.6017241481142481e-06 0 0.00020680088759903435 0 -5.7799697286557763e-06 0 1.1932514324362947e-05 2.6694924005906154e-05 -1.7505322472804363e-06 -6.4929945641652677e-07 -1.0017672968610724e-05 0.00012708513719769763 3.6403025665386192e-06 0 -1.8688228885063529e-05 0 0.00016830514387795225 0 8.4145294024610964e-07 7.7908419663843488e-06 0 0.00018521418561732197 4.030644296543141e-06 0 0 4.1546288130199704e-05
leaf_weight=4523 112 7617 41151 1097 24008 100 71 32 4678 100 2195 3214 25248 9355 477 62 1700 60 287 139 41 26 2339 14772 53 34 2997 23 231 381
leaf_count=4523 112 7617 41151 1097 24008 100 71 32 4678 100 2195 3214 25248 9355 477 62 1700 60 287 139 41 26 2339 14772 53 34 2997 23 231 381
internal_value=1.96074e-07 8.32903e-06 -1.62398e-06 7.53449e-06 -2.7788e-08 6.66104e-05 9.31376e-05 0.000146123 1.74277e-06 2.55392e-06 7.06944e-06 1.77465e-05 0 1.48213e-06 1.782e-05 1.03092e-05 1.55254e-05 7.3955e-05 2.96827e-05 1.89701e-06 4.51276e-05 0.000108376 5.28614e-06 5.33267e-06 4.04886e-05 7.30709e-05 -3.53261e-06 0.000129905 1.11416e-05 2.70734e-05
internal_weight=147123 27205 119918 26890 78767 315 215 103 51762 47084 17313 5763 29771 11550 4501 2911 2434 122 1590 493 206 67 2549 22389 210 110 27005 57 2312 612
internal_count=147123 27205 119918 26890 78767 315 215 103 51762 47084 17313 5763 29771 11550 4501 2911 2434 122 1590 493 206 67 2549 22389 210 110 27005 57 2312 612
is_linear=0
shrinkage=0.03


Tree=73
num_leaves=31
num_cat=0
split_feature=13 13 10 6 5 5 23 15 22 13 4 11 22 21 11 22 22 22 18 21 15 5 5 6 6 6 7 22 3 3
split_gain=0.00231404 0.000888522 0.000734341 0.000565856 0.000509148 0.000312954 0.000310068 0.000311658 0.000433102 0.000269843 0.000259886 0.000483329 0.000452315 0.000273667 0.000276256 0.000257362 0.000583757 0.000505644 0.000257011 0.000245882 0.000234757 0.000232053 0.000216232 0.000215288 0.000212081 0.000208173 0.00019766 0.000563949 0.000365503 0.000177881
threshold=310.61000000000121 110.29571428571425 -0.020515624119615102 91366.749000000025 83881.301000000021 57496.54500000002 5.5000000000000009 1.0132709048329422 12.500000000000002 348.75464285714361 0.01933204724028437 0.0038274836040145285 17.500000000000004 51.881548069283234 0.0035834307357277763 10.500000000000002 14.500000000000002 12.500000000000002 0.74085763809077465 47.532848218703421 0.7310279636319631 54316.537000000011 62661.883000000009 111593.43250000001 87050.201000000015 60907.326000000008 83042.662250000008 13.500000000000002 -0.0090936888405808141 -0.012371768617305266
decision_type=2 2 2 2 2 2 2 2 2 2 2 2 2 2 2 2 2 2 2 2 2 2 2 2 2 2 2 2 2 2
left_child=1 25 9 5 6 -3 7 26 -9 -2 13 -12 -13 14 23 -5 17 -17 29 21 -7 -11 -23 24 -6 -1 -4 -28 -29 -10
right_child=2 3 4 15 10 20 -8 8 18 19 11 12 -14 -15 -16 16 -18 -19 -20 -21 -22 22 -24 -25 -26 -27 27 28 -30 -31
leaf_value=6.229051253617906e-07 0 1.6364900018789068e-05 8.9389513051247232e-06 -3.0772965087399669e-06 -1.5468651861915293e-06 8.71744476698594e-08 0 0 0 0.00014281981148607363 3.9894403334861028e-06 8.8401005356552573e-05 0 -1.0711337058268513e-06 -4.1332989908126407e-06 0 -1.4281931380520417e-06 1.4175905285257301e-05 0 0 6.2692603397090145e-06 0 4.4588758448350742e-05 0 1.8857471858096533e-05 -4.359152805822233e-06 0 0 0.00015173416905464045 9.6010794552875843e-05
leaf_weight=7661 111 2083 1013 21898 232 10902 150 172 29 51 529 166 31 3116 736 3617 20397 4879 90 47 13818 38 663 531 2938 50875 31 23 54 242
leaf_count=7661 111 2083 1013 21898 232 10902 150 172 29 51 529 166 31 3116 736 3617 20397 4879 90 47 13818 38 663 531 2938 50875 31 23 54 242
internal_value=1.96074e-07 -8.52393e-07 1.34524e-05 1.22385e-06 1.07131e-05 4.76323e-06 2.58233e-05 2.99337e-05 5.2162e-05 4.05035e-05 7.05791e-06 2.52891e-05 6.72329e-05 4.90802e-06 9.78308e-06 -5.84857e-07 1.20034e-06 7.86389e-06 7.13887e-05 4.66083e-05 3.66421e-06 5.10129e-05 4.00353e-05 1.33612e-05 1.64178e-05 -3.65587e-06 1.66852e-05 6.15143e-05 0.000109035 8.74155e-05
internal_weight=147123 136130 10993 77594 10083 26803 1804 1654 533 910 8279 726 197 7553 4437 50791 28893 8496 361 799 24720 752 701 3701 3170 58536 1121 108 77 271
internal_count=147123 136130 10993 77594 10083 26803 1804 1654 533 910 8279 726 197 7553 4437 50791 28893 8496 361 799 24720 752 701 3701 3170 58536 1121 108 77 271
is_linear=0
shrinkage=0.03


Tree=74
num_leaves=31
num_cat=0
split_feature=13 8 2 23 23 8 13 22 12 21 8 22 22 22 22 22 8 12 2 20 22 22 22 23 12 21 7 5 21 11
split_gain=0.00220499 0.00109873 0.000755704 0.000472413 0.000377284 0.000356061 0.000327323 0.000461616 0.000293659 0.00028785 0.000271257 0.00024244 0.000475029 0.000903771 0.000423847 0.000360721 0.000316772 0.000350239 0.000358203 0.000228387 0.000359447 0.000472761 0.00137099 0.000220088 0.000220674 0.000217398 0.000204825 0.000213739 0.000227295 0.000261543
threshold=185.255357142858 55203.617250000003 -0.0067560172787827213 4.5000000000000009 3.5000000000000004 104718.25108333335 427.49464285714259 17.500000000000004 0.0055426614884636852 73.148876995807456 103724.92450000001 21.500000000000004 11.500000000000002 14.500000000000002 12.500000000000002 1.5000000000000002 58475.495666666669 0.001163993439904568 -0.00025795190442279287 0.02658084878851091 20.500000000000004 12.500000000000002 13.500000000000002 1.0000000180025095e-35 0.002436254390022004 26.341221781879039 58471.053000000007 105520.03999999999 47.532848218703421 0.0026576745577857742
decision_type=2 2 2 2 2 2 2 2 2 2 2 2 2 2 2 2 2 2 2 2 2 2 2 2 2 2 2 2 2 2
left_child=3 4 8 5 9 11 10 23 26 19 -4 12 15 14 16 -1 17 -14 -19 -2 21 -21 -23 -8 -25 -16 -3 28 29 -28
right_child=1 2 6 -5 -6 -7 7 -9 -10 -11 -12 -13 13 -15 25 -17 -18 18 -20 20 -22 22 -24 24 -26 -27 27 -29 -30 -31
leaf_value=8.0515710538250288e-06 0 -4.5430593570855779e-06 5.3342223718090457e-06 -4.7113220996603171e-06 0 -3.3678164168642087e-06 0 -1.7659306332234555e-06 7.2305255261646814e-05 0 -1.6493120919602238e-07 -5.6420829424326567e-06 0 5.330921171899569e-07 0 -1.8713286623295739e-06 1.5821256179260293e-06 0.00012778250835394456 0 3.2150927158958544e-05 0 0.00041245113111130588 5.1353007151080104e-05 0 3.2385549229607258e-05 2.9821972457675632e-05 1.3072648262085906e-05 0 0 3.8921645474951038e-05
leaf_weight=3811 42 163 21804 37936 66 25273 436 723 126 20 11187 4174 100 8879 174 23132 2103 62 33 120 45 22 68 91 1321 2082 1385 521 252 972
leaf_count=3811 42 163 21804 37936 66 25273 436 723 126 20 11187 4174 100 8879 174 23132 2103 62 33 120 45 22 68 91 1321 2082 1385 521 252 972
internal_value=1.91977e-07 6.28712e-06 5.70469e-06 -2.00672e-06 5.77181e-05 -4.94297e-07 4.30055e-06 1.49639e-05 1.94316e-05 7.13833e-05 3.37857e-06 1.0685e-06 1.83654e-06 6.45829e-06 1.73517e-05 -3.56396e-07 6.48221e-06 4.39231e-05 8.52786e-05 7.94391e-05 9.03068e-05 0.000106966 0.000173278 2.31322e-05 2.89929e-05 2.70931e-05 1.64953e-05 1.85495e-05 2.20572e-05 2.50064e-05
internal_weight=147123 39364 38981 107759 383 69823 35562 2571 3419 317 32991 44550 40376 13433 4554 26943 2298 195 95 297 255 210 90 1848 1412 2256 3293 3130 2609 2357
internal_count=147123 39364 38981 107759 383 69823 35562 2571 3419 317 32991 44550 40376 13433 4554 26943 2298 195 95 297 255 210 90 1848 1412 2256 3293 3130 2609 2357
is_linear=0
shrinkage=0.03


Tree=75
num_leaves=31
num_cat=0
split_feature=13 12 21 13 16 6 22 7 7 17 12 7 22 11 21 13 7 6 4 22 22 7 11 22 10 6 18 22 22 22
split_gain=0.00208324 0.000868563 0.000628704 0.000534033 0.000447205 0.000428612 0.000343596 0.000662924 0.000325475 0.000317277 0.000193593 0.000191065 0.000185559 0.000301743 0.000164927 0.000305289 0.000214749 0.000220372 0.000172974 0.000146216 0.000251949 0.00034446 0.000237541 0.00017893 0.000150322 0.000140228 0.000127576 0.000123185 0.000162302 0.000729675
threshold=218.91142857142799 0.0055426614884636852 31.348586315661368 87.528928571428494 1.3604439556528056 83885.266500000012 12.500000000000002 54322.742000000006 96331.426500000016 1.4938916660908674 0.0027275666882357013 108795.56125000001 14.500000000000002 0.0047647750666872527 57.18136802545596 566.50642857142941 63550.402750000008 87501.545000000013 0.01933204724028437 21.500000000000004 10.500000000000002 57489.874000000003 0.0011855659167029776 2.5000000000000004 0.00072595097523842089 62665.661500000009 0.43183768324413518 1.0000000180025095e-35 12.500000000000002 14.500000000000002
decision_type=2 2 2 2 2 2 2 2 2 2 2 2 2 2 2 2 2 2 2 2 2 2 2 2 2 2 2 2 2 2
left_child=3 4 -3 25 8 9 -4 -8 14 19 -6 27 13 -12 16 -16 -2 -18 -17 20 23 -22 24 -5 -23 -1 -10 -7 -29 -30
right_child=1 2 6 5 10 11 7 -9 26 -11 12 -13 -14 -15 15 18 17 -19 -20 -21 21 22 -24 -25 -26 -27 -28 28 29 -31
leaf_value=-6.7346213854111037e-08 0 0.00014707050288776039 0 4.8421442705935105e-06 1.0795199480228084e-05 7.3623304877010663e-06 0.00017775035876325382 1.6945287214784153e-05 4.7376439463522608e-06 1.2471984227869386e-05 5.7604892592178466e-05 -3.8187244805373342e-06 8.7599252298250928e-06 0 2.3558092028894996e-07 0 2.0334998624253933e-05 6.4372664099383784e-06 0.00013648152606430386 -6.1580144092243428e-06 2.5323759452617132e-05 1.8172921700668099e-06 3.0583999878399624e-08 -4.3710140596586151e-06 1.9275328744399888e-05 -5.2708698813101988e-06 -1.6516042419216119e-06 -2.3673630051564969e-06 1.4824551105121051e-05 -1.3148609307899154e-06
leaf_weight=6861 951 64 183 2786 4220 1821 37 271 4622 3123 376 20264 554 126 3573 42 2774 3004 24 1668 828 1355 5868 5297 1278 31410 6384 21261 3067 13031
leaf_count=6861 951 64 183 2786 4220 1821 37 271 4622 3123 376 20264 554 126 3573 42 2774 3004 24 1668 828 1355 5868 5297 1278 31410 6384 21261 3067 13031
internal_value=1.88964e-07 7.7019e-06 4.58077e-05 -1.49043e-06 6.79559e-06 -8.21752e-08 2.64725e-05 4.60513e-05 4.65752e-06 3.43486e-06 1.48884e-05 -1.4463e-06 2.84027e-05 4.40992e-05 8.50651e-06 2.2655e-06 1.14357e-05 1.3629e-05 6.66055e-05 1.79838e-06 2.7329e-06 6.13655e-06 3.91454e-06 -8.24313e-07 1.14308e-05 -4.4164e-06 7.59021e-07 -1.42698e-07 -5.88838e-07 1.57374e-06
internal_weight=147123 27205 555 119918 26650 81647 491 308 21374 22203 5276 59444 1056 502 10368 3639 6729 5778 66 19080 17412 9329 8501 8083 2633 38271 11006 39180 37359 16098
internal_count=147123 27205 555 119918 26650 81647 491 308 21374 22203 5276 59444 1056 502 10368 3639 6729 5778 66 19080 17412 9329 8501 8083 2633 38271 11006 39180 37359 16098
is_linear=0
shrinkage=0.03


Tree=76
num_leaves=31
num_cat=0
split_feature=14 14 12 21 9 0 18 19 0 7 14 10 17 19 23 12 11 10 2 2 14 3 17 18 3 16 23 6 6 17
split_gain=0.00190279 0.000845436 0.000735965 0.000466718 0.000365302 0.000336337 0.000290218 0.000231039 0.000183654 0.00015898 0.000142501 0.000141777 0.000140165 0.000210416 0.000191315 0.000139543 0.000139504 0.000130815 0.000210062 0.000162219 0.000128948 0.00012655 0.000164284 0.000125244 0.000109727 0.000127951 0.000105007 0.000112178 8.71588e-05 9.71598e-05
threshold=0.0043061855351572186 0.0010341568814612302 0.0055426614884636852 31.965288555132428 -0.0052683810439872461 0.0018327268238916841 0.53597573289896971 0.0052643734739885083 0.0029892620112838002 102755.18450000002 0.00045387626069317736 0.01317749502348642 1.2816647016339513 0.13852443221548483 4.5000000000000009 0.0012772159565720197 0.0058525663598974148 0.0024797827242030173 0.0022149778260790458 -0.0021693761250210493 0.0016548147368629334 -0.0096933514944727555 0.6712706461173984 0.67550335205336487 0.00034051105340882076 1.1127308517864469 4.5000000000000009 115364.60050000002 106038.98300000001 0.78230972347881833
decision_type=2 2 2 2 2 2 2 2 2 2 2 2 2 2 2 2 2 2 2 2 2 2 2 2 2 2 2 2 2 2
left_child=1 10 7 -4 28 21 20 -2 9 12 -1 -10 24 -14 15 -15 -17 19 -19 -8 -6 -5 -23 -13 25 -9 27 -22 29 -3
right_child=2 4 3 5 6 -7 17 8 11 -11 -12 23 13 14 -16 16 -18 18 -20 -21 26 22 -24 -25 -26 -27 -28 -29 -30 -31
leaf_value=-6.3950692215175109e-06 0 0 0.00014770741781551175 0 6.4990652419843829e-07 0 1.6068362280550029e-06 2.3216961240159819e-05 0 0 -2.5447659269376049e-06 0 8.8683580956379715e-06 0 0 4.444770646277181e-05 0 -1.5490731507761335e-06 5.6249655468706055e-06 -3.5045799831945789e-06 5.8987549299818057e-06 0 9.6787042326921909e-05 2.9762091474155433e-05 0 0 -1.5455736331848869e-07 -3.0911502147713745e-06 0 1.4193239826946958e-05
leaf_weight=13340 910 517 61 59 18335 168 6693 762 1645 675 41143 119 844 102 162 1007 33 8313 6083 21057 16249 68 101 310 725 355 2684 900 826 2877
leaf_count=13340 910 517 61 59 18335 168 6693 762 1645 675 41143 119 844 102 162 1007 33 8313 6083 21057 16249 68 101 310 725 355 2684 900 826 2877
internal_value=1.89141e-07 -6.14029e-07 1.43334e-05 5.32395e-05 1.23796e-06 3.10802e-05 7.45404e-07 1.1616e-05 1.35649e-05 1.71428e-05 -3.54257e-06 4.07028e-06 1.94795e-05 2.59211e-05 3.46563e-05 3.90151e-05 4.23344e-05 -9.18281e-07 1.27393e-06 -2.16365e-06 2.66108e-06 5.48134e-05 6.87483e-05 1.94279e-05 1.03382e-05 1.6268e-05 4.36907e-06 5.252e-06 9.90105e-06 1.20416e-05
internal_weight=147123 139017 8106 457 84534 396 80314 7649 6739 4665 54483 2074 3990 2148 1304 1142 1040 42146 14396 27750 38168 228 169 429 1842 1117 19833 17149 4220 3394
internal_count=147123 139017 8106 457 84534 396 80314 7649 6739 4665 54483 2074 3990 2148 1304 1142 1040 42146 14396 27750 38168 228 169 429 1842 1117 19833 17149 4220 3394
is_linear=0
shrinkage=0.03


Tree=77
num_leaves=31
num_cat=0
split_feature=13 13 6 13 17 10 22 22 6 9 7 7 16 22 22 22 7 16 16 22 8 8 4 11 22 10 5 5 22 13
split_gain=0.00191133 0.000721674 0.000622471 0.000495801 0.000491792 0.000543371 0.000694679 0.00106404 0.00048762 0.000362528 0.000343949 0.000293535 0.000309134 0.000280857 0.000718021 0.000271489 0.000260337 0.000223066 0.000203526 0.000197877 0.000199944 0.00018995 0.000186897 0.000211622 0.00017265 0.000192355 0.000168742 0.000207724 0.00048756 0.000287099
threshold=310.61000000000121 104.31214285714201 78807.179000000004 512.53071428571491 0.64985120064188251 0.024736133886761217 12.500000000000002 14.500000000000002 91366.749000000025 -0.014663343093056056 91368.974250000014 56121.878500000013 1.5097009833018185 11.500000000000002 14.500000000000002 12.500000000000002 113271.56675000001 0.99994889038221146 0.63872194793620241 1.5000000000000002 54297.348166666678 58678.127000000008 -0.022784709889975937 0.0026103133638759155 13.500000000000002 0.0079398264998082908 80974.782000000021 83881.301000000021 13.500000000000002 566.50642857142941
decision_type=2 2 2 2 2 2 2 2 2 2 2 2 2 2 2 2 2 2 2 2 2 2 2 2 2 2 2 2 2 2
left_child=1 21 3 17 -5 6 -6 -8 11 10 -4 12 -3 -10 15 -15 26 -2 -13 -19 -21 -1 23 -12 25 -14 -11 28 -28 -30
right_child=2 8 9 4 5 -7 7 -9 13 16 22 18 24 14 -16 -17 -18 19 -20 20 -22 -23 -24 -25 -26 -27 27 -29 29 -31
leaf_value=2.9352955385824819e-06 4.9301863952540359e-06 8.2192774207525541e-06 0 0 6.1844894819346383e-06 0 0.0003993401283309389 0 -3.0030705627366004e-06 -7.2007255882719548e-06 0 0 5.7976683902461201e-06 0 -1.3317012805135701e-06 1.3317740817504409e-05 -7.0363908851652781e-06 0 5.369350903009414e-06 0 6.2037082486377743e-05 -3.9875020708499379e-06 0 0.00011973944083959578 0 0.00018949216416851372 0 8.5167425591833547e-06 5.5443527371145578e-05 0
leaf_weight=3334 612 597 186 49 50 25 24 20 25428 312 26 9702 63 2082 21423 5077 738 37 18359 39 257 49991 64 89 47 27 223 7794 405 43
leaf_count=3334 612 597 186 49 50 25 24 20 25428 312 26 9702 63 2082 21423 5077 738 37 18359 39 257 49991 64 89 47 27 223 7794 405 43
internal_value=1.86768e-07 -7.64205e-07 1.22358e-05 3.45674e-05 8.8973e-05 0.000122022 0.000155055 0.000255801 9.60348e-07 9.41613e-06 4.08501e-05 4.12833e-06 2.35987e-05 -6.73094e-07 1.29481e-06 9.5735e-06 7.89461e-06 2.17126e-05 3.51204e-06 4.35389e-05 5.22873e-05 -3.49841e-06 7.1625e-05 9.71807e-05 6.86806e-05 9.43515e-05 9.49192e-06 1.04616e-05 2.85777e-05 4.69294e-05
internal_weight=147123 136130 10993 1113 168 119 94 44 82805 9880 365 28795 734 54010 28582 7159 9515 945 28061 333 296 53325 179 115 137 90 8777 8465 671 448
internal_count=147123 136130 10993 1113 168 119 94 44 82805 9880 365 28795 734 54010 28582 7159 9515 945 28061 333 296 53325 179 115 137 90 8777 8465 671 448
is_linear=0
shrinkage=0.03


Tree=78
num_leaves=31
num_cat=0
split_feature=13 5 8 23 9 7 22 22 22 22 22 3 22 7 22 21 11 17 22 5 8 7 22 20 7 5 6 12 8 22
split_gain=0.00181706 0.000694072 0.00058878 0.000526036 0.000464374 0.000346433 0.000322111 0.000583886 0.00102964 0.000398541 0.000319016 0.000303481 0.00035736 0.000294043 0.000819587 0.000499499 0.000663403 0.000291841 0.000255187 0.000235025 0.000275101 0.000335759 0.000679348 0.000231336 0.000225927 0.000213575 0.000232151 0.00025482 0.000246258 0.000552658
threshold=270.42000000000195 83881.301000000021 104832.13216666668 4.5000000000000009 -0.011853565746623605 56121.878500000013 21.500000000000004 11.500000000000002 14.500000000000002 12.500000000000002 1.5000000000000002 0.011125411278627097 14.500000000000002 54322.742000000006 12.500000000000002 62.339179315488138 0.0042243004849999285 1.066556666530962 11.500000000000002 83044.548000000024 76531.805250000019 78716.929000000018 12.500000000000002 0.25129945688810279 83232.490250000017 116965.86800000002 85269.894000000015 0.0021114659289300096 87299.464000000022 15.500000000000002
decision_type=2 2 2 2 2 2 2 2 2 2 2 2 2 2 2 2 2 2 2 2 2 2 2 2 2 2 2 2 2 2
left_child=2 13 3 5 23 11 7 10 9 -9 -7 -1 -13 14 -2 16 -16 24 -5 20 -19 22 -22 -3 -15 26 27 -6 29 -28
right_child=1 4 -4 18 25 6 -8 8 -10 -11 -12 12 -14 17 15 -17 -18 19 -20 -21 21 -23 -24 -25 -26 -27 28 -29 -30 -31
leaf_value=1.3041492427425334e-05 0 4.8622452220011644e-05 -3.782238569972163e-06 -5.6771590479669786e-06 2.0780521324370962e-05 6.8642401879900033e-06 -5.241040976654498e-06 5.3460518590918526e-06 1.5218783745437091e-06 2.1984371718433545e-05 -1.4030012026780942e-06 0.00020597797655152959 0 4.8471746319000334e-06 0 0 0.00030583060079741414 7.56388847798395e-06 0 0 0 2.9035029596439654e-05 0.00018764162130275461 0 4.9019819152590729e-05 -1.0209149449585343e-05 0 -2.5333720116752879e-05 5.5891361694391e-06 5.7070849063506651e-05
leaf_weight=769 113 365 44389 14393 77 4988 5111 2681 14252 4200 26461 20 22 1777 23 35 28 353 13633 133 70 384 61 244 142 663 267 419 10765 285
leaf_count=769 113 365 44389 14393 77 4988 5111 2681 14252 4200 26461 20 22 1777 23 35 28 353 13633 133 70 384 61 244 142 663 267 419 10765 285
internal_value=1.86148e-07 9.67975e-06 -9.65978e-07 4.44067e-07 6.32669e-06 2.09295e-06 1.76255e-06 2.50036e-06 6.35779e-06 1.59378e-05 0 2.1895e-05 0.000112323 2.27843e-05 6.51089e-05 0.000135536 0.000199373 1.88703e-05 -2.8909e-06 3.34867e-05 3.92023e-05 5.50587e-05 0.000108378 3.27913e-05 9.68143e-06 4.79414e-06 5.89023e-06 -1.21249e-05 6.94498e-06 2.79468e-05
internal_weight=147123 16204 130919 86530 13085 58504 57693 52582 21133 6881 31449 811 42 3119 199 86 51 2920 28026 1001 868 515 131 609 1919 12476 11813 496 11317 552
internal_count=147123 16204 130919 86530 13085 58504 57693 52582 21133 6881 31449 811 42 3119 199 86 51 2920 28026 1001 868 515 131 609 1919 12476 11813 496 11317 552
is_linear=0
shrinkage=0.03


Tree=79
num_leaves=31
num_cat=0
split_feature=13 8 2 23 23 4 22 22 22 22 8 4 11 12 16 5 8 5 7 8 21 21 22 13 2 22 22 22 13 21
split_gain=0.00173572 0.000947479 0.000623898 0.000397966 0.00033781 0.00037827 0.000315189 0.000594247 0.00100672 0.000323886 0.000302153 0.000266933 0.000431748 0.000228595 0.000208603 0.000200246 0.000197472 0.000191248 0.000188861 0.000185769 0.000180408 0.00017456 0.000176604 0.00017898 0.000238669 0.000174293 0.000475511 0.000478374 0.000367811 0.000286397
threshold=185.255357142858 55203.617250000003 -0.0067560172787827213 4.5000000000000009 3.5000000000000004 0.017328087116409211 21.500000000000004 11.500000000000002 14.500000000000002 1.5000000000000002 94292.886833333338 0.022130136364004186 0.0038274836040145285 0.0055426614884636852 0.67968386112855894 110704.06500000002 108795.16733333335 104930.39500000003 58471.053000000007 103914.93508333334 47.532848218703421 26.794341247801807 12.500000000000002 127.10285714285941 0.0017865048597088819 5.5000000000000009 14.500000000000002 12.500000000000002 374.60142857142802 55.960465690030816
decision_type=2 2 2 2 2 2 2 2 2 2 2 2 2 2 2 2 2 2 2 2 2 2 2 2 2 2 2 2 2 2
left_child=3 4 13 6 5 -2 7 9 10 16 21 15 -13 18 -14 25 -1 -16 -3 20 -20 -9 23 -23 -25 -4 27 -27 29 -29
right_child=1 2 11 -5 -6 -7 -8 8 -10 -11 -12 12 14 -15 17 -17 -18 -19 19 -21 -22 22 -24 24 -26 26 -28 28 -30 -31
leaf_value=8.046699378748615e-06 8.5750701465734888e-05 -5.6703700240561207e-06 0 -4.2417827124556814e-06 0 0 -6.6298265261294193e-06 0 0 -2.9145058545991984e-06 6.9552426594480057e-06 4.0642294426050075e-06 0 6.5190005924309523e-05 8.7731119577347838e-05 -1.6209921552663009e-06 -3.102698698893536e-06 0 2.3609562882145896e-05 0 0 1.6763561395595404e-06 3.2693613579633838e-05 4.1948759667547332e-05 0 3.2217877598888967e-06 2.0724398643577423e-06 2.1545371768115036e-05 4.6791962256199865e-05 1.1853537898033215e-06
leaf_weight=4350 236 163 5749 37936 66 81 6590 198 14404 35937 3823 789 74 126 146 5573 1661 34 2181 708 241 993 1394 339 134 3992 15283 2079 480 1363
leaf_count=4350 236 163 5749 37936 66 81 6590 198 14404 35937 3823 789 74 126 146 5573 1661 34 2181 708 241 993 1394 339 134 3992 15283 2079 480 1363
internal_value=1.87977e-07 5.59766e-06 5.05109e-06 -1.76033e-06 5.338e-05 6.63421e-05 -3.69139e-07 2.35902e-07 4.36012e-06 -1.78527e-06 1.38013e-05 3.76618e-06 1.93135e-05 1.75379e-05 5.48559e-05 3.20945e-06 4.46675e-06 7.27187e-05 1.48016e-05 1.68263e-05 2.08546e-05 2.13786e-05 2.33155e-05 1.23502e-05 2.84122e-05 4.2431e-06 5.4063e-06 1.14653e-05 1.90907e-05 1.43548e-05
internal_weight=147123 39364 38981 107759 383 317 69823 63233 21285 41948 6881 35562 1043 3419 254 34519 6011 180 3293 3130 2422 3058 2860 1466 473 28946 23197 7914 3922 3442
internal_count=147123 39364 38981 107759 383 317 69823 63233 21285 41948 6881 35562 1043 3419 254 34519 6011 180 3293 3130 2422 3058 2860 1466 473 28946 23197 7914 3922 3442
is_linear=0
shrinkage=0.03


Tree=80
num_leaves=31
num_cat=0
split_feature=13 13 10 8 23 8 23 4 22 11 21 17 8 8 15 22 22 7 23 22 22 22 22 7 7 8 20 19 11 13
split_gain=0.00164462 0.000627594 0.000578881 0.000504002 0.000352886 0.000344195 0.000294739 0.000667555 0.000513179 0.000337163 0.000321138 0.000285688 0.000280173 0.000273391 0.000256696 0.000222805 0.000343593 0.000465487 0.000211827 0.000193206 0.000250296 0.000589301 0.000271144 0.000191248 0.0002203 0.000216772 0.000178787 0.000283317 0.000166021 0.000206343
threshold=310.61000000000121 168.58964285714424 -0.020515624119615102 87299.464000000022 4.5000000000000009 63177.334500000004 1.5000000000000002 0.017328087116409211 12.500000000000002 0.0047647750666872527 73.991307464762286 1.8278813129863332 55203.617250000003 87124.45183333334 0.36979811937392165 14.500000000000002 12.500000000000002 109383.26025000001 5.5000000000000009 21.500000000000004 11.500000000000002 14.500000000000002 12.500000000000002 92481.115000000005 73816.560500000007 59486.121583333348 0.028830976742890691 0.56537531366679084 0.0017902567963938457 245.07857142857239
decision_type=2 2 2 2 2 2 2 2 2 2 2 2 2 2 2 2 2 2 2 2 2 2 2 2 2 2 2 2 2 2
left_child=1 4 12 6 5 -1 8 -8 -4 -9 14 23 -2 -14 -10 16 -5 -18 -15 20 -7 22 -22 24 25 -3 -16 -28 29 -25
right_child=2 11 3 15 -6 19 7 9 10 -11 -12 -13 13 18 26 -17 17 -19 -20 -21 21 -23 -24 28 -26 -27 27 -29 -30 -31
leaf_value=4.4587241483254183e-06 0.00013122806229630998 8.2151037240018676e-06 0 1.273098469718512e-06 -4.2959225537064456e-06 -2.3784163769176146e-06 0 1.0132372902196276e-05 0 0.000121631361303068 0 1.2338082197695385e-05 0 4.6877934620177243e-05 0 0 3.9392092363260247e-05 0 0 -7.1350717057444317e-06 2.9198220742899654e-06 -1.8279490911110123e-06 1.8415814304399788e-05 0 8.2665390536629164e-06 -4.6559132431983629e-06 6.9735475697979579e-05 0 -5.4430686258923429e-06 8.4709351398409192e-06
leaf_weight=10147 44 1858 297 1786 36669 32831 1124 169 59 66 93 2643 351 488 113 4710 695 364 27 5170 2791 9702 2341 14760 7009 3215 549 58 3958 3036
leaf_count=10147 44 1858 297 1786 36669 32831 1124 169 59 66 93 2643 351 488 113 4710 695 364 27 5170 2791 9702 2341 14760 7009 3215 549 58 3958 3036
internal_value=1.86355e-07 -6.94252e-07 1.1364e-05 8.89309e-06 -1.9441e-06 -5.27199e-07 2.08425e-05 8.18314e-06 3.29914e-05 5.42459e-05 4.45949e-05 2.63776e-06 3.5442e-05 2.70968e-05 5.09614e-05 4.49736e-06 1.11441e-05 2.49572e-05 4.13792e-05 -1.54154e-06 -8.71879e-07 2.26019e-06 1.05732e-05 1.79135e-06 4.82004e-06 0 5.59524e-05 6.30748e-05 0 1.34413e-06
internal_weight=147123 136130 10993 10083 99651 62982 2528 1359 1169 235 872 36479 910 866 779 7555 2845 1059 515 52835 47665 14834 5132 33836 12082 5073 720 607 21754 17796
internal_count=147123 136130 10993 10083 99651 62982 2528 1359 1169 235 872 36479 910 866 779 7555 2845 1059 515 52835 47665 14834 5132 33836 12082 5073 720 607 21754 17796
is_linear=0
shrinkage=0.03


Tree=81
num_leaves=31
num_cat=0
split_feature=13 12 21 13 6 6 22 6 7 21 7 23 3 22 15 21 21 7 22 22 12 6 7 13 22 6 22 22 22 22
split_gain=0.00156161 0.000624066 0.000522141 0.000515728 0.000443375 0.000390349 0.000331023 0.000661308 0.000264128 0.000263998 0.000247047 0.000288194 0.000230399 0.000402661 0.000228286 0.00021639 0.000231048 0.000182273 0.000165665 0.000562213 0.000298217 0.000210669 0.000261112 0.000281556 0.000176852 0.000162673 0.000619286 0.000433143 0.000277525 0.000155806
threshold=270.42000000000195 0.0055426614884636852 31.348586315661368 87.528928571428494 83885.266500000012 94266.610000000015 12.500000000000002 67807.193500000008 56121.878500000013 24.304030769285372 67803.300000000003 5.5000000000000009 0.011125411278627097 14.500000000000002 0.63488078365358336 55.960465690030816 25.395680818238798 113271.56675000001 11.500000000000002 14.500000000000002 0.0015283585473766825 98809.030500000008 102071.76625000002 193.54928571428513 12.500000000000002 92492.717500000013 13.500000000000002 14.500000000000002 14.500000000000002 11.500000000000002
decision_type=2 2 2 2 2 2 2 2 2 2 2 2 2 2 2 2 2 2 2 2 2 2 2 2 2 2 2 2 2 2
left_child=3 4 -3 -1 10 8 -4 -8 12 -6 -2 15 -5 -14 -10 16 -12 25 -7 20 24 -22 23 -23 -20 26 -11 -27 -28 -16
right_child=1 2 6 5 9 18 7 -9 14 17 11 -13 13 -15 29 -17 -18 -19 19 -21 21 22 -24 -25 -26 27 28 -29 -30 -31
leaf_value=-3.8173102871897536e-06 1.1839042443636551e-06 0.00013655134741889519 0 1.1667072749140015e-05 2.1033187411876637e-05 -2.9268087094955166e-06 0.00013809918335518071 7.2258068202106707e-06 -9.03088930302313e-07 -2.1712917716448398e-05 0 0 0.00019891316047261479 0 1.1206551260570089e-06 9.0623952403132857e-06 4.4472943293853941e-05 -7.2406483982509219e-06 -5.0973748073860021e-07 -2.1210869800112462e-06 0 0 1.5990807306776464e-05 0.00011951776093598149 8.783233688349027e-06 1.6244646873884969e-05 3.5366463421301394e-05 8.7724782289230155e-07 1.6199065823676469e-06 6.3226890775184618e-06
leaf_weight=38271 847 62 182 745 930 27476 60 242 12283 916 162 217 20 24 11627 675 924 1082 2238 20732 192 20 343 77 4286 2962 296 4771 1876 12585
leaf_count=38271 847 62 182 745 930 27476 60 242 12283 916 162 217 20 24 11627 675 924 1082 2238 20732 192 20 343 77 4286 2962 296 4771 1876 12585
internal_value=1.84802e-07 8.98683e-06 4.17906e-05 -8.81726e-07 7.6511e-06 2.98526e-07 2.34291e-05 4.31947e-05 2.69743e-06 4.95995e-06 1.88136e-05 2.48457e-05 2.03553e-05 9.90763e-05 2.23342e-06 2.8994e-05 3.86183e-05 3.45192e-06 -1.26279e-06 2.69069e-07 7.61286e-06 2.84345e-05 3.99007e-05 9.34483e-05 5.13557e-06 4.79837e-06 -1.23081e-07 7.15156e-06 7.60145e-06 3.94851e-06
internal_weight=147123 16204 546 130919 15658 92648 484 302 37284 12833 2825 1978 789 44 36495 1761 1086 11903 55364 27888 7156 632 440 97 6524 10821 3088 7733 2172 24212
internal_count=147123 16204 546 130919 15658 92648 484 302 37284 12833 2825 1978 789 44 36495 1761 1086 11903 55364 27888 7156 632 440 97 6524 10821 3088 7733 2172 24212
is_linear=0
shrinkage=0.03


Tree=82
num_leaves=31
num_cat=0
split_feature=13 13 14 23 22 22 22 22 5 12 3 22 11 17 7 17 12 22 7 21 19 21 11 4 15 22 5 22 22 23
split_gain=0.00148973 0.000565048 0.000516334 0.000325209 0.000279441 0.000456958 0.00082671 0.000280813 0.000265926 0.000377142 0.000364827 0.000302591 0.000283221 0.000263294 0.000260175 0.000237246 0.000380931 0.000237188 0.000229499 0.000221683 0.000234329 0.000211717 0.000474299 0.000469091 0.000362415 0.00053623 0.000462015 0.000186608 0.000229837 0.000184195
threshold=310.61000000000121 168.58964285714424 0.010000763090932951 4.5000000000000009 21.500000000000004 11.500000000000002 14.500000000000002 1.5000000000000002 59520.355000000003 0.001163993439904568 0.0045899411897600837 12.500000000000002 0.0021734655549390403 1.8278813129863332 113271.56675000001 1.4278526367449131 0.0029607861990862223 1.5000000000000002 108242.33825000002 73.559757916983486 0.032136563182438259 51.881548069283234 0.0047647750666872527 0.0084163451214766 0.54301102864045681 13.500000000000002 60776.064000000006 14.500000000000002 12.500000000000002 1.5000000000000002
decision_type=2 2 2 2 2 2 2 2 2 2 2 2 2 2 2 2 2 2 2 2 2 2 2 2 2 2 2 2 2 2
left_child=1 3 14 4 5 7 8 18 9 -7 12 -10 -11 -3 21 -4 -17 -18 -1 20 -19 27 -23 -24 -25 -26 -27 28 -2 -30
right_child=2 13 15 -5 -6 6 -8 -9 11 10 -12 -13 -14 -15 -16 16 17 19 -20 -21 -22 22 23 24 25 26 -28 -29 29 -31
leaf_value=8.906851810429874e-06 1.2580505834842937e-05 1.6913288761208646e-06 0 -4.0965571572131586e-06 -6.5890207827023429e-06 0 -1.8707301468996828e-07 -2.7297599591731867e-06 2.916644927240234e-06 9.4268192963522113e-05 0 1.8439146729106849e-05 0 1.1825159116258917e-05 -5.6340112031900164e-06 0 0 0 -3.6673205995662461e-06 0 0.00012073353028027944 8.1314963947093122e-07 0 0 0 0 0.00015142344587851676 8.8193956523891249e-06 7.0135575189020767e-05 1.8857452325226569e-05
leaf_weight=3712 1419 33836 134 36669 6102 215 12044 33471 3010 178 41 2575 23 2643 735 58 29 44 1611 45 141 3972 130 49 40 22 94 3399 219 463
leaf_count=3712 1419 33836 134 36669 6102 215 12044 33471 3010 178 41 2575 23 2643 735 58 29 44 1611 45 141 3972 130 49 40 22 94 3399 219 463
internal_value=1.84956e-07 -6.52141e-07 1.08238e-05 -1.83901e-06 -4.76993e-07 1.25964e-07 4.11245e-06 -1.65524e-06 1.31794e-05 3.79989e-05 6.42512e-05 1.06107e-05 8.12565e-05 2.50782e-06 9.11609e-06 4.40802e-05 5.86304e-05 7.43653e-05 4.53771e-06 8.45867e-05 9.98611e-05 1.05275e-05 4.48415e-06 3.90444e-05 6.74474e-05 8.98145e-05 0.000122485 1.47144e-05 2.28226e-05 3.97296e-05
internal_weight=147123 136130 10993 99651 62982 56880 18086 38794 6042 457 242 5585 201 36479 10542 451 317 259 5323 230 185 9807 4307 335 205 156 116 5500 2101 682
internal_count=147123 136130 10993 99651 62982 56880 18086 38794 6042 457 242 5585 201 36479 10542 451 317 259 5323 230 185 9807 4307 335 205 156 116 5500 2101 682
is_linear=0
shrinkage=0.03


Tree=83
num_leaves=31
num_cat=0
split_feature=13 5 10 13 5 23 15 22 18 23 0 4 11 22 11 9 7 22 3 22 22 22 22 22 7 11 6 6 15 7
split_gain=0.00141289 0.000555171 0.000519819 0.000439883 0.000345664 0.000250997 0.000253919 0.000367342 0.000244121 0.000240967 0.000237301 0.000231288 0.00038771 0.000397237 0.00022183 0.000217311 0.000187108 0.000507546 0.000345242 0.000181058 0.000322059 0.000678525 0.000290617 0.000269866 0.000267937 0.00032507 0.000168998 0.000170256 0.000166897 0.000195734
threshold=310.61000000000121 104930.39500000003 -0.020515624119615102 185.255357142858 83881.301000000021 5.5000000000000009 1.0132709048329422 12.500000000000002 0.74085763809077465 4.5000000000000009 -0.0016031626460540902 0.01933204724028437 0.0038274836040145285 17.500000000000004 0.0033960602871971122 0.0018890955800754396 83042.662250000008 13.500000000000002 -0.0090936888405808141 21.500000000000004 11.500000000000002 14.500000000000002 12.500000000000002 1.5000000000000002 58654.62675000001 0.0015297865403069981 111593.43250000001 87050.201000000015 1.509418809317814 56121.878500000013
decision_type=2 2 2 2 2 2 2 2 2 2 2 2 2 2 2 2 2 2 2 2 2 2 2 2 2 2 2 2 2 2
left_child=1 3 10 9 5 6 16 -8 -9 19 -2 14 -13 -14 15 26 -4 -18 -19 20 23 22 24 -1 25 -22 27 -6 -5 -30
right_child=2 -3 4 28 11 -7 7 8 -10 -11 -12 12 13 -15 -16 -17 17 18 -20 -21 21 -23 -24 -25 -26 -27 -28 -29 29 -31
leaf_value=7.0246526558993903e-06 5.0522401740793893e-05 -3.3607057055351416e-06 5.0067184962737255e-06 3.181798935981581e-06 -3.9848653088596162e-06 -1.9916775968907047e-06 0 7.6887779488674505e-05 0 -2.7097900855501892e-06 8.3607762991134873e-06 2.3795699341102283e-06 7.9716018464410387e-05 0 -6.5532359622124562e-06 -7.6255763693285768e-07 0 0 0.0001414997485494706 -4.8600710054181217e-06 0 1.7716879252614905e-07 2.266928353227523e-05 -1.5209631898903997e-06 7.129710572708366e-07 9.1799941799510198e-05 -6.243937927624487e-07 1.4816385741632587e-05 6.1662189031089576e-05 8.901421293159853e-06
leaf_weight=3846 469 45184 1013 16729 225 150 172 271 90 25913 441 529 166 31 1447 2078 31 23 54 4202 133 8943 2324 23457 2113 71 592 3211 89 3126
leaf_count=3846 469 45184 1013 16729 225 150 172 271 90 25913 441 529 166 31 1447 2078 31 23 54 4202 133 8943 2324 23457 2113 71 592 3211 89 3126
internal_value=1.83549e-07 -6.31124e-07 1.05447e-05 6.92008e-07 8.18512e-06 2.06755e-05 2.45449e-05 4.443e-05 6.18858e-05 -3.74834e-07 3.33897e-05 5.10087e-06 2.20193e-05 5.9509e-05 3.07719e-06 5.85079e-06 1.24111e-05 5.40403e-05 0.000100096 9.00552e-07 1.56596e-06 5.35092e-06 1.46739e-05 -2.07298e-07 5.35899e-06 3.87591e-05 1.00072e-05 1.27121e-05 4.64044e-06 1.1297e-05
internal_weight=147123 136130 10993 90946 10083 1804 1654 533 361 71002 910 8279 726 197 7553 6106 1121 108 77 45089 40887 13584 4641 27303 2317 204 4028 3436 19944 3215
internal_count=147123 136130 10993 90946 10083 1804 1654 533 361 71002 910 8279 726 197 7553 6106 1121 108 77 45089 40887 13584 4641 27303 2317 204 4028 3436 19944 3215
is_linear=0
shrinkage=0.03


Tree=84
num_leaves=31
num_cat=0
split_feature=13 8 2 8 23 10 22 22 18 22 22 23 22 22 14 22 12 6 23 7 8 3 22 1 2 1 6 13 19 10
split_gain=0.00133623 0.000814623 0.000518455 0.000313402 0.000302954 0.000503108 0.000511457 0.0010753 0.000232131 0.000231207 0.000418143 0.00034441 0.000445358 0.000226933 0.000221625 0.000198074 0.000182254 0.000194127 0.000174402 0.000173338 0.000166058 0.000156312 0.000148728 0.000148527 0.000146073 0.000141643 0.000187983 0.000153021 0.000134029 0.000129533
threshold=185.255357142858 55203.617250000003 -0.0067560172787827213 94292.886833333338 3.5000000000000004 0.012338414188867943 12.500000000000002 17.500000000000004 0.47344104305673668 10.500000000000002 13.500000000000002 4.5000000000000009 12.500000000000002 7.5000000000000009 0.0045581045655294352 1.5000000000000002 0.0055426614884636852 103896.41500000002 1.0000000180025095e-35 58471.053000000007 103914.93508333334 -0.00035742720842207859 17.500000000000004 0.0068250076233444821 -0.0012005585687602236 0.0009029130150660648 101013.97550000002 305.71000000000123 0.014896675086505018 0.0032946619160628692
decision_type=2 2 2 2 2 2 2 2 2 2 2 2 2 2 2 2 2 2 2 2 2 2 2 2 2 2 2 2 2 2
left_child=3 4 16 9 5 6 13 -8 14 15 11 12 -11 -2 -4 -1 19 -18 -14 -3 21 28 25 -17 -5 -16 27 -27 -21 -26
right_child=1 2 8 24 -6 -7 7 -9 -10 10 -12 -13 18 -15 22 23 17 -19 -20 20 -22 -23 -24 -25 29 26 -28 -29 -30 -31
leaf_value=4.0961980850329398e-06 6.3762168531031975e-05 -6.6006935869398631e-06 4.6123757149817407e-06 -4.0067226508252991e-08 0 0 0.00035729444047508688 3.8122813857626167e-05 8.1749556785017599e-07 6.7317411405469876e-06 0 0 0 0 4.4288827176039471e-06 -3.2431611837592897e-06 3.8338557573110053e-06 0.00015061829082764052 3.6449208092157827e-05 0 0 0 0 5.1814097458291351e-05 -4.51032673033197e-06 0 0 5.9966147732411389e-05 2.4111815071897308e-05 -2.9570074939720269e-08
leaf_weight=3990 58 163 15071 13970 66 101 23 70 19211 3189 16338 2074 232 65 452 20317 99 27 933 310 708 157 356 38 38226 115 77 280 1955 8452
leaf_count=3990 58 163 15071 13970 66 101 23 70 19211 3189 16338 2074 232 65 452 20317 99 27 933 310 708 157 356 38 38226 115 77 280 1955 8452
internal_value=1.81908e-07 4.93043e-06 4.41789e-06 -1.52487e-06 4.92503e-05 6.15654e-05 8.75049e-05 0.00014958 3.23834e-06 2.52654e-07 2.48071e-06 8.96322e-06 1.37767e-05 1.61162e-05 5.89913e-06 -1.70766e-06 1.58088e-05 5.91728e-05 3.04841e-05 1.32369e-05 1.52285e-05 1.90105e-05 1.87045e-05 -2.99274e-06 -2.95511e-06 2.50896e-05 3.85151e-05 4.69118e-05 2.11792e-05 -3.76327e-06
internal_weight=147123 39364 38981 107759 383 317 216 93 35562 47111 22766 6428 4354 123 16351 24345 3419 126 1165 3293 3130 2422 1280 20355 60648 924 472 395 2265 46678
internal_count=147123 39364 38981 107759 383 317 216 93 35562 47111 22766 6428 4354 123 16351 24345 3419 126 1165 3293 3130 2422 1280 20355 60648 924 472 395 2265 46678
is_linear=0
shrinkage=0.03


Tree=85
num_leaves=31
num_cat=0
split_feature=9 9 12 10 22 22 12 17 6 8 17 3 22 8 19 4 9 22 7 6 22 7 6 7 17 10 12 22 10 7
split_gain=0.00123925 0.000669319 0.000591034 0.000404957 0.000394587 0.00149018 0.00042405 0.000346075 0.000334388 0.000602863 0.000916933 0.000310675 0.000291535 0.0002645 0.000253758 0.000236522 0.000342116 0.000210242 0.000204231 0.000199888 0.000198928 0.000223829 0.000185019 0.000178435 0.000175996 0.000172119 0.000164124 0.000153761 0.000150621 0.000196293
threshold=-0.0052683810439872461 0.0063541441792989159 0.0055426614884636852 -0.024614492365034209 11.500000000000002 14.500000000000002 0.001163993439904568 0.75231311982338556 78807.179000000004 76531.805250000019 1.0423684582869641 0.0026704296347100924 1.5000000000000002 60624.247083333343 0.091243304846385362 0.027538080509481148 0.009804215326602141 12.500000000000002 97171.916250000024 94919.089500000016 12.500000000000002 59524.071250000001 114469.28450000002 94272.003000000012 2.9594272264847792 0.0029281555173575895 0.001639779025404506 20.500000000000004 0.0088109154889903802 84651.019249999998
decision_type=2 2 2 2 2 2 2 2 2 2 2 2 2 2 2 2 2 2 2 2 2 2 2 2 2 2 2 2 2 2
left_child=2 4 14 7 12 6 -6 -4 9 13 -11 20 18 15 -1 16 -3 19 -2 -10 21 26 -22 -7 -18 -14 -8 28 -19 -30
right_child=1 8 3 -5 5 23 11 -9 17 10 -12 -13 25 -15 -16 -17 24 27 -20 -21 22 -23 -24 -25 -26 -27 -28 -29 29 -31
leaf_value=1.3690146344823866e-06 5.9143337978883656e-06 7.313652682923133e-06 0 0 4.4704466939868648e-06 2.8039922525153198e-07 8.285162992703749e-05 0.00011795339574284618 -2.1983559538966162e-05 0 0.00020369176224269527 3.1329873168603479e-06 -4.1273334718290405e-06 0 1.4975466658608313e-05 0 7.4810225163824404e-05 0 -1.866501282352068e-06 1.7823744141552319e-06 2.5675326808219223e-05 0 0 -3.2612650613160934e-06 0 0 0 -6.9065037889075033e-07 0 2.4592207396236118e-05
leaf_weight=2443 5792 353 27 48 10099 20427 53 111 428 28 43 1937 45811 636 4379 123 225 428 5577 577 3046 906 264 28852 22 12716 35 414 222 1101
leaf_count=2443 5792 353 27 48 10099 20427 53 111 428 28 43 1937 45811 636 4379 123 225 428 5577 577 3046 906 264 28852 22 12716 35 414 222 1101
internal_value=1.81137e-07 -4.13924e-07 1.25065e-05 6.83656e-05 -8.16545e-07 8.20339e-07 8.7023e-06 9.45383e-05 1.07948e-05 2.33822e-05 0.00011638 1.50693e-05 -2.39619e-06 1.6308e-05 1.05428e-05 2.87937e-05 3.67931e-05 4.1697e-06 1.83363e-06 -5.35524e-06 1.9744e-05 3.92843e-06 2.35869e-05 -1.73231e-06 6.67628e-05 -3.2691e-06 4.96054e-05 9.97687e-06 1.42122e-05 1.92297e-05
internal_weight=147123 140115 7008 186 135515 65619 16340 138 4600 1430 71 6241 69896 1359 6822 723 600 3170 11369 1005 4304 994 3310 49279 247 58527 88 2165 1751 1323
internal_count=147123 140115 7008 186 135515 65619 16340 138 4600 1430 71 6241 69896 1359 6822 723 600 3170 11369 1005 4304 994 3310 49279 247 58527 88 2165 1751 1323
is_linear=0
shrinkage=0.03


Tree=86
num_leaves=31
num_cat=0
split_feature=13 8 6 13 22 22 10 15 22 22 2 1 8 9 2 12 22 8 16 22 4 21 11 22 18 12 13 9 22 22
split_gain=0.00122852 0.000508515 0.000475324 0.000398877 0.000378703 0.000749937 0.000371522 0.000402543 0.000675269 0.000946246 0.000341861 0.000293609 0.000289052 0.000262314 0.000251343 0.000461479 0.000229727 0.000217914 0.000189919 0.000430586 0.000186147 0.000267365 0.000222977 0.000443864 0.000186165 0.000162006 0.000156914 0.00014877 0.000147918 0.000125915
threshold=310.61000000000121 104832.13216666668 78807.179000000004 512.53071428571491 11.500000000000002 14.500000000000002 0.024736133886761217 0.53571171592231648 12.500000000000002 14.500000000000002 0.0097989266391581582 -0.0055356328188760342 56187.057583333335 0.0067674353155857689 0.0012821423433995174 0.001018107171068936 1.5000000000000002 57721.566416666676 1.2086283022736206 11.500000000000002 0.01933204724028437 51.881548069283234 0.0042243004849999285 17.500000000000004 0.64745686482580134 0.0055426614884636852 95.243928571428128 -0.0011640972783672485 14.500000000000002 5.5000000000000009
decision_type=2 2 2 2 2 2 2 2 2 2 2 2 2 2 2 2 2 2 2 2 2 2 2 2 2 2 2 2 2 2
left_child=1 4 3 18 10 14 7 -5 -9 -10 16 25 -12 -7 15 -6 17 26 -2 -20 21 24 -22 -24 -13 -4 -1 -3 -27 -18
right_child=2 27 11 6 5 13 -8 8 9 -11 12 20 -14 -15 -16 -17 29 -19 19 -21 22 -23 23 -25 -26 28 -28 -29 -30 -31
leaf_value=0 4.9398940332537793e-06 0 1.6027491914213255e-05 0 3.8883057050802457e-06 -5.4796618850327722e-08 0 3.0009884994000477e-07 0.00036360368649455954 0 0.00014779522367371477 1.2087037009656847e-05 7.7634753014186574e-06 1.646132190200328e-05 1.7023412735217563e-06 1.983330001539963e-05 -4.4453335014626832e-06 1.699483767950615e-06 0 7.8692234633868092e-05 5.5112418380302681e-06 -2.6907980313500324e-06 7.9039642509501034e-05 0 0 0 4.1813817574278359e-05 -4.1463108680840736e-06 0.00011827834526116851 -7.8286307219848728e-07
leaf_weight=122 720 11255 1100 29 3710 30907 37 57 24 21 24 3167 221 882 3477 4002 15725 7290 91 134 621 3317 142 30 1439 23 227 34497 41 23791
leaf_count=122 720 11255 1100 29 3710 30907 37 57 24 21 24 3167 221 882 3477 4002 15725 7290 91 134 621 3317 142 30 1439 23 227 34497 41 23791
internal_value=1.7934e-07 -5.789e-07 9.8417e-06 2.93787e-05 6.98586e-07 2.75831e-06 7.82842e-05 0.000102022 0.000130051 0.000227518 -1.1057e-06 7.33691e-06 3.37755e-05 3.09129e-07 9.44849e-06 1.25518e-05 -1.35062e-06 3.25169e-06 1.75027e-05 4.43564e-05 4.99485e-06 3.14849e-06 1.96568e-05 5.32641e-05 8.00493e-06 2.22951e-05 2.70712e-05 -3.168e-06 8.30252e-05 -2.31623e-06
internal_weight=147123 136130 10993 1113 90378 42978 168 131 102 45 47400 9880 245 31789 11189 7712 47155 7639 945 225 8716 7923 793 172 4606 1164 349 45752 64 39516
internal_count=147123 136130 10993 1113 90378 42978 168 131 102 45 47400 9880 245 31789 11189 7712 47155 7639 945 225 8716 7923 793 172 4606 1164 349 45752 64 39516
is_linear=0
shrinkage=0.03


Tree=87
num_leaves=31
num_cat=0
split_feature=13 12 8 6 23 0 16 7 22 22 22 22 10 7 23 3 22 10 22 22 10 23 1 22 11 3 17 6 20 8
split_gain=0.0011694 0.000493278 0.000428346 0.00036865 0.000367803 0.000333105 0.000296092 0.000283861 0.000250568 0.000382018 0.000714277 0.000296245 0.000278569 0.000248416 0.000261588 0.000244626 0.000295787 0.000235216 0.00022409 0.000214566 0.000202861 0.00020117 0.000198899 0.000181682 0.000175424 0.000148522 0.000146246 0.000306884 0.000233428 0.000168082
threshold=270.42000000000195 0.0055426614884636852 104832.13216666668 83885.266500000012 4.5000000000000009 -0.0022697474682387138 0.62371684512327752 56121.878500000013 21.500000000000004 11.500000000000002 14.500000000000002 12.500000000000002 0.0061799445646025805 67803.300000000003 5.5000000000000009 0.011125411278627097 14.500000000000002 -0.0059900388885120162 20.500000000000004 1.5000000000000002 -0.0058111721903774107 5.5000000000000009 -0.0011769203877693977 5.5000000000000009 0.0016877747904624721 0.0022322160798265993 1.066556666530962 82544.065500000012 0.48667503052564937 83015.557000000015
decision_type=2 2 2 2 2 2 2 2 2 2 2 2 2 2 2 2 2 2 2 2 2 2 2 2 2 2 2 2 2 2
left_child=2 3 4 13 7 6 -3 15 9 19 11 -11 -12 -2 26 -1 -17 -6 -19 24 -13 -20 -5 -21 -9 -22 29 28 -28 -15
right_child=1 5 -4 22 17 -7 -8 8 -10 10 12 20 -14 14 -16 16 -18 18 21 23 25 -23 -24 -25 -26 -27 27 -29 -30 -31
leaf_value=1.1381985299856244e-05 0 0 -3.1449250759356645e-06 8.934694968437527e-06 9.7704046496330537e-06 1.1100119203485941e-05 0.00011045960696882208 8.6664320687875878e-06 -4.6191272816635662e-06 4.0002258503132046e-06 -5.4210985052970573e-07 0 9.9730540868701086e-06 6.5997133995952987e-06 0 0.00018718446385977203 0 -4.0411324911329719e-06 -7.5259308134646326e-07 -4.1252960479192093e-06 2.6580135032521314e-05 1.3777226056183692e-05 7.5003251239937223e-07 8.6735282612155296e-07 -4.3278578327677668e-06 9.0384881026708393e-06 6.5825260064937183e-05 0 0 4.6804294235348916e-05
leaf_weight=769 847 66 44389 4904 1267 376 104 4118 5111 2681 11543 557 2709 955 217 20 22 23793 1729 10390 2336 1237 7929 16071 870 1307 370 193 71 172
leaf_count=769 847 66 44389 4904 1267 376 104 4118 5111 2681 11543 557 2709 955 217 20 22 23793 1729 10390 2336 1237 7929 16071 870 1307 370 193 71 172
internal_value=1.79861e-07 7.79853e-06 -7.40202e-07 6.58619e-06 4.58729e-07 3.70645e-05 7.68147e-05 1.84128e-06 1.537e-06 2.19244e-06 5.3131e-06 1.33005e-05 1.24616e-06 1.67653e-05 2.26815e-05 1.97859e-05 0.000102006 -2.32028e-06 -3.00491e-06 2.03611e-11 1.85226e-05 4.29604e-06 4.11153e-06 -9.79662e-07 5.79851e-06 2.11106e-05 2.66744e-05 4.19774e-05 5.62072e-05 1.54009e-05
internal_weight=147123 16204 130919 15658 86530 546 170 58504 57693 52582 21133 6881 14252 2825 1978 811 42 28026 26759 31449 4200 2966 12833 26461 4988 3643 1761 634 441 1127
internal_count=147123 16204 130919 15658 86530 546 170 58504 57693 52582 21133 6881 14252 2825 1978 811 42 28026 26759 31449 4200 2966 12833 26461 4988 3643 1761 634 441 1127
is_linear=0
shrinkage=0.03


Tree=88
num_leaves=31
num_cat=0
split_feature=9 9 12 11 23 22 23 10 22 22 22 22 3 17 22 6 7 17 8 23 8 23 22 8 6 19 11 22 12 7
split_gain=0.00109299 0.000582721 0.00050883 0.000427229 0.000492572 0.000460516 0.000386126 0.000373229 0.000363197 0.000527448 0.00143388 0.000411138 0.000323421 0.000311893 0.000310174 0.00030037 0.000280298 0.000284513 0.00027881 0.000296749 0.000252547 0.000249352 0.00032557 0.000247376 0.00024473 0.000236074 0.000214023 0.000363695 0.000356893 0.000166948
threshold=-0.0052683810439872461 0.0063541441792989159 0.0055426614884636852 0.0047647750666872527 3.5000000000000004 12.500000000000002 4.5000000000000009 -0.024614492365034209 21.500000000000004 11.500000000000002 14.500000000000002 12.500000000000002 0.0022322160798265993 0.75231311982338556 1.5000000000000002 114469.28450000002 91368.974250000014 0.66789054593515662 84065.701666666675 1.0000000180025095e-35 94184.950583333339 5.5000000000000009 20.500000000000004 91034.978333333347 60425.072500000002 0.091243304846385362 0.0029267413857594431 12.500000000000002 0.0040923228120545493 110023.59575000002
decision_type=2 2 2 2 2 2 2 2 2 2 2 2 2 2 2 2 2 2 2 2 2 2 2 2 2 2 2 2 2 2
left_child=2 6 25 4 18 -5 8 13 9 14 11 -11 15 -4 23 -13 17 -7 19 -3 -20 -8 -23 -2 -12 -1 27 -21 -28 -22
right_child=1 3 7 5 -6 16 21 -9 -10 10 24 12 -14 -15 -16 -17 -18 -19 20 26 29 22 -24 -25 -26 -27 28 -29 -30 -31
leaf_value=1.0252623827837705e-06 1.1184009277551383e-05 0 0 0 -8.1850147845882727e-06 0 -5.53982806802625e-06 0 -5.7297980317021945e-06 4.0338120634604645e-06 9.1642686942150073e-06 2.44447874562676e-05 5.2897658252057754e-06 0.00011125391550906151 -2.2162001139375828e-06 0 0 0.00010469270517511067 -7.3720185643953144e-06 -1.6346401481596362e-06 1.9727704711598171e-05 -2.1707712679082828e-06 9.6949782285788942e-06 0 -1.1641000904229995e-06 1.4159598840330765e-05 8.3600557943577406e-05 3.6881174963743595e-05 0 0
leaf_weight=2443 2887 390 27 77 1185 26 20652 48 8179 4130 2245 4304 2125 111 41351 663 71 144 709 206 957 17696 2319 5057 23907 4379 193 393 29 220
leaf_count=2443 2887 390 27 77 1185 26 20652 48 8179 4130 2245 4304 2125 111 41351 663 71 144 709 206 957 17696 2319 5057 23907 4379 193 393 29 220
internal_value=1.81129e-07 -3.76433e-07 1.17567e-05 1.00796e-05 6.75247e-06 4.54335e-05 -7.53504e-07 6.38427e-05 2.65989e-07 8.66434e-07 3.57378e-06 1.25487e-05 1.70841e-05 8.90219e-05 -1.12534e-06 2.15259e-05 6.66521e-05 8.82035e-05 1.34367e-05 2.53229e-05 4.21306e-06 -3.20504e-06 -6.4604e-07 4.17523e-06 -1.62723e-07 9.89594e-06 3.56523e-05 1.86298e-05 6.80461e-05 1.37403e-05
internal_weight=147123 140115 7008 4600 4282 318 135515 186 94848 86669 37374 11222 7092 138 49295 4967 241 170 3097 1211 1886 40667 20015 7944 26152 6822 821 599 222 1177
internal_count=147123 140115 7008 4600 4282 318 135515 186 94848 86669 37374 11222 7092 138 49295 4967 241 170 3097 1211 1886 40667 20015 7944 26152 6822 821 599 222 1177
is_linear=0
shrinkage=0.03


Tree=89
num_leaves=31
num_cat=0
split_feature=13 5 6 13 21 19 22 22 9 22 22 1 22 5 2 12 4 21 11 22 18 15 22 15 13 9 13 5 21 12
split_gain=0.00106715 0.000429067 0.000427296 0.00035438 0.000437273 0.000435187 0.000509685 0.000425385 0.000341073 0.000310986 0.000738938 0.000264882 0.000205424 0.000204486 0.000198949 0.00039689 0.00017309 0.000243621 0.000191825 0.000416341 0.000173609 0.000164533 0.0001696 0.000176751 0.000148814 0.000143805 0.000131736 0.000128969 0.000203794 0.000128141
threshold=310.61000000000121 104930.39500000003 78807.179000000004 512.53071428571491 68.743045731556663 0.05480244201194933 14.500000000000002 12.500000000000002 0.0087252951956947617 11.500000000000002 14.500000000000002 -0.0055356328188760342 1.5000000000000002 56636.97600000001 0.0012821423433995174 0.001018107171068936 0.01933204724028437 51.881548069283234 0.0042243004849999285 17.500000000000004 0.64745686482580134 1.0132709048329422 11.500000000000002 1.1813197473635246 86.257857142857986 -0.0011640972783672485 204.14285714285666 105126.982 75.333854625163696 0.0055426614884636852
decision_type=2 2 2 2 2 2 2 2 2 2 2 2 2 2 2 2 2 2 2 2 2 2 2 2 2 2 2 2 2 2
left_child=1 8 3 21 5 -5 7 -7 9 12 14 29 13 24 15 -11 17 20 -18 27 -13 -2 -23 -24 -1 -3 -14 28 -20 -4
right_child=2 25 11 4 -6 6 -8 -9 -10 10 -12 16 26 -15 -16 -17 18 -19 19 -21 -22 22 23 -25 -26 -27 -28 -29 -30 -31
leaf_value=0 1.7585599168929219e-06 0 1.5008806810073465e-05 0 0 4.0684889614774457e-05 0 0.0003268495597120665 1.8962542672527408e-05 3.620478337950376e-06 0 1.137216542641199e-05 -2.6951127565419651e-06 1.9395205848582726e-06 1.6593443475117805e-06 1.8409848893321376e-05 5.0937045694657343e-06 -2.8078993882857603e-06 0 0 0 0 0 6.9907856908795393e-05 5.4214875617456275e-05 -3.8718587187534126e-06 3.2143412900347761e-06 0 0.00013348439929091287 7.7120474100109018e-05
leaf_weight=56 623 10697 1100 20 37 50 38 23 912 3764 31537 3167 36448 7470 3303 4036 621 3317 54 30 1439 124 53 145 124 34487 3296 26 62 64
leaf_count=56 623 10697 1100 20 37 50 38 23 912 3764 31537 3167 36448 7470 3303 4036 621 3317 54 30 1439 124 53 145 124 34487 3296 26 62 64
internal_value=1.77973e-07 -5.27276e-07 9.18413e-06 2.77353e-05 7.41375e-05 0.000100247 0.000124032 0.00017221 6.32867e-07 4.13854e-07 2.29741e-06 6.79041e-06 -1.21747e-06 3.12886e-06 8.95361e-06 1.16578e-05 4.54737e-06 2.75726e-06 1.86474e-05 5.01195e-05 7.41627e-06 1.63048e-05 3.51253e-05 5.26934e-05 3.58004e-05 -2.92879e-06 -2.12955e-06 7.53606e-05 8.91673e-05 2.10073e-05
internal_weight=147123 136130 10993 1113 168 131 111 73 90946 90034 42640 9880 47394 7650 11103 7800 8716 7923 793 172 4606 945 322 198 180 45184 39744 142 116 1164
internal_count=147123 136130 10993 1113 168 131 111 73 90946 90034 42640 9880 47394 7650 11103 7800 8716 7923 793 172 4606 945 322 198 180 45184 39744 142 116 1164
is_linear=0
shrinkage=0.03


Tree=90
num_leaves=31
num_cat=0
split_feature=13 8 6 13 21 19 22 22 13 1 22 22 22 22 17 15 22 16 0 7 14 16 8 13 22 12 5 21 10 5
split_gain=0.00101534 0.000421256 0.000411261 0.000333679 0.0004208 0.000420167 0.000479433 0.000367002 0.000313244 0.000250463 0.000170743 0.000323746 0.000212878 0.000192127 0.000159815 0.000153065 0.000158144 0.000179553 0.000130107 0.000138169 0.000128701 0.000126246 0.000124333 0.000228681 0.000183587 0.000116512 0.000163192 0.000111185 0.000150695 0.000177949
threshold=310.61000000000121 104832.13216666668 78807.179000000004 512.53071428571491 68.743045731556663 0.05480244201194933 14.500000000000002 12.500000000000002 185.255357142858 -0.0055356328188760342 10.500000000000002 14.500000000000002 12.500000000000002 1.5000000000000002 1.7708463051520575 1.0132709048329422 12.500000000000002 1.2086283022736206 0.0025048568963461641 113271.56675000001 0.00045387626069317736 1.9666731124450201 58475.495666666669 108.96571428571615 11.500000000000002 0.0055426614884636852 102533.40500000001 51.881548069283234 0.017061583607764445 101014.69700000001
decision_type=2 2 2 2 2 2 2 2 2 2 2 2 2 2 2 2 2 2 2 2 2 2 2 2 2 2 2 2 2 2
left_child=1 8 3 15 5 -5 7 -7 10 25 13 12 22 -1 -10 -2 -17 -18 19 27 -3 -19 23 -12 -25 -4 -27 -11 -29 -30
right_child=2 20 9 4 -6 6 -8 -9 14 18 11 -13 -14 -15 -16 16 17 21 -20 -21 -22 -23 -24 24 -26 26 -28 28 29 -31
leaf_value=3.0001785835751032e-06 1.7058116902913252e-06 -6.600767719285372e-06 1.4558583712574698e-05 0 0 3.946677920625344e-05 0 0.00031708652201991574 2.998247970779552e-06 1.1644342704755047e-05 0 -7.5893077142844819e-07 1.0661120005512658e-05 -2.6762768587531235e-06 1.3815692285424117e-05 0 0 0.00010018163488660651 -2.0417322487697666e-06 -4.5864630932885552e-06 -2.0361233672150397e-06 0 1.1792759586337502e-08 0 7.6321023662890173e-05 0 0.0001586032473137289 0 2.988100788318063e-05 0
leaf_weight=6022 623 7656 1100 20 37 50 38 23 18230 3524 430 21900 4444 31158 1552 135 61 79 1584 614 38096 47 6533 23 86 44 20 2516 347 131
leaf_count=6022 623 7656 1100 20 37 50 38 23 18230 3524 430 21900 4444 31158 1552 135 61 79 1584 614 38096 47 6533 23 86 44 20 2516 347 131
internal_value=1.79784e-07 -5.07607e-07 8.9648e-06 2.71751e-05 7.24328e-05 9.80612e-05 0.000121453 0.00016829 6.52856e-07 6.60948e-06 -2.42191e-07 1.26354e-06 5.37015e-06 -1.67617e-06 3.99865e-06 1.59482e-05 3.41812e-05 5.26506e-05 4.41609e-06 6.271e-06 -2.86554e-06 7.34477e-05 1.62104e-06 1.55576e-05 5.55198e-05 2.04546e-05 7.48105e-05 7.75409e-06 2.17297e-06 1.76987e-05
internal_weight=147123 136130 10993 1113 168 131 111 73 90378 9880 70596 33416 11516 37180 19782 945 322 187 8716 7132 45752 126 7072 539 109 1164 64 6518 2994 478
internal_count=147123 136130 10993 1113 168 131 111 73 90378 9880 70596 33416 11516 37180 19782 945 322 187 8716 7132 45752 126 7072 539 109 1164 64 6518 2994 478
is_linear=0
shrinkage=0.03


Tree=91
num_leaves=31
num_cat=0
split_feature=13 6 8 23 9 13 21 17 22 23 1 22 22 22 10 22 12 22 5 22 6 23 7 12 13 4 21 22 12 8
split_gain=0.000963868 0.000399344 0.000397729 0.000337345 0.000335909 0.000312737 0.000405112 0.000371008 0.000261823 0.000245073 0.000239516 0.000237401 0.000275194 0.000763072 0.000207033 0.000202677 0.000250824 0.000195437 0.000235033 0.000196232 0.000194853 0.0001888 0.000184561 0.000222638 0.000224987 0.000163489 0.000218353 0.000183724 0.000162963 0.000162942
threshold=310.61000000000121 78807.179000000004 104832.13216666668 4.5000000000000009 0.0087252951956947617 512.53071428571491 68.743045731556663 0.58825366963714454 20.500000000000004 3.5000000000000004 -0.0055356328188760342 21.500000000000004 11.500000000000002 14.500000000000002 -0.0059900388885120162 12.500000000000002 0.0017853733630040624 1.5000000000000002 56636.97600000001 5.5000000000000009 60425.072500000002 5.5000000000000009 58654.62675000001 0.001163993439904568 177.67928571428641 0.01933204724028437 51.881548069283234 18.500000000000004 0.001217471367744985 95692.845250000028
decision_type=2 2 2 2 2 2 2 2 2 2 2 2 2 2 2 2 2 2 2 2 2 2 2 2 2 2 2 2 2 2
left_child=2 5 3 4 11 -2 7 -7 14 -6 -3 12 17 15 -5 22 -17 18 -1 -19 -15 -10 23 -14 -25 26 -12 -27 -20 -23
right_child=1 10 -4 8 9 6 -8 -9 21 -11 25 -13 13 20 -16 16 -18 19 28 -21 -22 29 -24 24 -26 27 -28 -29 -30 -31
leaf_value=4.7554152006369052e-05 1.5663261944978843e-05 1.9960186878581612e-05 -2.7815420235110726e-06 8.9011337049376939e-06 2.9208071008786425e-05 0 0 0.00011883312404226904 0 0 6.9385775127681933e-06 -4.2616378810772558e-06 0 8.5352090615920368e-06 -3.823479653304868e-06 2.0900993169707299e-05 1.253198337295484e-06 -3.8161420618342739e-06 9.3120042696859452e-06 1.3254189170028477e-06 -4.4485263613352902e-07 4.2785377333959364e-06 1.1031474175854792e-06 8.3790316632185947e-05 0 2.5879998901564668e-05 -2.7312274267848035e-06 0 -4.277944358165695e-07 3.1251777949587138e-05
leaf_weight=132 945 1164 45752 1078 695 22 37 109 1790 158 4606 5349 106 2506 23942 3522 1106 10787 2638 16571 13307 1171 2537 89 27 628 3317 165 2460 407
leaf_count=132 945 1164 45752 1078 695 22 37 109 1790 158 4606 5349 106 2506 23942 3522 1106 10787 2638 16571 13307 1171 2537 89 27 628 3317 165 2460 407
internal_value=1.79201e-07 8.73888e-06 -4.89993e-07 6.36864e-07 1.90234e-06 2.66834e-05 7.07791e-05 9.59408e-05 -2.02084e-06 2.08941e-05 6.41351e-06 1.58826e-06 2.20293e-06 4.71134e-06 -3.1553e-06 1.27023e-05 1.68539e-05 3.25089e-07 5.69692e-06 -5.922e-07 7.88611e-07 5.51588e-06 4.65064e-06 3.1665e-05 6.03654e-05 4.25999e-06 2.51165e-06 1.79428e-05 4.02377e-06 1.31381e-05
internal_weight=147123 10993 136130 90378 61990 1113 168 131 28388 853 9880 61137 55788 23200 25020 7387 4628 32588 5230 27358 15813 3368 2759 222 116 8716 7923 793 5098 1578
internal_count=147123 10993 136130 90378 61990 1113 168 131 28388 853 9880 61137 55788 23200 25020 7387 4628 32588 5230 27358 15813 3368 2759 222 116 8716 7923 793 5098 1578
is_linear=0
shrinkage=0.03


Tree=92
num_leaves=31
num_cat=0
split_feature=9 13 8 3 22 8 22 22 12 4 21 4 4 5 9 7 12 3 8 5 21 12 23 5 4 7 13 11 5 23
split_gain=0.00092101 0.000488922 0.00044184 0.00025548 0.000255139 0.000242887 0.000210737 0.000795886 0.000379092 0.000496707 0.000464113 0.000604477 0.000226344 0.000203829 0.000183928 0.000241326 0.000245701 0.000269803 0.00017363 0.000481526 0.000211855 0.000183972 0.000169765 0.000189222 0.000216503 0.000173118 0.000164686 0.000158407 0.000146856 0.000146488
threshold=-0.0052683810439872461 168.58964285714424 55203.617250000003 0.016021920813402594 17.500000000000004 63177.334500000004 12.500000000000002 14.500000000000002 0.0037614578761866971 0.0029466336139214459 64.044402281740858 -0.0010853200458860177 0.0077326993838967581 114777.10800000002 -0.014663343093056056 65967.123250000019 0.0023257464258486234 -0.016106474923258892 69343.562916666691 81781.975000000006 69.634467598405266 0.0040923228120545493 1.0000000180025095e-35 60627.165000000015 0.00032050997153065813 63364.846500000007 52.847142857143943 0.0016716934794898633 63347.144000000008 4.5000000000000009
decision_type=2 2 2 2 2 2 2 2 2 2 2 2 2 2 2 2 2 2 2 2 2 2 2 2 2 2 2 2 2 2
left_child=2 5 -1 6 -5 22 18 8 9 13 11 -10 -9 29 15 -4 -17 -18 -3 20 21 -20 23 -2 -25 -26 -7 -21 -24 -8
right_child=1 3 14 4 -6 26 7 12 10 -11 -12 -13 -14 -15 -16 16 17 -19 19 27 -22 -23 28 24 25 -27 -28 -29 -30 -31
leaf_value=7.3434162049611931e-05 3.673771789333847e-06 -1.2872959939730191e-05 0 2.4956056043847426e-05 0 -6.3722925642186248e-06 2.4216081828924831e-05 -7.948022957799353e-07 0 0 0 0.00016429306999224755 6.8011413266730322e-06 0 7.231164357611084e-06 0 5.8042040472127112e-05 0 3.315314845059005e-05 7.7870999184203755e-07 0 0 1.5796529826677286e-07 0 6.5962662885704108e-05 0 -1.6659103296864633e-06 -5.9843411714078421e-06 4.5131143069657431e-05 0
leaf_weight=114 1232 1002 127 881 261 8049 2559 15953 43 1915 30 59 4402 415 6343 69 331 24 696 8226 124 28 13874 91 162 22 75208 4526 67 290
leaf_count=114 1232 1002 127 881 261 8049 2559 15953 43 1915 30 59 4402 415 6343 69 331 24 696 8226 124 28 13874 91 162 22 75208 4526 67 290
internal_value=1.77676e-07 -3.3242e-07 1.08043e-05 2.37575e-06 1.67159e-05 -1.49898e-06 1.89453e-06 3.55518e-06 1.39308e-05 1.19403e-05 6.92508e-05 0.000101469 7.00549e-07 1.9057e-05 9.3324e-06 2.8072e-05 3.91938e-05 4.95719e-05 -8.18966e-07 0 2.19566e-05 2.87744e-05 1.8529e-06 1.15479e-05 3.5905e-05 5.46334e-05 -2.15695e-06 -1.38644e-06 5.89618e-07 2.19193e-05
internal_weight=147123 140115 7008 41410 1142 98705 40268 25666 5311 5179 132 102 20355 3264 6894 551 424 355 14602 13600 848 724 15448 1507 275 184 83257 12752 13941 2849
internal_count=147123 140115 7008 41410 1142 98705 40268 25666 5311 5179 132 102 20355 3264 6894 551 424 355 14602 13600 848 724 15448 1507 275 184 83257 12752 13941 2849
is_linear=0
shrinkage=0.03


Tree=93
num_leaves=31
num_cat=0
split_feature=9 9 12 2 23 5 23 22 22 22 22 4 12 22 4 9 20 7 23 22 5 6 23 23 12 23 12 12 7 7
split_gain=0.000867868 0.000454898 0.000417346 0.000348948 0.000333282 0.000450021 0.000324335 0.000324282 0.000430671 0.00122653 0.000340194 0.000293047 0.000411349 0.000263413 0.000258997 0.000304487 0.000258642 0.00023219 0.000230975 0.0002882 0.000216586 0.000215129 0.000214202 0.000214213 0.000212862 0.00047368 0.000207187 0.000261308 0.000202629 0.000202217
threshold=-0.0052683810439872461 0.0063541441792989159 0.0055426614884636852 0.0028415443821335766 3.5000000000000004 78842.133000000016 4.5000000000000009 21.500000000000004 11.500000000000002 14.500000000000002 12.500000000000002 0.004834124742390534 0.0037614578761866971 1.5000000000000002 0.027538080509481148 0.0087252951956947617 0.018133262740363688 94272.003000000012 5.5000000000000009 20.500000000000004 114777.10800000002 60425.072500000002 3.5000000000000004 2.5000000000000004 0.0046285084542966532 5.5000000000000009 0.003063864875755707 0.0012851149694220268 110023.59575000002 97171.916250000024
decision_type=2 2 2 2 2 2 2 2 2 2 2 2 2 2 2 2 2 2 2 2 2 2 2 2 2 2 2 2 2 2
left_child=2 6 -1 16 5 14 7 8 13 10 -10 20 -13 29 15 -3 -4 -7 -8 -20 22 -11 23 -12 -6 -26 27 -24 -19 -2
right_child=1 4 3 -5 24 17 18 -9 9 21 11 12 -14 -15 -16 -17 -18 28 19 -21 -22 -23 26 -25 25 -27 -28 -29 -30 -31
leaf_value=8.7569823752742611e-06 8.6635681729448277e-06 9.8992115608704166e-06 0 0 -7.6626874289861768e-06 -3.737140088507534e-06 -5.146429679563388e-06 -5.3851511160400154e-06 3.7514742680126371e-06 8.579679213283253e-06 2.1008132717838976e-05 0 0.00011688397973591144 -1.9594257165412459e-06 0 5.6139459694265549e-05 9.6726544900075374e-05 2.0488197313872985e-05 -1.8859349757171853e-06 9.2941231643721959e-06 0 -1.1010485644153224e-06 1.5021878090009222e-05 2.2331689439918372e-06 0 0.00013144181390127465 0 6.1607477883670429e-05 -1.4050591392449319e-06 -2.3748524041297248e-07
leaf_weight=6822 4057 442 22 39 1187 1001 20652 8179 4130 2245 3034 1244 27 41351 164 468 125 1023 17696 2319 752 23907 452 1131 50 32 37 415 233 3887
leaf_count=6822 4057 442 22 39 1187 1001 20652 8179 4130 2245 3034 1244 27 41351 164 468 125 1023 17696 2319 752 23907 452 1131 50 32 37 415 233 3887
internal_value=1.74066e-07 -3.20484e-07 1.04898e-05 5.78872e-05 8.91339e-06 1.40655e-05 -6.56068e-07 2.76201e-07 8.45086e-07 3.29216e-06 1.15934e-05 1.5737e-05 1.32518e-07 -9.49356e-07 3.0687e-05 3.69798e-05 7.98393e-05 4.82597e-06 -2.90417e-06 -4.40652e-07 1.86287e-05 -1.5527e-07 2.09037e-05 1.66303e-05 -2.24658e-06 3.9528e-05 3.72705e-05 4.0785e-05 1.40387e-05 3.93069e-06
internal_weight=147123 140115 7008 186 4600 3331 135515 94848 86669 37374 11222 7092 1271 49295 1074 910 147 2257 40667 20015 5821 26152 5069 4165 1269 82 904 867 1256 7944
internal_count=147123 140115 7008 186 4600 3331 135515 94848 86669 37374 11222 7092 1271 49295 1074 910 147 2257 40667 20015 5821 26152 5069 4165 1269 82 904 867 1256 7944
is_linear=0
shrinkage=0.03


Tree=94
num_leaves=31
num_cat=0
split_feature=12 2 10 21 12 5 7 4 11 15 12 22 18 12 4 2 1 5 5 4 22 10 21 11 5 8 10 22 22 2
split_gain=0.000826262 0.000404844 0.000408758 0.00033619 0.000352969 0.000270639 0.000306862 0.000259864 0.000359305 0.000372312 0.000251856 0.000316117 0.000228854 0.000222216 0.000221119 0.000215994 0.000185994 0.000173917 0.000198057 0.00016528 0.000148392 0.000137815 0.000135072 0.00014144 0.000182793 0.00023827 0.000311629 0.000143964 0.000168693 0.000155933
threshold=0.0027967959452666726 -0.0021693761250210493 0.0022735252529507703 31.668133191409641 0.0055426614884636852 83044.548000000024 76566.763250000033 0.014584402253623454 0.0042243004849999285 0.64211739788827538 0.0018228852173268167 10.500000000000002 0.45444890449124442 0.0027275666882357013 -0.0051729677909217999 0.00060843511473240863 -0.0021137477150332535 105126.982 60776.064000000006 0.012847772068192988 17.500000000000004 0.01165987415955161 56.83295187875504 0.0047647750666872527 71919.713000000003 79719.558750000011 0.0011316133549812426 10.500000000000002 2.5000000000000004 0.0048973442612006987
decision_type=2 2 2 2 2 2 2 2 2 2 2 2 2 2 2 2 2 2 2 2 2 2 2 2 2 2 2 2 2 2
left_child=1 14 12 4 16 6 15 22 -9 -10 -8 -12 -3 20 -1 -4 -2 18 -11 -17 -13 -20 23 24 -5 26 -26 28 -27 -29
right_child=3 2 5 7 -6 -7 10 8 9 17 11 13 -14 -15 -16 19 -18 -19 21 -21 -22 -23 -24 -25 25 27 -28 29 -30 -31
leaf_value=6.9536341715501328e-06 3.0294166252669968e-05 -1.4764631870734497e-07 -2.6202228343018605e-06 0 0.00010737596413587938 -5.7741275747496047e-08 8.0967436760226509e-06 5.1228144458589305e-06 0 0 0 0.00010978535063965524 -3.5653813256717637e-06 0 7.4133079559904204e-07 4.1328048830128924e-06 0 0 0 2.0812910399824396e-05 0 0.00010469955694136639 -3.6484531373010152e-06 -2.6174697100294572e-06 8.6110685749874542e-05 1.1940651524153851e-05 0 1.9855915040621578e-05 -2.5182675000470605e-05 0
leaf_weight=9136 502 30735 3114 584 67 26470 938 821 102 54 118 106 48360 20 14808 6137 305 31 20 749 63 144 1304 601 104 162 64 1076 203 225
leaf_count=9136 502 30735 3114 584 67 26470 938 821 102 54 118 106 48360 20 14808 6137 305 31 20 749 63 144 1304 601 104 162 64 1076 203 225
internal_value=1.70856e-07 -2.86646e-07 -1.03461e-06 1.07525e-05 2.92797e-05 1.48765e-06 5.39214e-06 7.25921e-06 2.03188e-05 4.73066e-05 1.99506e-05 4.63852e-05 -2.27524e-06 7.07016e-05 3.23699e-06 3.27944e-06 1.90663e-05 6.7078e-05 7.65289e-05 6.38306e-06 8.2296e-05 9.41814e-05 3.02431e-06 6.90018e-06 1.05065e-05 1.53373e-05 5.40694e-05 9.62788e-06 -4.90336e-07 1.47721e-05
internal_weight=147123 140754 116810 6369 874 37715 11245 5495 1172 351 1245 307 79095 189 23944 10000 807 249 218 6886 169 164 4323 3019 2418 1834 168 1666 365 1301
internal_count=147123 140754 116810 6369 874 37715 11245 5495 1172 351 1245 307 79095 189 23944 10000 807 249 218 6886 169 164 4323 3019 2418 1834 168 1666 365 1301
is_linear=0
shrinkage=0.03


Tree=95
num_leaves=31
num_cat=0
split_feature=13 5 8 10 23 7 3 22 8 12 22 22 22 10 22 10 10 14 19 21 22 23 5 12 5 8 22 22 10 21
split_gain=0.000792472 0.000393523 0.000314331 0.000304449 0.000266607 0.000250955 0.000214556 0.000275423 0.000207227 0.000245337 0.000193591 0.000259834 0.000512721 0.000237339 0.000208948 0.000194265 0.00018429 0.000183133 0.000305901 0.00055985 0.000181948 0.000161122 0.000154675 0.000160563 0.000164952 0.000237247 0.000533704 0.000276351 0.000292514 0.000322366
threshold=270.42000000000195 83881.301000000021 104832.13216666668 -0.020515624119615102 4.5000000000000009 56121.878500000013 0.011125411278627097 14.500000000000002 87124.45183333334 0.002473561059413576 21.500000000000004 11.500000000000002 14.500000000000002 0.0061799445646025805 12.500000000000002 -0.0058111721903774107 -0.0059900388885120162 0.010000763090932951 0.08913272756351194 66.326620493221398 20.500000000000004 5.5000000000000009 116965.86800000002 0.0017853733630040624 85273.216000000015 87299.464000000022 15.500000000000002 22.500000000000004 -0.008766514216234143 80.662955700204364
decision_type=2 2 2 2 2 2 2 2 2 2 2 2 2 2 2 2 2 2 2 2 2 2 2 2 2 2 2 2 2 2
left_child=2 17 4 8 5 6 -1 -8 -3 -10 11 -7 14 -14 -13 -16 -6 -2 -19 -20 -18 -22 23 -5 -25 26 -26 28 -28 -30
right_child=1 3 -4 22 16 10 7 -9 9 -11 -12 12 13 -15 15 -17 20 18 19 -21 21 -23 -24 24 25 -27 27 -29 29 -31
leaf_value=1.0339274947338938e-05 1.2888257470054106e-05 0 -2.6472072024378444e-06 1.232826612622857e-05 8.7469589711163719e-06 8.3795119677990898e-08 0.00017787263331649851 0 0 4.6281648780949428e-05 -4.06044598270679e-06 3.215913856074809e-06 -6.2852328110242847e-07 9.0828518102144495e-06 0 1.8207865220400673e-05 -3.4793767194034715e-06 0 0.000106025902050272 0 -3.0412512622514317e-07 1.2480939345106049e-05 -1.0374818546159023e-05 -1.4466522837060928e-05 0 1.3950602267219181e-06 0 0 8.4555810259549755e-05 0
leaf_weight=769 2904 33 44389 1744 1267 31449 20 22 169 369 5111 2681 11543 2709 557 3643 23793 70 115 30 1729 1237 665 476 247 9086 21 36 218 21
leaf_count=769 2904 33 44389 1744 1267 31449 20 22 169 369 5111 2681 11543 2709 557 3643 23793 70 115 30 1729 1237 665 476 247 9086 21 36 218 21
internal_value=1.68707e-07 6.44276e-06 -5.84929e-07 3.85539e-06 4.3833e-07 1.61897e-06 1.84858e-05 9.60079e-05 2.59068e-05 3.25411e-05 1.32984e-06 1.91084e-06 4.48777e-06 1.00696e-06 1.12612e-05 1.56823e-05 -1.9192e-06 1.63352e-05 4.89176e-05 7.37884e-05 -2.53637e-06 4.01683e-06 2.60928e-06 3.59125e-06 1.78636e-06 2.9015e-06 2.258e-05 5.05705e-05 6.21898e-05 7.28581e-05
internal_weight=147123 16204 130919 13085 86530 58504 811 42 571 538 57693 52582 21133 14252 6881 4200 28026 3119 215 145 26759 2966 12514 11849 10105 9629 543 296 260 239
internal_count=147123 16204 130919 13085 86530 58504 811 42 571 538 57693 52582 21133 14252 6881 4200 28026 3119 215 145 26759 2966 12514 11849 10105 9629 543 296 260 239
is_linear=0
shrinkage=0.03


Tree=96
num_leaves=31
num_cat=0
split_feature=9 8 10 2 8 23 5 22 22 22 23 23 22 10 19 4 9 8 10 11 22 12 22 4 2 7 22 12 9 8
split_gain=0.000750405 0.000395091 0.000391485 0.000334577 0.000273029 0.000270499 0.000292349 0.000255698 0.000903834 0.000573053 0.000683095 0.000335877 0.000286051 0.000234917 0.000231071 0.000199628 0.000248518 0.000193548 0.000193391 0.000188899 0.000318235 0.000226387 0.000380017 0.000322462 0.000176275 0.000169157 0.000167389 0.000168542 0.000174127 0.000165585
threshold=-0.0052683810439872461 55203.617250000003 0.0060264641412999262 0.0060968548402662312 115035.61725000002 3.5000000000000004 78842.133000000016 10.500000000000002 14.500000000000002 12.500000000000002 4.5000000000000009 5.5000000000000009 1.5000000000000002 0.0013252794531224412 0.091243304846385362 0.027538080509481148 0.0087252951956947617 94184.950583333339 0.010019150625262043 0.0016716934794898633 13.500000000000002 0.0026643352291542202 15.500000000000002 0.013637547302047583 -0.0031666407548624482 102755.18450000002 20.500000000000004 0.0020859230529649774 -0.00068748191681283755 109404.22675000002
decision_type=2 2 2 2 2 2 2 2 2 2 2 2 2 2 2 2 2 2 2 2 2 2 2 2 2 2 2 2 2 2
left_child=1 -1 4 19 7 6 15 12 9 -9 13 -10 -2 -11 -3 16 -5 -8 -18 -4 -21 -22 23 -23 -16 -15 -13 28 -28 -19
right_child=2 14 3 5 -6 -7 17 8 11 10 -12 26 -14 25 24 -17 18 29 -20 20 21 22 -24 -25 -26 -27 27 -29 -30 -31
leaf_value=6.8991313308449243e-05 2.7880201446027381e-06 0 4.8045937382134943e-06 9.7169343495512474e-06 -4.6875335597232525e-06 0 0 1.244984388938867e-06 -2.7578521127845433e-06 2.2983078095353172e-05 0 7.160924988857917e-07 -2.8971101444471247e-06 1.4046332030993268e-05 1.5242733536156742e-05 0 0 2.5318597786213627e-05 7.1489363945584884e-05 -1.334536793600879e-05 -1.4654789895300428e-06 0 0 7.1009239290387944e-05 0 -1.6436889315358485e-06 0 -1.3460276157657631e-06 2.4885513095738728e-05 0
leaf_weight=114 9230 2475 7477 314 14969 873 666 9794 32633 3821 2850 4066 43592 1247 3643 105 37 665 291 1693 2290 93 594 168 776 647 601 250 966 183
leaf_count=114 9230 2475 7477 314 14969 873 666 9794 32633 3821 2850 4066 43592 1247 3643 105 37 665 291 1693 2290 93 594 168 776 647 601 250 966 183
internal_value=1.65257e-07 9.75829e-06 -2.93144e-07 4.1784e-06 -8.71339e-07 1.30845e-05 1.85735e-05 -3.23239e-07 1.0391e-06 6.548e-06 1.22616e-05 -1.50888e-06 -1.84691e-06 1.82454e-05 8.34267e-06 3.54712e-05 4.17584e-05 8.25307e-06 6.32764e-05 1.66822e-06 -2.55888e-06 2.29402e-06 1.58707e-05 4.62039e-05 1.24756e-05 7.10287e-06 4.90914e-06 1.26406e-05 1.67864e-05 1.8083e-05
internal_weight=147123 7008 140115 15449 124666 3134 2261 109697 56875 18359 8565 38516 52822 5715 6894 747 642 1514 328 12315 4838 3145 855 261 4419 1894 5883 1817 1567 848
internal_count=147123 7008 140115 15449 124666 3134 2261 109697 56875 18359 8565 38516 52822 5715 6894 747 642 1514 328 12315 4838 3145 855 261 4419 1894 5883 1817 1567 848
is_linear=0
shrinkage=0.03


Tree=97
num_leaves=31
num_cat=0
split_feature=13 9 5 2 21 23 23 22 22 22 10 23 22 22 22 22 7 22 12 5 10 5 17 22 22 22 21 7 5 22
split_gain=0.000727794 0.000395578 0.0003891 0.000361605 0.000270161 0.000311584 0.000256664 0.000268258 0.000328281 0.000531601 0.000237773 0.000228624 0.000336647 0.000211145 0.000204681 0.00194637 0.000203128 0.000231742 0.000187796 0.000174489 0.000163704 0.000161806 0.000156537 0.000145081 0.00019441 0.000146141 0.000532819 0.000252912 0.000308029 0.000290869
threshold=364.82142857142964 -0.0026263380644825913 78842.133000000016 0.0073053588197492534 65.840331674769047 1.5000000000000002 4.5000000000000009 21.500000000000004 11.500000000000002 14.500000000000002 0.006675745786749899 5.5000000000000009 20.500000000000004 12.500000000000002 12.500000000000002 14.500000000000002 80946.777000000016 17.500000000000004 0.0019247845243720325 60431.304000000011 0.011042084404195742 114777.10800000002 0.88847598871784628 2.5000000000000004 9.5000000000000018 18.500000000000004 31.668133191409641 88676.621000000014 80974.782000000021 13.500000000000002
decision_type=2 2 2 2 2 2 2 2 2 2 2 2 2 2 2 2 2 2 2 2 2 2 2 2 2 2 2 2 2 2
left_child=1 22 4 6 5 14 7 8 -3 10 13 -8 -13 -10 -2 -16 17 20 21 -11 -5 -15 -1 -4 -25 27 -27 28 -26 -30
right_child=2 3 23 16 -6 -7 11 -9 9 19 -12 12 -14 18 15 -17 -18 -19 -20 -21 -22 -23 -24 24 25 26 -28 -29 29 -31
leaf_value=-4.3285116212787306e-08 6.3261832385811146e-06 -1.2709434788277811e-06 2.4548381272085094e-05 4.1319913443875391e-06 0 0 -5.4404386286460223e-06 -5.659710457272988e-06 3.4304275104739042e-06 8.7548594416159509e-06 -4.0192900102536548e-06 -2.1474939645811153e-06 1.0830430264972088e-05 1.8963413394925308e-05 0.00026400235826611632 1.2628087968715274e-05 8.8685069585754538e-07 0 0 -6.9588943865214951e-07 4.6514522011403174e-05 0 5.6558876563172973e-06 -1.0791523484269877e-05 -2.5655612144718907e-06 4.1038389907728577e-05 -9.6742955446695997e-06 4.0271390080556873e-06 0 4.0949823243850874e-05
leaf_weight=5018 149 44163 482 339 112 142 19739 7325 3452 1925 856 16548 1988 3825 45 156 1362 239 561 19593 369 661 12799 496 112 222 1127 2513 150 655
leaf_count=5018 149 44163 482 339 112 142 19739 7325 3452 1925 856 16548 1988 3825 45 156 1362 239 561 19593 369 661 12799 496 112 222 1127 2513 150 655
internal_value=1.63555e-07 -2.64244e-07 1.01018e-05 -8.89573e-07 3.43956e-05 4.41182e-05 -1.13719e-06 -1.55312e-07 3.42052e-07 2.74657e-06 8.71992e-06 -3.17163e-06 -5.93705e-07 1.0356e-05 5.94715e-05 8.39272e-05 1.07477e-05 2.17606e-05 1.44983e-05 1.01937e-08 3.04613e-05 1.65579e-05 3.8824e-06 7.0313e-06 4.86154e-06 7.11406e-06 0 1.04335e-05 2.47165e-05 3.22383e-05
internal_weight=147123 140762 6361 122945 604 492 120636 82361 75036 30873 9355 38275 18536 8499 350 201 2309 947 5047 21518 708 4486 17817 5757 5275 4779 1349 3430 917 805
internal_count=147123 140762 6361 122945 604 492 120636 82361 75036 30873 9355 38275 18536 8499 350 201 2309 947 5047 21518 708 4486 17817 5757 5275 4779 1349 3430 917 805
is_linear=0
shrinkage=0.03


Tree=98
num_leaves=31
num_cat=0
split_feature=13 5 13 21 23 18 10 5 7 3 16 7 23 12 12 15 18 1 10 6 21 10 6 5 12 5 10 5 1 4
split_gain=0.000689886 0.000373768 0.000333473 0.000260655 0.000296624 0.000309594 0.000247528 0.000238134 0.000211422 0.000180176 0.000173505 0.000162384 0.000202468 0.000132176 0.000153391 0.000398241 0.000122998 0.000148098 0.000120218 0.000369504 0.000147204 0.0001393 0.00013555 0.000613601 0.000110656 0.000210089 9.59989e-05 9.14818e-05 8.68671e-05 8.23318e-05
threshold=364.82142857142964 78842.133000000016 168.58964285714424 65.840331674769047 1.5000000000000002 0.73735209133469748 0.0034937279737468079 58059.65600000001 78716.929000000018 -0.0029188842669014554 0.89743803040559034 56121.878500000013 3.5000000000000004 0.0040923228120545493 0.0026049057837776706 0.88174020630915917 0.52129235399782348 -0.0042746760431869859 -0.024614492365034209 103585.29750000002 26.341221781879039 0.0049616609373669416 85269.894000000015 87802.686000000016 0.0028729244711353913 91069.103000000017 -0.0026516758049113793 115014.36400000002 0.0009619537646741173 0.0035919418743159963
decision_type=2 2 2 2 2 2 2 2 2 2 2 2 2 2 2 2 2 2 2 2 2 2 2 2 2 2 2 2 2 2
left_child=2 3 6 4 5 8 7 26 -2 -9 -8 12 13 14 -4 -16 -13 -18 19 20 -3 -20 -23 -24 -25 -26 -1 -11 -12 -28
right_child=1 18 11 -5 -6 -7 10 9 -10 27 28 16 -14 -15 15 -17 17 -19 21 -21 -22 22 23 24 25 -27 29 -29 -30 -31
leaf_value=0 7.9461858850708465e-05 3.0358776264227848e-05 6.2919021903301569e-06 0 0 0 -6.1953735385002396e-07 1.2428336204294313e-06 0 -2.2709776586590357e-06 9.2166855620028684e-08 3.3140061841159431e-06 0 0 0 0.00010620034223952995 8.132576493639775e-06 -8.0936600250612437e-07 9.8239499876376958e-07 0.00016157384666115466 0 0 9.1148364749041221e-05 0 -3.4018456394260561e-06 2.6163928684595882e-05 1.2443844780871746e-05 -5.7223916081172392e-06 7.8951321972759293e-06 0
leaf_weight=1100 262 164 299 112 142 66 7967 10531 22 60576 2846 20327 119 63 90 87 1834 18292 3781 21 142 307 102 595 99 546 1753 9624 4883 371
leaf_count=1100 262 164 299 112 142 66 7967 10531 22 60576 2846 20327 119 63 90 87 1834 18292 3781 21 142 307 102 595 99 546 1753 9624 4883 371
internal_value=1.60853e-07 9.83701e-06 -2.55105e-07 3.3661e-05 4.32164e-05 5.8204e-05 -1.2118e-06 -1.87763e-06 7.18016e-05 -2.22407e-06 2.15844e-06 1.9909e-06 1.72819e-05 2.65066e-05 3.23331e-05 5.93557e-05 1.66798e-06 0 6.81587e-06 2.692e-05 7.82857e-06 5.05223e-06 1.25642e-05 1.6878e-05 8.34262e-06 1.69757e-05 5.86673e-06 -2.78689e-06 5.41008e-06 9.63941e-06
internal_weight=147123 6361 140762 604 492 350 99651 83955 284 80731 15696 41111 658 539 476 177 40453 20126 5757 327 306 5430 1649 1342 1240 645 3224 70200 7729 2124
internal_count=147123 6361 140762 604 492 350 99651 83955 284 80731 15696 41111 658 539 476 177 40453 20126 5757 327 306 5430 1649 1342 1240 645 3224 70200 7729 2124
is_linear=0
shrinkage=0.03


Tree=99
num_leaves=31
num_cat=0
split_feature=9 8 10 18 19 1 14 8 14 5 8 6 0 23 10 12 23 12 17 8 7 7 1 21 19 5 18 7 4 14
split_gain=0.000654611 0.000348173 0.000340791 0.000249555 0.000217566 0.000204113 0.000194334 0.0001888 0.000182783 0.000158934 0.000155491 0.000251487 0.000123705 0.000117484 0.000117411 0.000169641 9.6839e-05 0.000103298 0.000168644 0.000102188 0.00017837 0.000189682 0.00026395 0.000166071 0.000634837 0.00123232 0.000146638 0.000115106 0.000137498 9.84255e-05
threshold=-0.0052683810439872461 55203.617250000003 0.0060264641412999262 0.74085763809077465 0.091243304846385362 0.0068250076233444821 0.00094548096342572435 59202.815416666672 0.0052501291522619791 57901.786000000007 73778.213583333345 83456.545500000022 -0.00059519487008929939 5.5000000000000009 -0.0065625727423724847 0.0037614578761866971 2.5000000000000004 0.0037614578761866971 0.64985120064188251 109269.55191666669 98361.503000000012 91051.017500000016 0.0021703769817421619 54.04118033248664 0.48857002434281566 105126.982 0.65442125373233362 107996.197 0.012847772068192988 0.0026046004505475263
decision_type=2 2 2 2 2 2 2 2 2 2 2 2 2 2 2 2 2 2 2 2 2 2 2 2 2 2 2 2 2 2
left_child=1 -1 3 6 -3 12 -2 14 -6 -10 -9 -12 -4 -11 -8 -16 19 29 -19 20 21 22 -14 24 -22 -26 -24 -25 -29 -18
right_child=2 4 5 -5 8 -7 7 10 9 13 11 -13 16 -15 15 -17 17 18 -20 -21 23 -23 26 27 25 -27 -28 28 -30 -31
leaf_value=6.4925523446870056e-05 -1.7790223912488816e-06 0 -1.364553654682518e-06 -2.8418125116532947e-06 7.2026214399670184e-06 1.731647691179108e-05 -2.1195766914841884e-06 -2.6489543854081636e-06 0 3.1959779045129185e-05 9.718858177539303e-06 6.9901069918367164e-07 0 0 7.8049832204734393e-06 7.3220916277036158e-05 2.6316798608213966e-06 0 6.0179337751713175e-05 0 8.9813435481270273e-07 -4.5138023597910971e-06 2.9671771822314147e-05 1.7971706637106877e-06 0.00031447065377300304 0 0 5.2631610800503625e-05 0 -6.9626201582870913e-06
leaf_weight=114 31950 2475 3771 37892 3439 1040 497 10023 79 828 3128 37534 1656 73 3593 49 3396 56 68 774 155 1047 680 816 22 22 428 122 54 1342
leaf_count=114 31950 2475 3771 37892 3439 1040 497 10023 79 828 3128 37534 1656 73 3593 49 3396 56 68 774 155 1047 680 816 22 22 428 122 54 1342
internal_value=1.58632e-07 9.11909e-06 -2.6813e-07 -8.08953e-07 7.76019e-06 3.90185e-06 4.41746e-08 1.16141e-06 1.17583e-05 2.46818e-05 5.93618e-07 1.46668e-06 2.7253e-06 2.8659e-05 7.38943e-06 9.51079e-06 4.45709e-06 6.21904e-07 2.76458e-05 7.16595e-06 8.81379e-06 4.57765e-06 9.10687e-06 1.98485e-05 5.03725e-05 0.000156233 2.05246e-05 1.06969e-05 3.4899e-05 0
internal_weight=147123 7008 140115 124666 6894 15449 86774 54824 4419 980 50685 40662 14409 901 4139 3642 10638 4862 124 5776 5002 3811 2764 1191 199 44 1108 992 176 4738
internal_count=147123 7008 140115 124666 6894 15449 86774 54824 4419 980 50685 40662 14409 901 4139 3642 10638 4862 124 5776 5002 3811 2764 1191 199 44 1108 992 176 4738
is_linear=0
shrinkage=0.03


Tree=100
num_leaves=31
num_cat=0
split_feature=9 12 2 10 2 19 14 8 8 18 8 11 22 4 10 12 12 4 22 14 3 8 11 0 23 22 22 17 8 8
split_gain=0.000627257 0.000371916 0.000374152 0.000349794 0.000362705 0.000247473 0.000217757 0.000210683 0.000199164 0.000198025 0.000141514 0.000140666 0.000247422 0.000138616 0.000209056 0.000181631 0.000133595 0.000328658 0.000254214 0.000125162 0.000129995 0.000124853 0.00011798 0.000123469 0.00011454 0.000116321 0.000113633 0.000128126 0.000201963 0.000582144
threshold=-0.0028877029894563418 0.0055426614884636852 -0.0078490442514860797 0.0034937279737468079 0.0060968548402662312 0.091243304846385362 0.0044274047504648641 56937.886250000003 81011.03850000001 0.47344104305673668 103595.89866666668 0.0020051777848447533 12.500000000000002 0.027538080509481148 0.011042084404195742 0.0016975754015000446 0.0026643352291542202 0.015881270152391162 18.500000000000004 0.0018918384879183052 0.0023205507435267729 84525.692333333354 0.0022388244300386973 -0.0039000458288470648 1.5000000000000002 5.5000000000000009 18.500000000000004 0.74253742129539824 76531.805250000019 78734.136000000013
decision_type=2 2 2 2 2 2 2 2 2 2 2 2 2 2 2 2 2 2 2 2 2 2 2 2 2 2 2 2 2 2
left_child=1 5 -3 7 11 -1 -7 -2 13 19 -8 -5 -13 14 -6 -16 -14 21 22 -9 -21 -18 -19 -24 25 -10 27 -17 -29 -30
right_child=3 2 -4 4 8 6 10 9 24 -11 -12 12 16 -15 15 26 17 18 -20 20 -22 -23 23 -25 -26 -27 -28 28 29 -31
leaf_value=0 9.7260175167005735e-06 8.7453374804970552e-05 0 1.8736359458155661e-06 5.401853695442192e-06 5.1131376919435751e-06 2.0956499264629118e-05 -7.539410213627906e-07 0 -2.764493968509454e-06 0 -1.5759714848069606e-05 -4.1182249495311223e-06 0 0 0 -1.6884383033215947e-05 0 0 6.6026183545124426e-06 -1.8330746575901225e-06 8.6413558912291107e-06 0 6.105658078143673e-05 0 1.8008471391078994e-05 0 3.6605726605105821e-05 0.00027242356693367713 0
leaf_weight=6555 1421 105 140 22940 578 9466 1582 33157 176 57374 246 1166 1794 132 122 24 311 35 95 4696 1806 317 20 223 1433 779 81 303 21 25
leaf_count=6555 1421 105 140 22940 578 9466 1582 33157 176 57374 246 1166 1794 132 122 24 311 35 95 4696 1806 317 20 223 1433 779 81 303 21 25
internal_value=1.58281e-07 5.40491e-06 4.36539e-05 -5.54218e-07 2.21033e-06 4.71158e-06 7.40295e-06 -1.44322e-06 1.11276e-05 -1.63772e-06 1.76184e-05 8.80908e-07 -4.11098e-06 2.14056e-05 2.48738e-05 3.92015e-05 0 9.4715e-06 3.21481e-05 0 3.79813e-06 0 4.70027e-05 5.44436e-05 4.33565e-06 1.24472e-05 4.80584e-05 5.5544e-05 6.02292e-05 0.000150343
internal_weight=147123 18094 245 129029 30575 17849 11294 98454 3674 97033 1828 26901 3961 1286 1154 576 2795 1001 373 39659 6502 628 278 243 2388 955 454 373 349 46
internal_count=147123 18094 245 129029 30575 17849 11294 98454 3674 97033 1828 26901 3961 1286 1154 576 2795 1001 373 39659 6502 628 278 243 2388 955 454 373 349 46
is_linear=0
shrinkage=0.03


Tree=101
num_leaves=31
num_cat=0
split_feature=13 5 8 10 23 8 8 12 10 16 6 12 6 8 10 13 21 6 6 12 14 21 17 17 6 8 21 23 9 23
split_gain=0.000602233 0.000319441 0.000263882 0.000251018 0.000217704 0.000209777 0.00018944 0.000224259 0.000155994 0.000147701 0.000139082 0.000147456 0.000157792 0.000224284 0.000567964 0.000399754 0.000291153 0.000153968 0.000141926 0.000137092 0.000131634 0.000248472 0.000142318 0.00020925 0.000121581 0.000120164 0.000112705 0.000503984 0.000230005 0.000185815
threshold=270.42000000000195 83881.301000000021 104832.13216666668 -0.020515624119615102 4.5000000000000009 56187.057583333335 87124.45183333334 0.002473561059413576 -0.0059900388885120162 0.47774993793562864 117253.95650000001 0.001639779025404506 85269.894000000015 87299.464000000022 0.0053763732503417936 321.41857142857151 79.801773777238978 110847.31450000002 92492.717500000013 0.0021114659289300096 0.010000763090932951 66.326620493221398 1.4531538920426965 2.4622031834214537 54327.507000000005 61343.304333333341 57.687685393101255 1.5000000000000002 0.0059975567076157041 1.0000000180025095e-35
decision_type=2 2 2 2 2 2 2 2 2 2 2 2 2 2 2 2 2 2 2 2 2 2 2 2 2 2 2 2 2 2
left_child=2 20 4 6 5 24 -3 -8 25 -7 11 17 19 14 -14 -16 -17 -5 -15 -13 26 22 -22 -24 -1 -6 27 -2 -28 -30
right_child=1 3 -4 10 8 9 7 -9 -10 -11 -12 12 13 18 15 16 -18 -19 -20 -21 21 -23 23 -25 -26 -27 28 -29 29 -31
leaf_value=0 3.3933645519155248e-05 0 -2.3894538705493922e-06 2.1765179424682901e-05 -4.3799878370128209e-07 -2.1814018342254625e-06 0 4.2988360128059768e-05 -2.2625452983158926e-06 1.9154494695382866e-06 -1.0687392198192738e-05 0 0 -5.1367379137122786e-06 0 8.6331005944819829e-05 0 0 3.4443109250877843e-06 -2.278706568618354e-05 0 0 0.00011053452373107222 0 2.1918530872172474e-05 1.4263169148272912e-05 -1.7456745564095718e-05 6.6068736974242259e-07 0 2.68260356949092e-05
leaf_weight=94 809 33 44389 737 327 8815 169 369 26759 48882 624 68 297 2027 44 187 21 257 7830 422 65 40 77 33 713 940 328 1234 152 381
leaf_count=94 809 33 44389 737 327 8815 169 369 26759 48882 624 68 297 2027 44 187 21 257 7830 422 65 40 77 33 713 940 328 1234 152 381
internal_value=1.56053e-07 5.62714e-06 -4.98199e-07 3.26994e-06 4.37327e-07 1.50622e-06 2.32896e-05 2.9875e-05 -1.68693e-06 1.23753e-06 2.11655e-06 3.04091e-06 1.71504e-06 2.74253e-06 2.1822e-05 5.53611e-05 7.37682e-05 1.45554e-05 1.37532e-06 -1.39805e-05 1.4554e-05 4.32287e-05 5.97724e-05 8.27367e-05 1.69969e-05 8.1016e-06 1.13966e-05 1.53057e-05 0 1.41686e-05
internal_weight=147123 16204 130919 13085 86530 58504 571 538 28026 57697 12514 11890 10896 10406 549 252 208 994 9857 490 3119 215 175 110 807 1267 2904 2043 861 533
internal_count=147123 16204 130919 13085 86530 58504 571 538 28026 57697 12514 11890 10896 10406 549 252 208 994 9857 490 3119 215 175 110 807 1267 2904 2043 861 533
is_linear=0
shrinkage=0.03


Tree=102
num_leaves=31
num_cat=0
split_feature=1 13 12 17 10 3 5 18 14 9 1 11 11 21 10 22 1 5 20 23 9 4 21 11 7 4 18 22 22 7
split_gain=0.000582787 0.000317889 0.000302987 0.000297491 0.000220105 0.000204045 0.000197982 0.00018815 0.000252293 0.000152365 0.000134099 0.000128911 0.000188828 0.000112235 0.000108725 9.88097e-05 0.000186532 0.000259877 0.000135394 8.94255e-05 9.48533e-05 8.60288e-05 7.94514e-05 7.87855e-05 7.79618e-05 7.6066e-05 7.53285e-05 7.29742e-05 7.24389e-05 7.02054e-05
threshold=-0.0045111074987689284 168.58964285714424 0.0055426614884636852 0.6712706461173984 0.0029281555173575895 -0.0065476126734237408 58059.65600000001 0.46957469217742159 0.004696054687649027 -0.0014262627279666982 0.0019027127552502245 0.0047647750666872527 0.0024078237317037708 44.134768641326957 -0.0026516758049113793 17.500000000000004 0.0023799786546732098 101299.22700000001 0.030918206651036624 1.5000000000000002 0.001927359000786222 0.0033868157209137055 50.396452380315658 0.0014406215652563042 112316.02825000002 0.0022834702222575003 0.43947949025257083 22.500000000000004 5.5000000000000009 90702.977250000011
decision_type=2 2 2 2 2 2 2 2 2 2 2 2 2 2 2 2 2 2 2 2 2 2 2 2 2 2 2 2 2 2
left_child=2 4 5 -4 6 11 14 8 24 23 -6 12 -1 -14 -2 16 22 18 -18 20 -12 -16 -10 -8 27 -11 -20 28 -3 -9
right_child=1 7 3 -5 10 -7 9 29 15 25 19 -13 13 -15 21 -17 17 -19 26 -21 -22 -23 -24 -25 -26 -27 -28 -29 -30 -31
leaf_value=6.3608147946240721e-06 0 0 0 8.6332569819818744e-05 7.8246788472400146e-08 0 8.6594253454199104e-07 2.565308351560802e-06 1.5604285331652628e-05 -3.4096179050901764e-06 0 0 3.02220266451928e-05 0 1.2857694712016943e-05 0 0 0 6.2916315574168853e-05 2.1282544104635007e-06 1.6646454799141577e-05 0 0 -7.2352905826336348e-06 -1.1063233982459079e-06 -2.7265417763807125e-07 0 -3.9074440996656485e-06 5.4283304611956727e-06 -9.5850750333450032e-07
leaf_weight=1423 1029 3365 38 99 15152 2036 16008 7321 331 48617 227 119 918 31 1600 340 33 56 268 3102 1172 299 191 1133 2430 10609 27 644 12171 16334
leaf_count=1423 1029 3365 38 99 15152 2036 16008 7321 331 48617 227 119 918 31 1600 340 33 56 268 3102 1172 299 191 1133 2430 10609 27 644 12171 16334
internal_value=1.50695e-07 -1.70244e-07 1.05966e-05 5.86053e-05 -1.12926e-06 8.47976e-06 -1.85167e-06 1.9417e-06 4.09754e-06 -2.17364e-06 1.63283e-06 1.42967e-05 1.62345e-05 2.78767e-05 5.52093e-06 1.76918e-05 2.29912e-05 4.07469e-05 5.15417e-05 6.1995e-06 1.30816e-05 9.92582e-06 4.1782e-06 1.55403e-07 3.02607e-06 -2.89836e-06 5.8022e-05 3.83211e-06 4.34605e-06 5.26405e-09
internal_weight=147123 142459 4664 137 98948 4527 79295 43511 19856 76367 19653 2491 2372 949 2928 1246 906 384 328 4501 1399 1899 522 17141 18610 59226 295 16180 15536 23655
internal_count=147123 142459 4664 137 98948 4527 79295 43511 19856 76367 19653 2491 2372 949 2928 1246 906 384 328 4501 1399 1899 522 17141 18610 59226 295 16180 15536 23655
is_linear=0
shrinkage=0.03


Tree=103
num_leaves=31
num_cat=0
split_feature=1 13 3 10 11 8 18 2 0 2 14 9 19 6 3 16 11 12 12 15 23 10 4 15 9 11 4 14 17 19
split_gain=0.000551033 0.00029879 0.000286262 0.00020628 0.000204667 0.00018653 0.000181212 0.000241958 0.000176223 0.000162165 0.000145296 0.00014247 0.000140699 0.000128701 9.08239e-05 0.000105463 0.000113437 0.000113887 0.00022172 0.000251391 0.00016832 8.88499e-05 9.48086e-05 8.19491e-05 7.80865e-05 7.71391e-05 7.5059e-05 7.12608e-05 6.82204e-05 6.96801e-05
threshold=-0.0045111074987689284 169.74464285714205 -0.020197045047089853 0.0029281555173575895 0.0025537207728633855 58049.635666666676 0.46957469217742159 0.014388747440676199 0.0029892620112838002 0.0022607325875144695 0.0065256621876576904 -0.0014262627279666982 0.58443709742477168 100020.96000000002 -0.0065476126734237408 2.567637597210823 0.0047647750666872527 0.0029607861990862223 0.0040923228120545493 0.69930555296783348 1.0000000180025095e-35 -0.0026516758049113793 0.0023386639566090888 0.88713805775744403 -0.00042458852370130801 0.0014406215652563042 0.0027794048955460675 0.0050357075370898166 0.79873814580716973 0.02187437220192982
decision_type=2 2 2 2 2 2 2 2 2 2 2 2 2 2 2 2 2 2 2 2 2 2 2 2 2 2 2 2 2 2
left_child=2 3 4 5 -1 21 7 10 12 -5 24 25 13 -9 15 16 17 -4 19 -19 -21 -2 -23 -11 28 -7 -13 -6 -3 -30
right_child=1 6 14 9 27 11 -8 8 -10 23 -12 26 -14 -15 -16 -17 -18 18 -20 20 -22 22 -24 -25 -26 -27 -28 -29 29 -31
leaf_value=0 0 5.8818501865693335e-07 1.1258366980191584e-05 -1.0439771467160884e-07 0 8.4655075355589062e-07 0 7.389894822087991e-05 0 0 2.4871714379267468e-05 -3.2028520839941314e-06 0 0 1.1301027642159526e-06 0 0 0 0 0.00017017137558152687 2.4610701282021894e-05 1.3371592840327679e-05 0 7.5712609936067112e-06 9.322971916715935e-07 -6.956255737748521e-06 0 5.5991265019221303e-05 0 8.5636654078409989e-06
leaf_weight=61 841 3112 1247 13344 36 16229 23316 128 20 1812 321 51767 35 39 2095 671 66 31 60 33 119 1407 503 4685 10723 1201 7720 245 431 4825
leaf_count=61 841 3112 1247 13344 36 16229 23316 128 20 1812 321 51767 35 39 2095 671 66 31 60 33 119 1407 503 4685 10723 1201 7720 245 431 4825
internal_value=1.47385e-07 -1.64114e-07 1.03049e-05 -1.08604e-06 3.89897e-05 -1.7856e-06 1.90201e-06 4.02743e-06 3.66605e-05 1.57169e-06 3.4995e-06 -2.08878e-06 4.75579e-05 5.91041e-05 7.34015e-06 1.18348e-05 1.61695e-05 1.8481e-05 4.3185e-05 5.97152e-05 7.60277e-05 5.6007e-06 9.32969e-06 5.47584e-06 2.98288e-06 1.36752e-07 -2.79131e-06 5.00537e-05 5.252e-06 7.44255e-06
internal_weight=147123 142459 4664 99509 342 79668 42950 19634 222 19841 19412 76917 202 167 4322 2227 1556 1490 243 183 152 2751 1910 6497 19091 17430 59487 281 8368 5256
internal_count=147123 142459 4664 99509 342 79668 42950 19634 222 19841 19412 76917 202 167 4322 2227 1556 1490 243 183 152 2751 1910 6497 19091 17430 59487 281 8368 5256
is_linear=0
shrinkage=0.03


Tree=104
num_leaves=31
num_cat=0
split_feature=1 6 13 12 17 9 23 18 4 4 7 13 11 0 6 10 12 7 4 6 4 21 0 21 11 6 6 7 9 17
split_gain=0.000524411 0.000292172 0.000286921 0.000276766 0.000276961 0.000218231 0.000373961 0.000189645 0.000151132 0.00014722 0.000338292 0.000143627 0.000147739 0.000141145 0.000119936 0.000335118 0.000173169 0.000376049 0.00022335 0.000179222 0.000169187 0.000163615 0.00018116 0.000118223 0.000168555 0.000117916 0.000139386 0.000116597 0.000110669 0.000104977
threshold=-0.0045111074987689284 113557.20150000001 397.58464285714223 0.0055426614884636852 0.6712706461173984 0.009804215326602141 3.5000000000000004 0.52129235399782348 0.0026671735389325328 0.027538080509481148 63015.956500000008 88.178571428571715 0.0033960602871971122 0.0039360394332529367 78807.179000000004 -0.01659631688478563 0.003063864875755707 90142.400750000015 -0.015250106529035688 82803.049000000014 0.017328087116409211 74.883528490062247 -0.0015573963129386079 29.469040198368671 0.0024078237317037708 102320.88750000001 103734.89650000002 56121.878500000013 -0.0028181370197491447 0.65364801692983687
decision_type=2 2 2 2 2 2 2 2 2 2 2 2 2 2 2 2 2 2 2 2 2 2 2 2 2 2 2 2 2 2
left_child=3 2 5 23 -5 7 9 11 27 10 -7 -2 -13 14 15 -4 17 18 -16 -20 25 22 -21 24 -1 28 -27 -9 -18 -22
right_child=1 -3 13 4 -6 6 -8 8 -10 -11 -12 12 -14 -15 16 -17 20 -19 19 21 29 -23 -24 -25 -26 26 -28 -29 -30 -31
leaf_value=4.9806622276570112e-06 -1.3009838371399464e-06 -3.584915989136532e-06 9.7356894607063932e-05 0 8.2854232391807488e-05 6.9213294118496908e-05 -1.209495664920694e-05 1.1737992460811134e-05 1.0691079044751949e-06 0 1.0000685079783407e-05 2.3449952029765195e-06 -1.6571144128853357e-05 -9.4761051120362646e-07 0 0 0 4.8169016826479958e-06 0 0 0 0 0.00013481100810834725 2.5067812838905847e-06 2.8980465321992537e-05 5.3118595230799229e-05 0 -2.339573966351089e-06 -1.6283972791512257e-05 3.6096032557370755e-05
leaf_weight=1258 13750 19476 66 38 99 185 233 469 17614 133 500 42029 338 543 62 198 418 923 45 24 81 28 73 2674 595 57 166 44189 677 182
leaf_count=1258 13750 19476 66 38 99 185 233 469 17614 133 500 42029 338 543 62 198 418 923 45 24 81 28 73 2674 595 57 166 44189 677 182
internal_value=1.47031e-07 -1.56336e-07 3.62234e-07 1.00562e-05 5.60712e-05 8.72551e-08 1.3701e-05 -8.2721e-09 -1.17301e-06 2.47163e-05 3.03791e-05 1.23076e-06 2.12324e-06 8.78522e-06 1.15468e-05 3.50752e-05 8.17887e-06 1.71283e-05 5.31598e-05 7.09772e-05 0 9.02179e-05 0.000109557 7.99979e-06 1.43071e-05 -2.68249e-06 1.26437e-05 -2.12453e-06 -8.54406e-06 2.32958e-05
internal_weight=147123 142459 122983 4664 137 119440 1051 118389 62272 818 685 56117 42367 3543 3000 264 2736 1155 232 170 1581 125 97 4527 1853 1318 223 44658 1095 263
internal_count=147123 142459 122983 4664 137 119440 1051 118389 62272 818 685 56117 42367 3543 3000 264 2736 1155 232 170 1581 125 97 4527 1853 1318 223 44658 1095 263
is_linear=0
shrinkage=0.03


Tree=105
num_leaves=31
num_cat=0
split_feature=9 12 2 2 6 6 23 23 2 6 6 4 18 23 16 9 4 10 10 12 14 12 6 6 3 14 3 17 4 20
split_gain=0.000509762 0.000293888 0.000324498 0.000287801 0.000280891 0.000216389 0.000173409 0.000181994 0.000160494 0.000157049 0.000140114 0.000173136 0.000137868 0.000134383 0.000246659 0.000140829 0.000235569 0.000137119 0.000123693 0.000123479 0.000115734 0.000110337 0.000168309 0.000101744 9.33426e-05 0.000157678 9.53914e-05 9.13787e-05 9.01815e-05 9.00272e-05
threshold=-0.0028877029894563418 0.0055426614884636852 -0.0078490442514860797 0.0060968548402662312 79741.367000000013 113557.20150000001 4.5000000000000009 5.5000000000000009 -0.0021693761250210493 98549.148000000001 101013.97550000002 0.0093274237327664062 0.49527871007329 3.5000000000000004 0.69553426421880504 0.0087252951956947617 0.027538080509481148 0.010019150625262043 0.0032946619160628692 0.0017853733630040624 0.0022977264447584566 0.0035408531819947973 83456.545500000022 111276.36450000001 0.0064043789605654497 0.0022977264447584566 0.0022322160798265993 3.2844584992446344 0.0026671735389325328 0.2569365962089562
decision_type=2 2 2 2 2 2 2 2 2 2 2 2 2 2 2 2 2 2 2 2 2 2 2 2 2 2 2 2 2 2
left_child=1 8 -3 5 13 6 12 -8 29 18 11 -11 24 14 -5 -16 17 -17 -6 -13 -19 -10 -23 -9 25 -2 -27 -22 -14 -1
right_child=3 2 -4 4 9 -7 7 23 21 10 -12 19 28 -15 15 16 -18 20 -20 -21 27 22 -24 -25 -26 26 -28 -29 -30 -31
leaf_value=7.9677219553380636e-06 1.4173634442783538e-06 7.9613853272059046e-05 0 0 -1.4838340034226588e-05 -3.8524881585026916e-06 -4.2187235924382387e-06 -1.6864303070108307e-07 -2.1984284881818169e-06 0 1.8474139569016675e-06 0 -1.7373759365689972e-06 0 1.0284389425194435e-05 0 0 0 0 7.4008935838251402e-05 7.7767589749541292e-05 5.6380873765143991e-05 0 1.409234635727448e-05 -3.2951154187844879e-06 1.0699573539761837e-05 0 0 1.202703214316648e-06 2.0542771456540458e-06
leaf_weight=8237 26651 105 140 226 630 18022 17190 15510 3885 118 1155 30 25272 457 530 61 83 20 1412 92 231 73 157 459 2343 3166 1530 28 13813 5497
leaf_count=8237 26651 105 140 226 630 18022 17190 15510 3885 118 1155 30 25272 457 530 61 83 20 1412 92 231 73 157 459 2343 3166 1530 28 13813 5497
internal_value=1.47363e-07 4.87852e-06 3.90688e-05 -4.9285e-07 6.44644e-06 -8.01053e-07 -2.53606e-07 -2.07081e-06 4.24092e-06 6.41232e-07 9.09288e-06 3.14516e-05 5.33158e-07 1.68079e-05 2.22391e-05 2.90649e-05 4.54975e-05 5.6556e-05 -3.66363e-06 5.67572e-05 6.58773e-05 -2.98123e-07 1.87497e-05 5.34862e-08 1.96184e-06 2.45048e-06 7.67471e-06 7.12518e-05 -6.21569e-07 5.81935e-06
internal_weight=147123 18094 245 129029 5073 123956 105934 33159 17849 3437 1395 240 72775 1636 1179 953 423 340 2042 122 279 4115 230 15969 33690 31347 4696 259 39085 13734
internal_count=147123 18094 245 129029 5073 123956 105934 33159 17849 3437 1395 240 72775 1636 1179 953 423 340 2042 122 279 4115 230 15969 33690 31347 4696 259 39085 13734
is_linear=0
shrinkage=0.03


Tree=106
num_leaves=31
num_cat=0
split_feature=13 5 22 22 23 10 22 10 23 21 23 20 22 22 22 6 22 22 22 22 1 22 2 21 4 11 16 13 5 19
split_gain=0.000488585 0.00029351 0.000280034 0.000796044 0.000469426 0.000250489 0.000252934 0.000243366 0.000267819 0.00022797 0.000246147 0.000384837 0.000217084 0.00146295 0.000199075 0.00019588 0.000186876 0.000163732 0.000140591 0.000165923 0.000140447 0.00013098 0.00046949 0.000253347 0.000241608 0.000487323 0.000380859 0.000228942 0.000151487 0.000125544
threshold=364.82142857142964 78842.133000000016 11.500000000000002 14.500000000000002 4.5000000000000009 0.0029281555173575895 12.500000000000002 0.0061799445646025805 5.5000000000000009 65.840331674769047 1.5000000000000002 0.022429162950535819 12.500000000000002 14.500000000000002 2.5000000000000004 57730.136000000006 20.500000000000004 22.500000000000004 2.5000000000000004 9.5000000000000018 -0.0014133303801588391 18.500000000000004 -0.0018044799384469565 31.668133191409641 0.0084163451214766 0.0047647750666872527 2.0874571168243001 397.58464285714223 87291.03300000001 0.13852443221548483
decision_type=2 2 2 2 2 2 2 2 2 2 2 2 2 2 2 2 2 2 2 2 2 2 2 2 2 2 2 2 2 2
left_child=2 9 14 4 5 6 -4 8 20 10 11 -2 -13 -14 15 -1 -10 -18 -3 -20 -5 24 23 27 -21 -26 28 -23 -27 -16
right_child=1 18 3 7 -6 -7 -8 -9 16 -11 -12 12 13 -15 29 -17 17 -19 19 21 -22 22 -24 -25 25 26 -28 -29 -30 -31
leaf_value=1.8376050502852454e-05 0 2.2371124698827591e-05 4.5319341878343895e-06 5.6102269134118206e-07 -2.4705015302241959e-07 1.7582801902156358e-06 1.6703296135685316e-05 4.8072667543926404e-06 0 0 0 5.5591408484317011e-06 0.00024786269585403228 1.6027460458551185e-05 -3.9687090639210096e-06 3.5935967038657385e-07 1.6478044113002958e-05 0 -1.1215785570667146e-05 2.4253133286484752e-06 -3.5323822605818658e-06 0 -1.7128776524243906e-05 0 9.391694847406496e-06 0 0 6.8109340853629726e-05 0.0001350127089589908 -9.0384168608215664e-07
leaf_weight=581 40 482 3192 8535 5244 3280 5672 6140 4785 112 142 131 45 134 26308 17245 1520 693 496 2466 29535 48 800 367 833 34 25 134 72 28032
leaf_count=581 40 482 3192 8535 5244 3280 5672 6140 4785 112 142 131 45 134 26308 17245 1520 693 496 2466 29535 48 800 367 833 34 25 134 72 28032
internal_value=1.46872e-07 8.29111e-06 -1.99857e-07 1.14785e-06 6.71039e-06 9.96175e-06 1.26588e-05 -6.82371e-07 -1.49685e-06 2.94565e-05 3.84981e-05 5.21154e-05 6.46781e-05 9.11663e-05 -1.52246e-06 1.11497e-06 3.72685e-06 1.09507e-05 5.54895e-06 3.44273e-06 -2.53587e-06 5.59204e-06 -4.03292e-07 1.85042e-05 8.82452e-06 2.20806e-05 7.98148e-05 4.77975e-05 0.000105366 -2.44287e-06
internal_weight=147123 6361 140762 68596 17388 12144 8864 51208 45068 604 492 350 310 179 72166 17826 6998 2213 5757 5275 38070 4779 1349 549 3430 964 131 182 106 54340
internal_count=147123 6361 140762 68596 17388 12144 8864 51208 45068 604 492 350 310 179 72166 17826 6998 2213 5757 5275 38070 4779 1349 549 3430 964 131 182 106 54340
is_linear=0
shrinkage=0.03


Tree=107
num_leaves=31
num_cat=0
split_feature=9 8 10 1 19 13 17 19 11 1 5 22 22 3 5 13 1 8 10 23 1 15 19 0 19 22 22 23 22 11
split_gain=0.000467118 0.000294147 0.000264918 0.000307613 0.000228385 0.000196658 0.000186353 0.00017362 0.000171536 0.000300741 0.000139995 0.000134649 0.000399838 0.000176474 0.000158575 0.000134543 0.000115688 0.00014325 0.000115107 0.000110946 0.000109519 0.00010514 9.75576e-05 9.65053e-05 9.44695e-05 9.38174e-05 0.000215441 0.000160878 0.000321319 0.000113554
threshold=-0.0028877029894563418 54297.348166666678 0.0024797827242030173 0.0041056786841764401 0.091243304846385362 183.91107142857075 1.0470498523039622 0.038606713101137995 0.0025537207728633855 -0.00099416725212747559 58059.65600000001 14.500000000000002 12.500000000000002 0.0017004900190801255 114477.37900000002 448.17535714285788 0.0013590498901114858 94184.950583333339 -0.0019356299646108297 1.5000000000000002 0.0068250076233444821 1.0266747899122171 0.28993209230318423 8.4626553447209054e-05 0.034424381445692216 10.500000000000002 14.500000000000002 4.5000000000000009 12.500000000000002 0.0013994159180663391
decision_type=2 2 2 2 2 2 2 2 2 2 2 2 2 2 2 2 2 2 2 2 2 2 2 2 2 2 2 2 2 2
left_child=1 7 5 21 -3 10 15 -1 -8 -10 18 12 -7 14 20 -6 17 24 -2 -5 -14 -4 -9 -23 -13 -12 27 28 -27 -30
right_child=2 4 3 19 6 11 8 22 9 -11 25 16 13 -15 -16 -17 -18 -19 -20 -21 -22 23 -24 -25 -26 26 -28 -29 29 -31
leaf_value=0 -1.1072889709156091e-06 0 -4.1741995890430153e-07 1.7323711343396588e-05 0 0 7.1599386645446171e-06 0.00011061687924696583 3.2382159169142015e-05 0 -3.379093766983584e-06 0 2.7679224464608793e-05 0 0 1.7082346584505453e-05 -5.7547849096671805e-06 -9.9594635188560955e-07 1.012667335643029e-05 3.8059746334920921e-06 0 0 0 5.17317163018149e-06 1.3769538425315959e-05 3.0169772266339488e-07 -2.8334259421621565e-06 -1.5199600028345596e-06 1.8322852534306952e-05 0
leaf_weight=22 919 6599 24461 1414 4609 5019 5193 48 794 318 37929 291 1196 644 233 468 2911 3454 1508 2190 29 5017 43 7131 1175 4646 21966 4901 1720 275
leaf_count=22 919 6599 24461 1414 4609 5019 5193 48 794 318 37929 291 1196 644 233 468 2911 3454 1508 2190 29 5017 43 7131 1175 4646 21966 4901 1720 275
internal_value=1.4809e-07 4.67746e-06 -4.63825e-07 1.521e-06 4.19287e-06 -1.39627e-06 6.76989e-06 5.51901e-05 1.03381e-05 2.24806e-05 -2.04978e-06 1.63147e-06 4.68668e-06 1.56715e-05 2.15174e-05 1.74757e-06 -7.63671e-07 1.57972e-06 4.63694e-06 9.94227e-06 2.58369e-05 6.09995e-07 7.41401e-05 2.92572e-06 9.69407e-06 -2.31896e-06 -1.02941e-06 2.14396e-06 5.29961e-06 1.54346e-05
internal_weight=147123 18094 129029 40213 17981 88816 11382 113 6305 1112 73864 14952 7121 2102 1458 5077 7831 4920 2427 3604 1225 36609 91 12148 1466 71437 33508 11542 6641 1995
internal_count=147123 18094 129029 40213 17981 88816 11382 113 6305 1112 73864 14952 7121 2102 1458 5077 7831 4920 2427 3604 1225 36609 91 12148 1466 71437 33508 11542 6641 1995
is_linear=0
shrinkage=0.03


Tree=108
num_leaves=31
num_cat=0
split_feature=1 22 22 23 6 10 2 12 17 23 7 23 3 11 22 11 21 22 3 22 12 22 12 23 11 9 12 21 21 11
split_gain=0.000444748 0.000267064 0.000849764 0.000490611 0.00030973 0.000308959 0.000276719 0.000234538 0.000249898 0.00021915 0.000195552 0.000263335 0.000374789 0.00020883 0.000194756 0.000262811 0.000181033 0.000173503 0.000166515 0.000148377 0.000225657 0.000146154 0.000197324 0.000510391 0.000312102 0.000675517 0.000337504 0.000171532 0.000168624 0.000198987
threshold=-0.0045111074987689284 11.500000000000002 14.500000000000002 4.5000000000000009 55085.566000000006 0.0063290996243757789 0.014388747440676199 0.0055426614884636852 0.6712706461173984 5.5000000000000009 114458.91050000001 3.5000000000000004 0.0040100221469356887 0.00066449272360838234 2.5000000000000004 0.0033960602871971122 21.60174966395358 12.500000000000002 -0.0065476126734237408 20.500000000000004 0.0020859230529649774 3.5000000000000004 0.0017508597517799419 1.0000000180025095e-35 0.0016716934794898633 0.0013482195454656012 0.0020613567220216689 76.985495369467699 56.500987184516212 0.0022780748846649751
decision_type=2 2 2 2 2 2 2 2 2 2 2 2 2 2 2 2 2 2 2 2 2 2 2 2 2 2 2 2 2 2
left_child=7 6 3 4 -3 9 14 18 -9 -4 11 17 13 -13 -2 21 -15 -6 -1 -11 -21 27 -23 24 25 -24 -27 -16 29 -26
right_child=1 2 5 -5 10 -7 -8 8 -10 19 -12 12 -14 16 15 -17 -18 -19 -20 20 -22 22 23 -25 28 26 -28 -29 -30 -31
leaf_value=1.2547358542388811e-05 1.0480751165755819e-06 0.00010419276664597561 -2.5324378471253832e-06 -2.6155414242295351e-07 1.208556119265071e-06 5.1650801020014179e-06 3.6404237932795393e-05 0 7.7455814454519394e-05 0 0 0 0 0 -8.3236112465056505e-06 -2.987777932523704e-05 3.4961989029743553e-05 1.1388630642543204e-05 0 1.3973777914551694e-05 -9.8959208936778803e-06 -2.1462424442950128e-06 0 -2.4168241758478679e-07 0 0.00025949241814251795 1.5756355326268689e-05 1.1870892198169545e-05 0 5.6330326539427826e-05
leaf_weight=2491 17747 38 39073 5183 3030 6842 167 38 99 4778 1432 182 513 44 5670 331 1361 5631 2036 1922 286 45113 108 2114 191 25 51 288 221 118
leaf_count=2491 17747 38 39073 5183 3030 6842 167 38 99 4778 1432 182 513 44 5670 331 1361 5631 2036 1922 286 45113 108 2114 191 25 51 288 221 118
internal_value=1.45212e-07 -1.32503e-07 1.1598e-06 6.92391e-06 1.02141e-05 -6.8094e-07 -1.43362e-06 9.27087e-06 5.19238e-05 -1.6145e-06 9.67429e-06 1.10635e-05 2.15528e-05 2.87611e-05 -1.56314e-06 -2.473e-06 3.26819e-05 8.17362e-06 7.31627e-06 3.0901e-06 9.52302e-06 -2.24899e-06 -1.61537e-06 5.79224e-06 2.7856e-05 6.55528e-05 0.00013559 -6.84374e-06 9.09963e-06 2.51592e-05
internal_weight=147123 142459 70315 17414 12231 52901 72144 4664 137 46059 12193 10761 2100 1587 71977 54230 1405 8661 4527 6986 2208 53899 47941 2828 714 184 76 5958 530 309
internal_count=147123 142459 70315 17414 12231 52901 72144 4664 137 46059 12193 10761 2100 1587 71977 54230 1405 8661 4527 6986 2208 53899 47941 2828 714 184 76 5958 530 309
is_linear=0
shrinkage=0.03


Tree=109
num_leaves=31
num_cat=0
split_feature=13 5 22 22 23 2 21 23 22 22 10 23 2 10 22 5 22 12 5 10 22 13 23 13 3 22 22 7 8 8
split_gain=0.000434713 0.00026882 0.000237485 0.000675875 0.00040408 0.000229952 0.000216466 0.000226435 0.000233102 0.00165315 0.000209879 0.000238465 0.000177027 0.00017516 0.000162892 0.000231707 0.000162713 0.000157324 0.000154105 0.000161503 0.00015372 0.000144861 0.000257809 0.000242715 0.000129513 0.000129396 0.000152643 0.000130909 0.000179823 0.000165404
threshold=364.82142857142964 78842.133000000016 11.500000000000002 14.500000000000002 4.5000000000000009 0.0031801469720338375 65.840331674769047 1.5000000000000002 12.500000000000002 14.500000000000002 0.0061799445646025805 5.5000000000000009 0.011456933127738768 0.01317749502348642 1.5000000000000002 56636.97600000001 20.500000000000004 0.001163993439904568 104479.83100000001 0.006675745786749899 22.500000000000004 86.257857142857986 1.0000000180025095e-35 266.82749999999896 0.0071569422079066367 2.5000000000000004 9.5000000000000018 87078.795500000007 103595.89866666668 97565.598000000027
decision_type=2 2 2 2 2 2 2 2 2 2 2 2 2 2 2 2 2 2 2 2 2 2 2 2 2 2 2 2 2 2
left_child=2 6 12 4 5 17 7 8 -2 -10 11 -5 14 -14 15 21 -13 -4 19 -19 -18 -1 -23 -24 -17 27 -27 -3 29 -29
right_child=1 25 3 10 -6 -7 -8 -9 9 -11 -12 16 13 -15 -16 24 20 18 -20 -21 -22 22 23 -25 -26 26 -28 28 -30 -31
leaf_value=0 0 0 6.4595333038365026e-06 -2.3682637706564085e-06 -2.328808890637428e-07 0 0 0 0.00023857030547879627 6.5119909034678123e-06 4.4657051634457236e-06 0 0 4.5350844767678693e-05 -2.1742450783505117e-06 1.5907867802209229e-06 1.5650165691799803e-05 2.0748468890996565e-05 2.7958006252449361e-06 0 0 0 0.00010836861044790646 0 -1.5403359233482938e-05 -1.0906535444307618e-05 5.2190300165142015e-06 0 0 6.7740822524272852e-05
leaf_weight=56 149 79 5392 38070 5244 1944 112 142 45 156 6140 4785 67 142 60155 11209 1520 3314 1189 305 693 48 69 21 399 496 4779 158 104 141
leaf_count=56 149 79 5392 38070 5244 1944 112 142 45 156 6140 4785 67 142 60155 11209 1520 3314 1189 305 693 48 69 21 399 496 4779 158 104 141
internal_value=1.44205e-07 7.82663e-06 -1.81654e-07 1.05752e-06 6.18429e-06 9.20236e-06 2.81082e-05 3.69565e-05 5.00184e-05 7.34761e-05 -6.24732e-07 -1.38482e-06 -1.4011e-06 2.53727e-05 -1.52059e-06 1.5569e-06 3.5365e-06 1.10051e-05 1.54786e-05 1.88164e-05 1.0282e-05 3.44716e-05 5.11293e-05 8.11303e-05 7.48082e-07 5.17722e-06 3.13388e-06 2.13115e-05 2.89045e-05 4.08297e-05
internal_weight=147123 6361 140762 68596 17388 12144 604 492 350 201 51208 45068 72166 209 71957 11802 6998 10200 4808 3619 2213 194 138 90 11608 5757 5275 482 403 299
internal_count=147123 6361 140762 68596 17388 12144 604 492 350 201 51208 45068 72166 209 71957 11802 6998 10200 4808 3619 2213 194 138 90 11608 5757 5275 482 403 299
is_linear=0
shrinkage=0.03


Tree=110
num_leaves=31
num_cat=0
split_feature=9 8 6 22 22 13 4 16 23 16 19 14 23 23 11 18 19 23 21 7 22 8 10 22 11 23 17 23 22 8
split_gain=0.000420405 0.000268694 0.000234591 0.000249979 0.000449586 0.000431377 0.000519442 0.000333506 0.000270545 0.000250377 0.000215626 0.000231921 0.000189589 0.000232531 0.000181015 0.000167882 0.00016359 0.000155561 0.00026054 0.000163699 0.000256407 0.000156211 0.000148782 0.000148308 0.000193968 0.000197082 0.000272748 0.000328429 0.000146195 0.000151225
threshold=-0.0028877029894563418 54297.348166666678 113557.20150000001 10.500000000000002 17.500000000000004 566.50642857142941 0.0045541044678136808 0.52098841907506599 4.5000000000000009 2.0874571168243001 0.091243304846385362 0.0044274047504648641 5.5000000000000009 3.5000000000000004 0.0047647750666872527 0.68642651397959031 0.038606713101137995 3.5000000000000004 67.340727743873472 83881.809250000006 11.500000000000002 85244.457583333337 0.0065079897347554158 2.5000000000000004 0.0030182305929653207 1.5000000000000002 0.81902360642647909 3.5000000000000004 20.500000000000004 95692.845250000028
decision_type=2 2 2 2 2 2 2 2 2 2 2 2 2 2 2 2 2 2 2 2 2 2 2 2 2 2 2 2 2 2
left_child=1 16 3 23 5 8 -7 -8 17 14 -3 -12 13 22 -9 -13 -1 -5 19 20 -19 -21 -6 24 -2 -26 -27 -28 -14 -30
right_child=2 10 -4 4 12 6 7 9 -10 -11 11 15 28 -15 -16 -17 -18 18 -20 21 -22 -23 -24 -25 25 26 27 -29 29 -31
leaf_value=0 3.1836917597743688e-07 0 -3.5899318274666005e-06 3.8092732854477663e-06 -1.5308110433362142e-06 0 0 0 -3.9231702089650459e-07 0 4.1289104249176324e-06 2.163064583045188e-05 0 -6.4892279206353926e-06 0.00013763232941953248 0 7.1254143545362045e-05 0 -1.0571745174924165e-06 -1.179704206626391e-05 3.0731638706893236e-05 1.0970277998369172e-05 6.3407407214104086e-06 -2.4053138374755389e-06 0 0 0.0001250279921761968 0 0 2.0373064925735957e-05
leaf_weight=22 13542 6599 18255 16819 12825 82 33 59 9678 21 9482 1444 1996 8142 87 456 91 192 841 191 1050 2034 2583 38458 182 56 58 29 972 844
leaf_count=22 13542 6599 18255 16819 12825 82 33 59 9678 21 9482 1444 1996 8142 87 456 91 192 841 191 1050 2034 2583 38458 182 56 58 29 972 844
internal_value=1.43719e-07 4.44131e-06 -4.35693e-07 5.70304e-08 1.43125e-06 3.9242e-06 4.18468e-05 6.93187e-05 3.47952e-06 8.68924e-05 3.97027e-06 6.47702e-06 -1.29146e-06 -2.38173e-06 0.000100886 1.66156e-05 5.27994e-05 5.39515e-06 1.08901e-05 1.46533e-05 2.47519e-05 7.66717e-06 -1.64873e-08 -1.42069e-06 1.09369e-06 2.41615e-05 5.06533e-05 8.3867e-05 4.65699e-06 1.08615e-05
internal_weight=147123 18094 129029 110774 58449 31087 282 200 30805 167 17981 11382 27362 23550 146 1900 113 21127 4308 3467 1242 2225 15408 52325 13867 325 143 87 3812 1816
internal_count=147123 18094 129029 110774 58449 31087 282 200 30805 167 17981 11382 27362 23550 146 1900 113 21127 4308 3467 1242 2225 15408 52325 13867 325 143 87 3812 1816
is_linear=0
shrinkage=0.03


Tree=111
num_leaves=31
num_cat=0
split_feature=9 10 10 1 19 7 7 18 14 21 18 11 7 2 11 22 23 22 21 20 13 20 11 22 21 5 17 23 13 7
split_gain=0.000396353 0.000237064 0.000225811 0.000266122 0.000215669 0.000214767 0.000348385 0.000181196 0.000142058 0.000137985 0.000132681 0.000130816 0.000138819 0.000124427 0.000161251 0.000157285 0.000129107 0.000301215 0.000118978 0.000114323 0.000112277 0.000110574 0.000113752 0.000105572 0.000115667 0.000104737 0.000101325 9.93406e-05 9.73591e-05 9.68148e-05
threshold=-0.0028877029894563418 -0.024614492365034209 0.0024797827242030173 0.0041056786841764401 0.091243304846385362 104610.69000000002 54322.742000000006 0.43572077524528702 0.0043061855351572186 21.60174966395358 0.6789962460234823 0.0058525663598974148 101558.93350000001 0.011456933127738768 0.0016716934794898633 12.500000000000002 1.0000000180025095e-35 7.5000000000000009 59.322280453528712 0.4678703212090069 356.32678571428352 0.0062957321442171687 0.0022780748846649751 17.500000000000004 70.267536628192673 58059.65600000001 0.88847598871784628 1.5000000000000002 144.39678571428576 94500.673500000019
decision_type=2 2 2 2 2 2 2 2 2 2 2 2 2 2 2 2 2 2 2 2 2 2 2 2 2 2 2 2 2 2
left_child=1 5 7 13 -3 6 -1 25 26 -8 11 12 20 14 16 18 17 -4 -16 23 -10 -22 -23 -17 -25 -2 -6 -5 -27 -18
right_child=2 4 3 27 8 -7 9 -9 10 -11 -12 -13 -14 -15 15 19 29 -19 -20 -21 21 22 -24 24 -26 28 -28 -29 -30 -31
leaf_value=0.00010025768780819805 9.3502821924500056e-06 -4.4314643889263857e-07 1.592424243356381e-05 1.6233919214291152e-05 0 0.00014079360375500842 2.383308806266836e-05 -2.3321241631780668e-06 9.6998736733114597e-06 -5.1272897248832068e-06 0 0 0 2.353438757662142e-05 0 4.8157407399420846e-07 2.6712748686060479e-06 0 -1.4558570097022575e-05 8.7085879090947982e-06 0 0 4.8797656895834664e-05 -1.2534641953942213e-05 2.4945575439103023e-07 -1.067237663566498e-06 6.2890390754558941e-06 3.3614302115736778e-06 2.4721571542679822e-06 -1.0744826029991324e-06
leaf_weight=42 1140 6444 1744 1414 3024 21 206 55897 584 286 448 68 210 215 913 2382 10722 2651 1594 991 22 39 415 1440 390 21437 6285 2190 10342 13567
leaf_count=42 1140 6444 1744 1414 3024 21 206 55897 584 286 448 68 210 215 913 2382 10722 2651 1594 991 22 39 415 1440 390 21437 6285 2190 10342 13567
internal_value=1.40622e-07 4.31386e-06 -4.21351e-07 1.40858e-06 3.50181e-06 2.45662e-05 1.4353e-05 -1.28366e-06 6.06343e-06 9.04454e-07 1.45548e-05 1.92875e-05 2.20141e-05 5.55193e-07 3.36947e-07 -3.40204e-06 1.44655e-06 6.24079e-06 -9.59455e-06 0 2.64287e-05 4.06456e-05 4.4173e-05 -2.56562e-06 -8.17104e-06 4.05511e-07 4.1119e-06 9.24454e-06 0 4.55516e-07
internal_weight=147123 18094 129029 40213 17539 555 534 88816 11095 492 1786 1338 1270 36609 36394 7710 28684 4395 2507 5203 1060 476 454 4212 1830 32919 9309 3604 31779 24289
internal_count=147123 18094 129029 40213 17539 555 534 88816 11095 492 1786 1338 1270 36609 36394 7710 28684 4395 2507 5203 1060 476 454 4212 1830 32919 9309 3604 31779 24289
is_linear=0
shrinkage=0.03


Tree=112
num_leaves=31
num_cat=0
split_feature=1 18 14 12 17 10 2 8 2 22 1 5 20 11 12 4 11 7 9 7 13 9 20 1 7 9 10 9 10 7
split_gain=0.000381574 0.00022618 0.000301064 0.000206343 0.000226597 0.000195887 0.000201611 0.000160666 0.000137661 0.00012027 0.000122468 0.000164542 0.000130995 0.000111413 0.000174336 0.000101886 9.75582e-05 9.66018e-05 9.62692e-05 8.90446e-05 8.85835e-05 9.22613e-05 8.85351e-05 8.71123e-05 8.47358e-05 0.000112957 8.15071e-05 8.10405e-05 8.02294e-05 7.31587e-05
threshold=-0.0045111074987689284 0.43572077524528702 0.004696054687649027 0.0055426614884636852 0.6712706461173984 0.0024797827242030173 0.0022607325875144695 56602.265416666669 -0.0011449144531231468 17.500000000000004 0.0023799786546732098 101299.22700000001 0.030918206651036624 0.0047647750666872527 0.0029607861990862223 -0.0074145585170469199 0.001270055784363367 60767.888750000006 0.0010102169606899249 65967.123250000019 161.11142857142738 -0.00042458852370130801 0.40539277602843865 0.0048313663767312063 97443.117750000019 -0.00014850190273807404 -0.0027179050765355202 0.0025401065213116474 -0.0070238443386360086 56121.878500000013
decision_type=2 2 2 2 2 2 2 2 2 2 2 2 2 2 2 2 2 2 2 2 2 2 2 2 2 2 2 2 2 2
left_child=3 2 17 13 -5 7 -7 16 26 10 18 12 -12 14 15 -1 -3 -2 22 29 -19 -22 -4 -18 25 -21 -9 -15 -10 -16
right_child=1 5 9 4 -6 6 -8 8 28 -11 11 -13 -14 27 19 -17 23 20 -20 24 21 -23 -24 -25 -26 -27 -28 -29 -30 -31
leaf_value=9.5084117658864442e-06 5.007466598007155e-06 0 3.2424692676717891e-05 0 7.3131309075017412e-05 -8.6603536685972459e-07 4.60724713574993e-06 1.8137419918178614e-06 -9.5307730214903861e-06 0 0 0 5.3726049527490853e-05 -2.2576304198941019e-05 3.0159186851980286e-05 0 2.9056269430874652e-05 -3.9071513935708515e-07 -2.5688227379790766e-06 4.4498070931734526e-05 4.7642110426084289e-06 3.1727784822029165e-08 0 0 0 0 -1.9690912716090405e-06 0 -2.73370332883629e-06 -1.248156806669449e-05
leaf_weight=1861 5057 333 170 38 99 15016 9498 9909 2065 332 30 46 275 176 56 1809 310 30405 145 316 7504 9979 191 53 121 64 10512 29 40629 95
leaf_count=1861 5057 333 170 38 99 15016 9498 9909 2065 332 30 46 275 176 56 1809 310 30405 145 316 7504 9979 191 53 121 64 10512 29 40629 95
internal_value=1.40211e-07 -1.1548e-07 1.38752e-06 8.59317e-06 4.87681e-05 -1.07063e-06 1.13223e-06 -1.9639e-06 -2.16235e-06 1.64838e-05 2.24333e-05 3.87827e-05 4.7077e-05 6.71364e-06 8.15591e-06 4.56745e-06 1.17193e-05 9.91806e-07 5.15902e-06 2.37505e-05 5.05094e-07 2.2346e-06 1.65708e-05 2.24747e-05 2.98997e-05 3.71379e-05 0 -9.05585e-06 -3.13275e-06 0
internal_weight=147123 142459 54134 4664 137 88325 24514 63811 63115 1189 857 351 305 4527 4322 3670 696 52945 506 652 47888 17483 361 363 501 380 20421 205 42694 151
internal_count=147123 142459 54134 4664 137 88325 24514 63811 63115 1189 857 351 305 4527 4322 3670 696 52945 506 652 47888 17483 361 363 501 380 20421 205 42694 151
is_linear=0
shrinkage=0.03


Tree=113
num_leaves=31
num_cat=0
split_feature=1 6 22 22 13 10 2 3 13 17 10 12 22 2 22 10 22 11 22 22 2 6 13 8 13 3 8 6 5 22
split_gain=0.000361414 0.000224819 0.000235907 0.000748857 0.000338423 0.000289569 0.000237607 0.000208099 0.000186197 0.000177539 0.000177532 0.000187109 0.000166 0.00014955 0.000189047 0.000129082 0.000151693 0.000123555 0.00016183 0.000118755 0.000172751 0.000170808 0.000239567 0.000115854 0.000171931 0.000161486 0.000112549 0.000323997 0.000205124 0.000112095
threshold=-0.0045111074987689284 113557.20150000001 11.500000000000002 14.500000000000002 427.49464285714259 0.0063290996243757789 0.014388747440676199 -0.020197045047089853 664.21678571428663 1.798481581824092 0.024736133886761217 0.0023639421582986719 1.5000000000000002 -0.0086659405674988071 12.500000000000002 0.01317749502348642 1.5000000000000002 0.0033960602871971122 2.5000000000000004 12.500000000000002 0.0035122957711910545 83885.266500000012 114.95857142857183 90739.035500000013 97.837857142857374 0.0031774182539195954 58475.495666666669 57229.717500000006 75951.253000000012 5.5000000000000009
decision_type=2 2 2 2 2 2 2 2 2 2 2 2 2 2 2 2 2 2 2 2 2 2 2 2 2 2 2 2 2 2
left_child=7 2 6 4 19 -5 12 9 -7 -1 11 -6 23 -13 -15 -8 -17 29 -19 20 21 22 -4 24 -2 -26 27 -24 -28 -14
right_child=1 -3 3 5 10 8 15 -9 -10 -11 -12 13 17 14 -16 16 -18 18 -20 -21 -22 -23 26 -25 25 -27 28 -29 -30 -31
leaf_value=0 -1.0091433455856843e-07 -3.1208253373866114e-06 1.782473804876649e-06 -1.1885028792939777e-06 0 4.6107530852080981e-06 0 5.721951991927615e-06 5.6567165753008929e-05 6.0337958632415218e-05 0 0 -3.3243979963081741e-06 0 6.8982486734847629e-05 0 8.1810918635535701e-05 0 -2.9945291673470924e-05 8.6575190232676715e-06 -1.5528712981589483e-05 0 0 0 1.5272929120576075e-05 0 0 0.00015582354146376299 3.6839714149921766e-05 -3.389407586676519e-07
leaf_weight=196 1617 19476 1146 39193 26 6289 66 4322 75 146 27 25 20553 31 242 32 67 101 326 9563 395 3145 37 5738 1967 841 200 31 199 31051
leaf_count=196 1617 19476 1146 39193 26 6289 66 4322 75 146 27 25 20553 31 242 32 67 101 326 9563 395 3145 37 5738 1967 841 200 31 199 31051
internal_value=1.3792e-07 -1.10365e-07 3.4199e-07 1.69229e-06 7.49506e-06 -1.61016e-07 -9.22629e-07 8.36466e-06 5.69533e-06 3.29809e-05 3.84526e-05 4.57687e-05 -1.06487e-06 5.3314e-05 5.99619e-05 3.44907e-05 5.6162e-05 -1.78295e-06 -1.85379e-05 6.55255e-06 2.06387e-06 4.15517e-06 1.20924e-05 2.31622e-06 5.99036e-06 1.05663e-05 3.09642e-05 8.25032e-05 1.46452e-05 -1.58614e-06
internal_weight=147123 142459 122983 60624 15067 45557 62359 4664 6364 342 351 324 62194 298 273 165 99 52031 427 14716 5153 4758 1613 10163 4425 2808 467 68 399 51604
internal_count=147123 142459 122983 60624 15067 45557 62359 4664 6364 342 351 324 62194 298 273 165 99 52031 427 14716 5153 4758 1613 10163 4425 2808 467 68 399 51604
is_linear=0
shrinkage=0.03


Tree=114
num_leaves=31
num_cat=0
split_feature=1 18 13 3 11 11 11 22 0 8 2 13 13 2 23 18 13 8 11 15 2 22 22 22 8 2 11 22 2 10
split_gain=0.000342934 0.000214114 0.000232661 0.000198127 0.000169751 0.000250883 0.000167756 0.000157222 0.000197325 0.000147715 0.000147107 0.000132113 0.000119121 0.000113084 0.000142808 0.000164934 0.000109381 0.00030342 0.00019722 0.000100692 9.48044e-05 9.44236e-05 8.47701e-05 0.000424755 0.000211036 0.000381749 0.000211143 0.000156134 0.0001517 9.78179e-05
threshold=-0.0045111074987689284 0.74085763809077465 427.49464285714259 -0.020197045047089853 0.0047647750666872527 0.0033960602871971122 0.0025537207728633855 17.500000000000004 0.0027872995724158582 60433.614666666675 0.0064507670331096509 341.11357142856917 88.788571428570734 -0.0049735109889119658 1.0000000180025095e-35 0.055114152866511383 282.25750000000028 100541.89741666667 0.0021734655549390403 1.1458908135298993 0.0045413072035626065 20.500000000000004 11.500000000000002 14.500000000000002 58475.495666666669 -0.00027893096389802746 0.0015685173936536621 12.500000000000002 -0.005442878365681302 0.0056168529718523272
decision_type=2 2 2 2 2 2 2 2 2 2 2 2 2 2 2 2 2 2 2 2 2 2 2 2 2 2 2 2 2 2
left_child=3 2 4 6 5 10 -1 8 13 -6 12 16 -2 -4 -15 -16 -12 18 -18 -3 -9 -20 -14 24 25 26 -24 -26 -28 -29
right_child=1 19 7 -5 9 -7 -8 20 -10 -11 11 -13 22 14 15 -17 17 -19 21 -21 -22 -23 23 -25 27 -27 28 29 -30 -31
leaf_value=0 -1.5297072197923104e-06 -2.8216694913766997e-06 0 5.5502973575643023e-06 6.1795165386632558e-05 -1.8936018145789246e-05 4.2421728756607746e-05 5.2479819452724706e-06 0 0 5.1778680409277248e-06 -2.6889981912535334e-06 -1.4528004007464441e-07 0 0 3.5189640633386724e-05 0 0 6.9129176172434654e-05 2.506078681460515e-07 -1.9069027536123141e-05 0 0 0 0 0 0 1.0040868452469786e-05 0.00012011162146877732 0
leaf_weight=61 24313 30757 232 4322 76 599 281 390 289 34 1538 404 32798 286 51 753 114 109 179 11482 205 35 93 28446 2793 175 21 5574 72 641
leaf_count=61 24313 30757 232 4322 76 599 281 390 289 34 1538 404 32798 286 51 753 114 109 179 11482 205 35 93 28446 2793 175 21 5574 72 641
internal_value=1.35122e-07 -1.06191e-07 6.26431e-07 8.14893e-06 3.77748e-07 3.04975e-07 3.22084e-05 1.03152e-05 1.52816e-05 3.78408e-05 4.54271e-07 7.86447e-06 2.36948e-07 2.04671e-05 2.45238e-05 3.12277e-05 1.15422e-05 2.70714e-05 4.2528e-05 -1.9155e-06 0 6.00058e-05 8.87717e-07 1.863e-06 7.40342e-06 3.20118e-05 6.19239e-05 6.08385e-06 9.85198e-05 8.73247e-06
internal_weight=147123 142459 100220 4664 98014 97904 342 2206 1611 110 97305 2379 94926 1322 1090 804 1975 437 328 42239 595 214 70613 37815 9369 361 186 9008 93 6215
internal_count=147123 142459 100220 4664 98014 97904 342 2206 1611 110 97305 2379 94926 1322 1090 804 1975 437 328 42239 595 214 70613 37815 9369 361 186 9008 93 6215
is_linear=0
shrinkage=0.03


Tree=115
num_leaves=31
num_cat=0
split_feature=9 8 6 22 22 13 4 16 16 2 2 10 5 5 7 11 14 21 12 17 22 11 8 6 17 12 10 6 22 22
split_gain=0.000334391 0.000232511 0.000201853 0.000214339 0.000389099 0.000377592 0.000482987 0.000313075 0.000238695 0.000187429 0.00018542 0.000330796 0.000199796 0.000314279 0.000278561 0.000155615 0.000154276 0.00014455 0.000164565 0.000189418 0.000265585 0.000141445 0.00023909 0.000151011 0.000140105 0.000132868 0.000129184 0.000120291 0.000117399 0.000313276
threshold=-0.0028877029894563418 54297.348166666678 113557.20150000001 10.500000000000002 17.500000000000004 566.50642857142941 0.0045541044678136808 0.52098841907506599 2.0874571168243001 -0.0014666873863289351 0.011456933127738768 0.01317749502348642 104479.83100000001 96641.614000000016 71928.757750000019 0.0047647750666872527 0.010000763090932951 41.988836097481574 0.0029607861990862223 1.3155559107089878 4.5000000000000009 0.0033960602871971122 59747.689833333345 81794.244000000021 1.1134396760104108 0.0011703910390638078 -0.0065625727423724847 113289.08050000003 14.500000000000002 12.500000000000002
decision_type=2 2 2 2 2 2 2 2 2 2 2 2 2 2 2 2 2 2 2 2 2 2 2 2 2 2 2 2 2 2
left_child=1 24 3 10 5 21 -7 -8 15 16 -2 -12 13 14 -13 -9 -3 18 -18 -20 -21 22 25 -23 -1 -5 -27 -6 29 -24
right_child=2 9 -4 4 27 6 7 8 -10 -11 11 12 -14 -15 -16 -17 17 -19 19 20 -22 23 28 -25 -26 26 -28 -29 -30 -31
leaf_value=8.3457276011729881e-05 -1.4816685148863646e-06 4.268796284203023e-06 -3.3088959391570945e-06 3.69396570918231e-07 -1.4594178243688702e-06 0 0 0 0 -2.9857617194196616e-06 0 6.2605319711417647e-05 0 0.00020598658937404847 0 0.00013145029697533543 0 0 0 0 9.0230439273289735e-05 -2.4812944626302742e-05 1.1898998716943507e-07 0 0 0 2.2407941546018198e-05 2.0330299271548515e-05 6.1669708996065147e-08 8.7511516359439286e-06
leaf_weight=57 52026 14922 18255 898 27148 82 33 59 21 2793 129 76 20 20 54 87 62 31 20 40 113 309 8831 428 56 154 1280 214 11163 7742
leaf_count=57 52026 14922 18255 898 27148 82 33 59 21 2793 129 76 20 20 54 87 62 31 20 40 113 309 8831 428 56 154 1280 214 11163 7742
internal_value=1.32695e-07 3.96694e-06 -3.8174e-07 7.35605e-08 1.34754e-06 3.66808e-06 3.92089e-05 6.58763e-05 8.29635e-05 3.51679e-06 -1.29218e-06 2.16374e-05 5.07295e-05 6.41433e-05 1.91205e-05 9.66575e-05 4.91011e-06 2.95971e-05 3.93047e-05 5.4349e-05 6.67321e-05 3.24521e-06 3.63513e-06 -8.59067e-06 4.90055e-05 1.32112e-05 1.91605e-05 -1.17928e-06 2.72178e-06 4.33251e-06
internal_weight=147123 18094 129029 110774 58449 31087 282 200 167 17981 52325 299 170 150 130 146 15188 266 235 173 153 30805 30068 737 113 2332 1434 27362 27736 16573
internal_count=147123 18094 129029 110774 58449 31087 282 200 167 17981 52325 299 170 150 130 146 15188 266 235 173 153 30805 30068 737 113 2332 1434 27362 27736 16573
is_linear=0
shrinkage=0.03


Tree=116
num_leaves=31
num_cat=0
split_feature=9 8 10 1 19 14 8 19 22 22 22 22 0 15 8 11 11 10 11 10 19 0 11 3 0 11 12 8 22 0
split_gain=0.000314607 0.000220361 0.000187969 0.000222757 0.000187801 0.000183583 0.00017135 0.000146868 0.000123684 0.000368117 0.000284478 0.000119968 0.000106894 0.000114624 0.000105932 0.00011249 0.000137568 0.000130269 0.000104824 0.000156636 0.000101547 9.9949e-05 0.000192904 9.88742e-05 0.000134928 9.58223e-05 0.000193083 0.000188186 9.44594e-05 9.25276e-05
threshold=-0.0028877029894563418 54297.348166666678 0.0024797827242030173 0.0041056786841764401 0.091243304846385362 0.0044274047504648641 56602.265416666669 0.038606713101137995 10.500000000000002 14.500000000000002 12.500000000000002 2.5000000000000004 -0.00080828201116028831 1.0266747899122171 114793.04733333334 0.0029267413857594431 0.00096299773784547173 0.0018640194436152504 0.0012393708759160565 -0.0034724108311127151 0.28993209230318423 0.0023856941769673239 0.0024078237317037708 0.002465764806675264 -0.001748503477529084 0.0027125530599269015 0.0028729244711353913 103914.93508333334 19.500000000000004 0.00073958410701768795
decision_type=2 2 2 2 2 2 2 2 2 2 2 2 2 2 2 2 2 2 2 2 2 2 2 2 2 2 2 2 2 2
left_child=1 7 6 12 29 -6 18 -1 11 10 -10 -8 -4 -14 15 16 -12 23 -2 -20 -9 22 -7 24 -18 26 -11 -28 -27 -3
right_child=2 4 3 -5 5 21 8 20 9 25 14 -13 13 -15 -16 -17 17 -19 19 -21 -22 -23 -24 -25 -26 28 27 -29 -30 -31
leaf_value=0 0 8.265485485605326e-07 -2.7921285337673004e-06 8.4743291822864289e-06 3.6239629141459534e-06 1.2391178925475922e-07 0 0.00010003940940661773 0 -2.0034715862737522e-06 3.8311030832292096e-06 -3.4151642857824622e-06 0 4.0005910462782734e-06 0 -3.74014349274505e-06 0 0 0 3.8921464671120404e-05 0 0 2.7177011761363704e-05 0 2.2979330057909533e-05 -1.7999299091527273e-05 0 6.4649943060542795e-05 0 -8.9403121236814446e-06
leaf_weight=22 460 5602 6636 3604 9482 638 11216 48 8009 28778 2418 31887 20151 9822 878 193 272 263 232 234 43 339 923 452 2018 697 288 73 448 997
leaf_count=22 460 5602 6636 3604 9482 638 11216 48 8009 28778 2418 31887 20151 9822 878 193 272 263 232 234 43 339 923 452 2018 697 288 73 448 997
internal_value=1.3092e-07 3.85036e-06 -3.67416e-07 1.29955e-06 3.40741e-06 5.7593e-06 -1.15595e-06 4.77436e-05 -1.32186e-06 -1.45522e-07 3.71131e-06 -2.47456e-06 5.11261e-07 1.34273e-06 8.3777e-06 9.90628e-06 1.09452e-05 1.5671e-05 1.13508e-05 2.14103e-05 6.54284e-05 1.48362e-05 1.80425e-05 1.76604e-05 2.03053e-05 -2.09163e-06 -1.63506e-06 1.94185e-05 -1.10898e-05 -1.94569e-07
internal_weight=147123 18094 129029 40213 17981 11382 88816 113 87890 44787 14503 43103 36609 29973 6494 5616 5423 3005 926 466 91 1900 1561 2742 2290 30284 29139 361 1145 6599
internal_count=147123 18094 129029 40213 17981 11382 88816 113 87890 44787 14503 43103 36609 29973 6494 5616 5423 3005 926 466 91 1900 1561 2742 2290 30284 29139 361 1145 6599
is_linear=0
shrinkage=0.03


Tree=117
num_leaves=31
num_cat=0
split_feature=12 5 9 5 8 10 22 23 22 7 22 5 22 1 11 5 11 3 22 22 23 21 5 10 22 7 22 15 19 22
split_gain=0.000304132 0.000241963 0.000378521 0.000219223 0.000197169 0.00039145 0.000911476 0.000190528 0.000159228 0.000158741 0.000404764 0.000305592 0.000263775 0.000255732 0.000326291 0.000233205 0.000183012 0.000181042 0.000149258 0.00051948 0.000230841 0.000261061 0.000468563 0.000206306 0.000177035 0.000148759 0.000155718 0.000146273 0.000148767 0.000142012
threshold=0.0027967959452666726 103112.35300000002 -0.014663343093056056 104930.39500000003 55203.617250000003 0.0011681877474694071 12.500000000000002 4.5000000000000009 21.500000000000004 66626.650750000015 2.5000000000000004 97064.592000000019 10.500000000000002 -0.0019311253992354003 0.0038274836040145285 79737.946000000011 0.0058525663598974148 0.0077732718106089402 11.500000000000002 14.500000000000002 3.5000000000000004 58.042449615014966 83455.961000000025 -0.0012577541881736429 16.500000000000004 113271.56675000001 4.5000000000000009 0.38120537284212813 0.00010027575868088686 20.500000000000004
decision_type=2 2 2 2 2 2 2 2 2 2 2 2 2 2 2 2 2 2 2 2 2 2 2 2 2 2 2 2 2 2
left_child=3 4 -3 7 5 6 -2 8 18 -6 16 12 15 14 17 -12 -11 27 -1 20 -20 22 -22 24 -21 26 -4 -14 -29 -9
right_child=1 2 25 -5 9 -7 -8 29 -10 10 11 -13 13 -15 -16 -17 -18 -19 19 23 21 -23 -24 -25 -26 -27 -28 28 -30 -31
leaf_value=6.4655834822607625e-07 0 0.00013565300977030055 0 -1.8315536699240756e-06 -7.250548742261254e-06 0 0.00015330224586315624 -2.1669985826419763e-06 -3.0919236241553053e-06 3.9004837982821e-05 0 -1.6276027092580937e-05 0 1.0910347156959488e-06 0 -3.3048737632763822e-05 0 0 6.9601067886090363e-06 -1.0674655816403499e-05 5.9629475645833404e-05 6.1239212411105583e-07 8.2922301604210085e-06 3.5183375252679355e-06 0 0 2.7580707093068237e-05 0 5.3556493267440891e-05 4.0938648500453655e-06
leaf_weight=33725 88 33 65 46877 1125 171 60 25231 5469 412 192 689 37 1656 339 260 60 50 6546 1951 377 608 580 10757 5160 117 550 44 421 3473
leaf_count=33725 88 33 65 46877 1125 171 60 25231 5469 412 192 689 37 1656 339 260 60 50 6546 1951 377 608 580 10757 5160 117 550 44 421 3473
internal_value=1.30718e-07 6.55335e-06 2.32296e-05 -1.38591e-07 3.74118e-06 2.74139e-05 6.32304e-05 6.74825e-07 1.5928e-06 1.74418e-06 4.8979e-06 7.05843e-07 5.60803e-06 1.0055e-05 2.33465e-05 -1.28112e-05 3.12911e-05 3.75718e-05 2.07219e-06 3.8074e-06 1.0138e-05 2.15124e-05 3.16546e-05 7.65736e-07 -2.97631e-06 1.40457e-05 2.12713e-05 4.33212e-05 4.80528e-05 -1.30495e-06
internal_weight=147123 6369 765 140754 5604 319 148 93877 65173 5285 4160 3688 2999 2547 891 452 472 552 59704 25979 8111 1565 957 17868 7111 732 615 502 465 28704
internal_count=147123 6369 765 140754 5604 319 148 93877 65173 5285 4160 3688 2999 2547 891 452 472 552 59704 25979 8111 1565 957 17868 7111 732 615 502 465 28704
is_linear=0
shrinkage=0.03


Tree=118
num_leaves=31
num_cat=0
split_feature=9 12 2 6 22 22 11 23 23 23 23 19 2 10 5 5 7 22 12 11 8 23 5 23 6 23 21 10 21 11
split_gain=0.000292591 0.000202518 0.00026856 0.000180671 0.000188118 0.000351685 0.000228947 0.000484557 0.000228842 0.000179027 0.000213371 0.00017047 0.000165037 0.000312842 0.000191592 0.000291226 0.00026327 0.000134955 0.000214694 0.000133071 0.000173784 0.000182446 0.000155237 0.000141816 0.000157443 0.000140427 0.000132064 0.000124659 0.000122659 0.000122511
threshold=-0.0028877029894563418 0.0055426614884636852 -0.0078490442514860797 113557.20150000001 10.500000000000002 17.500000000000004 0.0058525663598974148 5.5000000000000009 4.5000000000000009 5.5000000000000009 3.5000000000000004 0.091243304846385362 0.011456933127738768 0.01317749502348642 104479.83100000001 96641.614000000016 71928.757750000019 20.500000000000004 0.0020859230529649774 0.0033960602871971122 59747.689833333345 1.0000000180025095e-35 81781.975000000006 3.5000000000000004 62377.871500000008 2.5000000000000004 67.340727743873472 0.0065079897347554158 43.948720645706203 0.0024078237317037708
decision_type=2 2 2 2 2 2 2 2 2 2 2 2 2 2 2 2 2 2 2 2 2 2 2 2 2 2 2 2 2 2
left_child=1 11 -3 4 12 6 8 -8 19 10 27 -1 -2 -14 15 16 -15 -11 28 20 21 -6 -21 24 -22 -26 -25 -7 -19 -29
right_child=3 2 -4 -5 5 9 7 -9 -10 17 -12 -13 13 14 -16 -17 -18 18 -20 22 23 -23 -24 26 25 -27 -28 29 -30 -31
leaf_value=-2.7151270673024928e-07 -1.3810416807357811e-06 6.8695144995326596e-05 0 -3.1211764563339669e-06 0 -1.3225650098188099e-06 0 0.00017816612648680736 -3.3704918756965462e-07 0 -6.1197193863968195e-06 5.411960942408917e-06 0 6.0434862183666696e-05 0 0.00019945710000873943 0 0 -7.0601834426826667e-06 -2.3989320628584426e-05 -1.1391293681496187e-05 2.0577648228672244e-05 0 1.2719226461853249e-05 5.3600394058943228e-06 -8.8288974404492537e-07 0 9.8413369399257379e-06 2.0951674679439232e-05 -2.8689313730826691e-06
leaf_weight=6555 52026 105 140 18255 381 12825 119 22 9689 1996 8142 11294 129 76 20 20 54 409 282 281 574 1352 529 3061 10789 3551 739 2017 1125 566
leaf_count=6555 52026 105 140 18255 381 12825 119 22 9689 1996 8142 11294 129 76 20 20 54 409 282 281 574 1352 529 3061 10789 3551 739 2017 1125 566
internal_value=1.28653e-07 3.716e-06 3.22086e-05 -3.51161e-07 7.82443e-08 1.27314e-06 3.48062e-06 4.33716e-05 3.20179e-06 -1.12522e-06 -2.18948e-06 3.15665e-06 -1.19917e-06 2.04062e-05 4.88617e-05 6.20835e-05 1.77529e-05 4.66256e-06 1.06071e-05 4.95592e-06 5.5057e-06 1.53495e-05 -5.21789e-06 4.43373e-06 2.82652e-06 3.60491e-06 9.95191e-06 0 1.58108e-05 5.8948e-06
internal_weight=147123 18094 245 129029 110774 58449 31087 141 30946 27362 23550 17849 52325 299 170 150 130 3812 1816 21257 20447 1733 810 18714 14914 14340 3800 15408 1534 2583
internal_count=147123 18094 245 129029 110774 58449 31087 141 30946 27362 23550 17849 52325 299 170 150 130 3812 1816 21257 20447 1733 810 18714 14914 14340 3800 15408 1534 2583
is_linear=0
shrinkage=0.03


Tree=119
num_leaves=31
num_cat=0
split_feature=1 18 14 3 10 2 2 12 21 23 22 1 6 20 8 9 20 6 6 22 13 20 10 1 8 4 10 17 19 4
split_gain=0.000282407 0.00019839 0.000242178 0.000170681 0.000162755 0.000151987 0.000138452 0.000112997 0.000129202 0.000112105 0.000103081 0.000112519 0.000144143 0.000118313 9.55117e-05 8.41737e-05 8.10189e-05 7.85228e-05 0.000140209 0.000115596 0.000220063 9.37609e-05 6.86967e-05 6.82066e-05 6.64528e-05 6.53984e-05 6.25921e-05 6.06362e-05 9.84736e-05 7.20969e-05
threshold=-0.0045111074987689284 0.43572077524528702 0.004696054687649027 -0.0065476126734237408 0.0019564840504613383 0.0022607325875144695 -0.0011449144531231468 0.0023257464258486234 26.341221781879039 4.5000000000000009 17.500000000000004 0.0023799786546732098 101561.32550000002 0.030918206651036624 61047.613000000005 0.0010102169606899249 0.40539277602843865 69332.000500000009 83456.545500000022 17.500000000000004 157.13642857142938 0.06400662378579941 -0.0070238443386360086 -0.0020654503733779079 58049.635666666676 -0.002554078034551543 -0.0027179050765355202 1.8278813129863332 0.24655336350318038 0.0033868157209137055
decision_type=2 2 2 2 2 2 2 2 2 2 2 2 2 2 2 2 2 2 2 2 2 2 2 2 2 2 2 2 2 2
left_child=3 2 9 7 6 -6 26 -1 -9 14 11 15 13 -13 -2 16 -4 -16 19 20 -19 -22 -8 -23 -24 -11 -3 28 29 -10
right_child=1 4 10 -5 5 -7 22 8 27 25 -12 12 -14 -15 17 -17 -18 18 -20 -21 21 23 24 -25 -26 -27 -28 -29 -30 -31
leaf_value=4.1893926785146335e-06 6.3921478250093457e-06 1.808878336931275e-06 3.0086109280162057e-05 0 -6.9480502713597613e-07 3.7958936109658249e-06 -8.7724645420070158e-06 3.4928247000282893e-05 2.8342744794184863e-05 2.3254988308875764e-06 0 0 0 4.9772228375213255e-05 -2.0486961420255975e-06 -3.5355428028872597e-06 0 0 1.095055955583537e-06 0 0 0 4.1073541642868613e-06 2.9606983531259491e-05 -2.7631922605248165e-06 -2.3855023654183655e-06 -1.5283839951114231e-06 0 0 0
leaf_weight=1445 4002 10055 170 2095 18223 10169 2129 475 286 2884 332 30 44 277 4875 145 191 939 27483 549 85 144 968 732 36750 11252 10031 129 203 31
leaf_count=1445 4002 10055 170 2095 18223 10169 2129 475 286 2884 332 30 44 277 4875 145 191 939 27483 549 85 144 968 732 36750 11252 10031 129 203 31
internal_value=1.22912e-07 -9.41475e-08 1.3123e-06 7.39595e-06 -9.90119e-07 8.07947e-07 -1.89197e-06 1.26134e-05 2.07731e-05 9.50898e-07 1.48808e-05 2.03827e-05 3.58103e-05 4.34573e-05 1.81608e-06 3.74829e-06 1.4982e-05 1.20373e-06 1.83368e-06 8.89729e-06 1.25215e-05 2.27166e-05 -2.91737e-06 2.57377e-05 -2.50732e-06 -1.21214e-06 0 5.78744e-06 1.21132e-05 2.28068e-05
internal_weight=147123 142459 54134 4664 88325 28392 59933 2569 1124 52945 1189 857 351 307 38809 506 361 34807 29932 2449 1900 961 39847 876 37718 14136 20086 649 520 317
internal_count=147123 142459 54134 4664 88325 28392 59933 2569 1124 52945 1189 857 351 307 38809 506 361 34807 29932 2449 1900 961 39847 876 37718 14136 20086 649 520 317
is_linear=0
shrinkage=0.03


Tree=120
num_leaves=31
num_cat=0
split_feature=1 18 14 12 17 10 1 2 3 11 11 23 22 1 5 15 8 21 23 8 17 8 9 21 6 6 22 14 3 12
split_gain=0.000267387 0.000187177 0.000226929 0.000168515 0.000195072 0.00015298 0.000146255 0.00013027 0.000123408 0.000108736 0.000118984 0.000105419 9.64459e-05 0.000103631 0.00014861 8.96653e-05 8.95099e-05 8.80953e-05 8.30192e-05 0.000134511 9.81434e-05 8.0833e-05 8.01267e-05 7.67256e-05 7.42431e-05 0.000131621 0.000110415 0.00015315 0.000104627 9.35219e-05
threshold=-0.0045111074987689284 0.43572077524528702 0.004696054687649027 0.0055426614884636852 0.6712706461173984 0.0019564840504613383 0.0009619537646741173 -0.0011449144531231468 -0.0065476126734237408 0.0047647750666872527 0.0024078237317037708 4.5000000000000009 17.500000000000004 0.0023799786546732098 101299.22700000001 0.82814697012974081 61047.613000000005 44.134768641326957 2.5000000000000004 109269.55191666669 1.1076303996895456 59077.962833333346 0.0010102169606899249 29.469040198368671 69332.000500000009 83456.545500000022 17.500000000000004 0.0017445227798195079 0.0074415152131510629 0.0010130000519171843
decision_type=2 2 2 2 2 2 2 2 2 2 2 2 2 2 2 2 2 2 2 2 2 2 2 2 2 2 2 2 2 2
left_child=3 2 11 8 -5 7 -7 -3 9 10 -1 16 13 22 -15 -8 -2 -12 19 20 -17 -22 23 -4 -18 26 27 -26 29 -29
right_child=1 5 12 4 -6 6 15 -9 -10 -11 17 -13 -14 14 -16 18 24 -19 -20 -21 21 -23 -24 -25 25 -27 -28 28 -30 -31
leaf_value=3.6746264222702334e-06 6.2003882129288597e-06 0 0 0 6.6263703573281354e-05 -1.0840246446287553e-06 0 -2.8298490259340413e-06 0 -5.5578281981688717e-06 2.3480084779450396e-05 -1.16940967691988e-06 0 4.2645076309468865e-05 0 1.2851505829730546e-06 -1.9872365066716602e-06 0 1.2249407021954407e-06 0 0 1.6590948119625811e-05 -3.4295494323713482e-06 2.4077870752810547e-05 6.1897057735740385e-08 1.0622043753949736e-06 0 0 0 2.8797771036756542e-05
leaf_weight=1423 4002 20086 110 38 99 15180 4316 39847 2036 119 918 14136 332 305 46 1313 4875 31 4561 772 217 2033 145 251 939 27483 549 81 159 721
leaf_count=1423 4002 20086 110 38 99 15180 4316 39847 2036 119 918 14136 332 305 46 1313 4875 31 4561 772 217 2033 145 251 939 27483 549 81 159 721
internal_value=1.21095e-07 -8.9549e-08 1.27594e-06 7.19815e-06 4.3512e-05 -9.60415e-07 7.80539e-07 -1.83521e-06 5.43558e-06 9.91358e-06 1.19547e-05 9.24138e-07 1.44169e-05 1.9739e-05 3.46322e-05 3.1499e-06 1.76401e-06 2.12078e-05 4.87922e-06 8.03186e-06 1.06049e-05 1.47099e-05 3.4755e-06 1.45571e-05 1.16772e-06 1.78179e-06 8.63182e-06 1.21793e-05 2.08966e-05 2.53106e-05
internal_weight=147123 142459 54134 4664 137 88325 28392 59933 4527 2491 2372 52945 1189 857 351 13212 38809 949 8896 4335 3563 2250 506 361 34807 29932 2449 1900 961 802
internal_count=147123 142459 54134 4664 137 88325 28392 59933 4527 2491 2372 52945 1189 857 351 13212 38809 949 8896 4335 3563 2250 506 361 34807 29932 2449 1900 961 802
is_linear=0
shrinkage=0.03


Tree=121
num_leaves=31
num_cat=0
split_feature=10 0 12 5 22 22 23 5 23 21 7 4 19 23 2 10 5 7 21 2 12 8 22 8 12 8 12 12 12 6
split_gain=0.000254814 0.000319892 0.000208443 0.000184608 0.00017945 0.00042917 0.000288821 0.000260289 0.000256205 0.000443871 0.000326309 0.000224332 0.000169464 0.000159487 0.000141249 0.000438192 0.000295256 0.000256896 0.000141217 0.000137392 0.000128705 0.000172672 0.000432389 0.000522402 0.000368935 0.000300872 0.00032694 0.000454685 0.000292914 0.000284109
threshold=-0.015308135825943868 -0.0011089408731956294 0.0027967959452666726 104930.39500000003 11.500000000000002 14.500000000000002 4.5000000000000009 55076.499000000003 3.5000000000000004 58.042449615014966 83881.809250000006 0.0093274237327664062 0.0077002381348297349 5.5000000000000009 0.011456933127738768 0.01317749502348642 96866.508000000016 71928.757750000019 48.051141390373893 0.0028415443821335766 0.00098087906625093902 73778.213583333345 13.500000000000002 82549.641833333342 0.0025108874291498132 59486.121583333348 0.0016130443471044208 0.0012772159565720197 0.0019474968567810053 57229.717500000006
decision_type=2 2 2 2 2 2 2 2 2 2 2 2 2 2 2 2 2 2 2 2 2 2 2 2 2 2 2 2 2 2
left_child=1 2 -1 4 14 6 7 -6 19 10 -10 13 -4 -7 -2 -16 17 -17 -14 20 -9 25 23 28 -24 26 27 -22 -23 -29
right_child=3 -3 12 -5 5 11 -8 8 9 -11 -12 -13 18 -15 15 16 -18 -19 -20 -21 21 22 24 -25 -26 -27 -28 29 -30 -31
leaf_value=4.0031586010806622e-06 -7.1929116121781056e-07 0 0 -1.5972501907752411e-06 9.5755542313088731e-05 -1.4578127235817413e-06 0 0 5.3221262100877979e-05 0 1.049880654898711e-05 7.1356696404102106e-06 4.2926093706082602e-05 4.4267092279559572e-06 -2.0078869650622954e-06 5.8087037133307972e-05 0.0001927649119778522 0 0 -7.2698229742337537e-07 0 0 3.9649516744715566e-05 -4.3649286937753952e-07 0 -6.815961774162278e-06 0 0 0.00011892435026958869 0.00013808844465988687
leaf_weight=824 48769 1427 91 47169 39 27100 3620 1438 472 690 591 3865 528 4766 117 77 20 56 50 1410 119 104 847 1364 155 993 287 20 53 62
leaf_count=824 48769 1427 91 47169 39 27100 3620 1438 472 690 591 3865 528 4766 117 77 20 56 50 1410 119 104 847 1364 155 993 287 20 53 62
internal_value=1.18723e-07 8.89797e-06 1.86458e-05 -3.82522e-08 6.88673e-07 2.0065e-06 6.85991e-06 9.84057e-06 9.10144e-06 2.01134e-05 3.22939e-05 2.56677e-07 3.2194e-05 -4.83546e-07 -5.3992e-07 2.07404e-05 5.77212e-05 1.47448e-05 3.82548e-05 5.84609e-06 8.10039e-06 1.08679e-05 1.57764e-05 3.38885e-06 3.15844e-05 4.79667e-07 2.14697e-05 5.08131e-05 5.56983e-05 0.000106343
internal_weight=147123 2920 1493 144203 97034 47995 12264 8644 8605 1753 1063 35731 669 31866 49039 270 153 133 578 6852 5442 4004 2523 1521 1002 1481 488 201 157 82
internal_count=147123 2920 1493 144203 97034 47995 12264 8644 8605 1753 1063 35731 669 31866 49039 270 153 133 578 6852 5442 4004 2523 1521 1002 1481 488 201 157 82
is_linear=0
shrinkage=0.03


Tree=122
num_leaves=31
num_cat=0
split_feature=9 8 23 11 22 22 22 22 23 22 12 8 8 12 13 4 12 17 2 9 2 11 4 23 12 22 12 22 2 14
split_gain=0.000245444 0.00016141 0.000161199 0.000630368 0.000241062 0.00021447 0.000382996 0.000235909 0.00017111 0.000230522 0.000176947 0.000156536 0.000230376 0.000283983 0.000151751 0.000237778 0.000209652 0.000138103 0.000133671 0.000128094 0.000121835 0.000130714 0.000133993 0.000300076 0.000321144 0.00101419 0.00100096 0.000119545 0.000113631 0.000112376
threshold=-0.0026263380644825913 54297.348166666678 4.5000000000000009 0.0058525663598974148 21.500000000000004 11.500000000000002 14.500000000000002 12.500000000000002 5.5000000000000009 20.500000000000004 0.0020859230529649774 59747.689833333345 59486.121583333348 0.0022888919466955344 411.77428571428601 0.004834124742390534 0.0022556698279081479 1.1134396760104108 0.0035122957711910545 -0.0061577626442461111 0.014388747440676199 0.0016716934794898633 0.0041361586462235209 1.0000000180025095e-35 0.0017508597517799419 5.5000000000000009 0.0020613567220216689 3.5000000000000004 -0.0014666873863289351 0.010000763090932951
decision_type=2 2 2 2 2 2 2 2 2 2 2 2 2 2 2 2 2 2 2 2 2 2 2 2 2 2 2 2 2 2
left_child=1 17 4 8 5 20 7 18 -4 -10 -11 12 -8 -14 15 -9 -16 19 -7 -1 21 22 -2 24 27 -26 -27 -24 29 -3
right_child=2 28 3 -5 -6 6 11 14 9 10 -12 -13 13 -15 16 -17 -18 -19 -20 -21 -22 -23 23 -25 25 26 -28 -29 -30 -31
leaf_value=0.00011075084632777252 -9.1158306115207127e-07 3.376510808194176e-06 -4.1138932687200935e-06 0.00012549517279534527 -4.6929745641627348e-06 3.279359189729228e-06 3.3825953703666301e-06 1.2738371262304075e-05 -1.2994370818563234e-06 1.3372285139945692e-05 -6.3205885244748513e-06 -1.4322383821206487e-07 6.6464167538545922e-05 0 0 0 4.4045009162740441e-05 0 -1.4821220708583478e-05 0 2.6197955507730738e-05 -5.2110759235299665e-06 1.9096451870750915e-05 2.1218797491683761e-08 0 0.00030805056937877463 0 0 -1.5092875540743702e-06 2.5057278659885512e-05
leaf_weight=35 32287 16532 19838 34 7674 3435 1745 4604 16803 1825 300 22274 133 51 34 1667 301 61 387 24 149 4942 527 6549 141 25 26 946 3506 268
leaf_count=35 32287 16532 19838 34 7674 3435 1745 4604 16803 1825 300 22274 133 51 34 1667 301 61 387 24 149 4942 527 6549 141 25 26 946 3506 268
internal_value=1.17107e-07 3.18396e-06 -3.53652e-07 -1.97572e-06 3.2824e-07 8.45962e-07 2.63906e-06 7.46618e-06 -2.16523e-06 0 9.18025e-06 4.35287e-07 8.67009e-06 4.24906e-05 1.0949e-05 9.21994e-06 3.43519e-05 3.98739e-05 6.6132e-07 7.30347e-05 -4.50247e-07 -6.03696e-07 0 3.37861e-06 1.47819e-05 5.43874e-05 0.000170242 7.57956e-06 2.8192e-06 3.90109e-06
internal_weight=147123 20426 126697 38800 87897 80223 34631 10428 38766 18928 2125 24203 1929 184 6606 6271 335 120 3822 59 45592 45443 40501 8214 1665 192 51 1473 20306 16800
internal_count=147123 20426 126697 38800 87897 80223 34631 10428 38766 18928 2125 24203 1929 184 6606 6271 335 120 3822 59 45592 45443 40501 8214 1665 192 51 1473 20306 16800
is_linear=0
shrinkage=0.03


Tree=123
num_leaves=31
num_cat=0
split_feature=10 0 20 14 21 5 22 22 23 5 23 21 7 4 11 23 11 23 10 21 23 5 10 9 7 22 11 11 4 22
split_gain=0.000232543 0.000300708 0.000195018 0.000190716 0.000273964 0.00017353 0.000162809 0.000391356 0.000259944 0.000240338 0.000242415 0.00041719 0.000303601 0.000209377 0.000260146 0.000389728 0.000173763 0.000137724 0.000186806 0.000174421 0.000252156 0.000353963 0.000288942 0.000249176 0.000351505 0.000136712 0.000262915 0.000175728 0.000173124 0.000147036
threshold=-0.015308135825943868 -0.0011089408731956294 0.18802222176446573 0.010000763090932951 35.065888270503528 104930.39500000003 11.500000000000002 14.500000000000002 4.5000000000000009 55076.499000000003 3.5000000000000004 58.042449615014966 83881.809250000006 0.0093274237327664062 0.0058525663598974148 2.5000000000000004 0.0035834307357277763 3.5000000000000004 0.0079398264998082908 69.634467598405266 1.5000000000000002 78842.133000000016 0.024736133886761217 0.0067674353155857689 58066.633750000001 2.5000000000000004 0.0030182305929653207 0.0033960602871971122 -0.00011991510574188567 5.5000000000000009
decision_type=2 2 2 2 2 2 2 2 2 2 2 2 2 2 2 2 2 2 2 2 2 2 2 2 2 2 2 2 2 2
left_child=1 2 3 -1 -5 6 25 8 9 -8 -11 12 -12 16 17 -16 -9 19 -19 -15 -21 22 23 -22 -25 26 -2 29 -28 -27
right_child=5 -3 -4 4 -6 -7 7 13 -10 10 11 -13 -14 14 15 -17 -18 18 -20 20 21 -23 -24 24 -26 27 28 -29 -30 -31
leaf_value=1.7857889615759712e-05 1.1272413175819784e-06 0 0 0.00011698986028659871 0 -1.5449491784981859e-06 9.2199464006788751e-05 -2.7773015507793103e-08 0 5.4871888796681647e-06 5.142220049622645e-05 0 9.9276833506983793e-06 0 0 0.00013854128675252738 -1.5102854833961045e-05 1.4766354862979104e-05 -1.1642915856979326e-05 0 0 2.4447059688597233e-06 0 0 0.00012901826372007554 -3.8808381987650122e-06 0 -2.6795070804866924e-05 4.9110614974631856e-05 3.2656943152947751e-08
leaf_weight=793 11821 1427 620 60 20 47169 39 31151 3620 6852 472 690 591 1502 32 35 715 289 805 627 62 338 27 45 103 12266 180 256 180 24336
leaf_count=793 11821 1427 620 60 20 47169 39 31151 3620 6852 472 690 591 1502 32 35 715 289 805 627 62 338 27 45 103 12266 180 256 180 24336
internal_value=1.16282e-07 8.50294e-06 1.79627e-05 2.74374e-05 8.47997e-05 -3.27432e-08 6.71436e-07 1.9269e-06 6.56241e-06 9.38962e-06 8.66461e-06 1.9372e-05 3.11774e-05 2.5187e-07 6.89886e-06 6.93748e-05 -4.60214e-07 5.00507e-06 -1.92373e-06 8.91775e-06 1.7592e-05 3.22723e-05 6.21393e-05 7.48013e-05 9.72206e-05 -4.96124e-07 2.16243e-06 -1.45613e-06 2.78131e-05 -1.19687e-06
internal_weight=147123 2920 1493 873 80 144203 97034 47995 12264 8644 8605 1753 1063 35731 3865 67 31866 3798 1094 2704 1202 575 237 210 148 49039 12181 36858 360 36602
internal_count=147123 2920 1493 873 80 144203 97034 47995 12264 8644 8605 1753 1063 35731 3865 67 31866 3798 1094 2704 1202 575 237 210 148 49039 12181 36858 360 36602
is_linear=0
shrinkage=0.03


Tree=124
num_leaves=31
num_cat=0
split_feature=13 5 10 22 22 15 8 22 8 8 17 11 4 5 13 8 7 7 8 10 22 22 15 12 5 5 2 5 9 4
split_gain=0.000229127 0.000214075 0.000219996 0.000463739 0.000474991 0.000157898 0.000174499 0.00011488 0.000131738 0.000308905 0.000126497 0.000165774 0.000281812 0.000244613 0.000269913 0.000375754 0.000284924 0.000457148 0.000423388 0.000160324 0.000158293 0.000329249 0.000165963 0.000202466 0.0001385 0.00012252 0.000110458 0.000106606 0.000110106 0.000139965
threshold=364.82142857142964 78842.133000000016 -0.00097825298800613392 12.500000000000002 14.500000000000002 0.71103756459634948 59747.689833333345 2.5000000000000004 97565.598000000027 103595.89866666668 3.2844584992446344 0.0035834307357277763 0.0077326993838967581 89451.378000000012 411.77428571428601 83015.557000000015 83467.492500000008 87285.33425 90148.837916666685 -0.020515624119615102 17.500000000000004 13.500000000000002 2.6619872509630267 0.0037614578761866971 98216.605000000025 87291.03300000001 -0.0039115238549404232 59719.875000000007 0.0014298160201871026 0.022130136364004186
decision_type=2 2 2 2 2 2 2 2 2 2 2 2 2 2 2 2 2 2 2 2 2 2 2 2 2 2 2 2 2 2
left_child=5 2 3 -2 -5 -1 27 8 -3 -10 11 13 19 14 -9 -16 -17 -18 -19 -13 21 -14 23 -23 25 -25 -6 -7 -29 -30
right_child=1 7 -4 4 26 6 -8 10 9 -11 -12 12 20 -15 15 16 17 18 -20 -21 -22 22 -24 24 -26 -27 -28 28 29 -31
leaf_value=-1.3492013855621565e-06 0 0 0 0.00022389485823236745 5.8330489677365888e-05 4.2614540501848181e-06 2.6650516462262661e-07 0 6.2570764563110501e-05 0 5.9205894156968072e-05 0 -4.937764958715325e-06 0 0 0.00015132026558252446 0 9.3744543811217793e-05 0 -2.1382815879273602e-05 -3.3740219129096588e-06 0 0 0 0 0.00011636168061024491 0 0 5.4330288836807909e-05 0
leaf_weight=56973 193 237 266 26 50 5949 77641 444 141 104 35 238 70 2690 126 39 165 117 28 945 121 84 22 38 36 77 69 40 137 22
leaf_count=56973 193 237 266 26 50 5949 77641 444 141 104 35 238 70 2690 126 39 165 117 28 945 121 84 22 38 36 77 69 40 137 22
internal_value=1.18253e-07 5.69747e-06 2.36036e-05 3.97626e-05 8.09967e-05 -1.12561e-07 6.92499e-07 3.29736e-06 1.79793e-05 3.346e-05 1.38678e-06 4.26951e-07 -6.82307e-06 4.53475e-06 1.78964e-05 3.36289e-05 5.00779e-05 2.76219e-05 6.68289e-05 -1.55976e-05 9.65062e-06 2.36412e-05 4.30929e-05 5.16343e-05 7.31724e-05 9.00656e-05 2.44245e-05 5.58418e-06 3.00365e-05 4.18552e-05
internal_weight=147123 6361 604 338 145 140762 83789 5757 482 245 5275 5240 1631 3609 919 475 349 310 145 1183 448 327 257 235 151 115 119 6148 199 159
internal_count=147123 6361 604 338 145 140762 83789 5757 482 245 5275 5240 1631 3609 919 475 349 310 145 1183 448 327 257 235 151 115 119 6148 199 159
is_linear=0
shrinkage=0.03


Tree=125
num_leaves=31
num_cat=0
split_feature=9 19 14 20 23 11 22 22 22 22 10 23 22 7 5 2 4 21 1 7 11 2 10 22 11 21 10 23 11 5
split_gain=0.000223083 0.000197626 0.000289312 0.000264436 0.00014912 0.000546562 0.000225927 0.00019282 0.00034278 0.000222885 0.000164127 0.000160721 0.000215634 0.000147204 0.000131799 0.000125058 0.000115018 0.000114944 0.000113419 0.000134768 0.00011202 0.000110597 0.000146402 0.000128791 0.000126478 0.000175666 0.000144657 0.000269941 0.000155345 0.000417289
threshold=-0.0026263380644825913 0.091243304846385362 0.010000763090932951 0.081170576928208352 4.5000000000000009 0.0058525663598974148 21.500000000000004 11.500000000000002 14.500000000000002 12.500000000000002 0.0013252794531224412 5.5000000000000009 20.500000000000004 88153.84325000002 60431.304000000011 0.0031094361499616201 0.013637547302047583 51.69981924678688 -0.0026516090295105594 114458.91050000001 0.0023221825188931683 0.014388747440676199 0.01317749502348642 1.5000000000000002 0.0016716934794898633 56.13701541608755 0.0052702910419099034 1.0000000180025095e-35 0.0014406215652563042 101553.76000000001
decision_type=2 2 2 2 2 2 2 2 2 2 2 2 2 2 2 2 2 2 2 2 2 2 2 2 2 2 2 2 2 2
left_child=1 -1 -3 -4 6 11 7 21 9 15 18 -6 -13 -5 17 -9 -12 -10 -11 -20 -14 24 -23 -24 26 -26 -2 28 -28 -30
right_child=4 2 3 13 5 -7 -8 8 14 10 16 12 20 -15 -16 -17 -18 -19 19 -21 -22 22 23 -25 25 -27 27 -29 29 -31
leaf_value=-4.7443578595730781e-07 -6.5523112710662285e-07 4.5435996866347884e-06 0 0.0001029730824492592 -3.9602170332299102e-06 0.00011666404785277031 -4.5334349547421915e-06 3.2721165989095269e-06 0 0 1.4417833722643291e-06 -1.2318491946275597e-06 1.1806261217522256e-05 0 -1.2106713070518071e-07 -1.2678047222526158e-05 2.0664148778951928e-05 1.3093639853399129e-05 2.0243984247087528e-05 0 -3.3234397205770496e-06 0 0 7.3492883355172261e-05 0 -1.0550988469959505e-05 8.3980748581230537e-06 0 5.1127290536198255e-07 0.00012626550219950271
leaf_weight=7503 35661 12758 41 69 19838 34 7674 3339 815 295 3002 16803 1916 55 22068 483 392 1320 2503 414 209 53 33 63 2377 2565 1055 3576 159 50
leaf_count=7503 35661 12758 41 69 19838 34 7674 3339 815 295 3002 16803 1916 55 22068 483 392 1320 2503 414 209 53 33 63 2377 2565 1055 3576 159 50
internal_value=1.18025e-07 3.04224e-06 5.31613e-06 4.68397e-05 -3.29739e-07 -1.89063e-06 3.25151e-07 8.27316e-07 2.52741e-06 7.09636e-06 1.04752e-05 -2.0723e-06 0 6.95453e-05 4.34878e-07 4.71249e-07 4.54636e-06 7.58611e-06 1.58057e-05 1.7609e-05 8.90643e-06 -3.9825e-07 2.49939e-05 4.83767e-05 -5.47579e-07 -5.07837e-06 0 4.87188e-06 1.68247e-05 4.49892e-05
internal_weight=147123 20426 12923 165 126697 38800 87897 80223 34631 10428 6606 38766 18928 124 24203 3822 3394 2135 3212 2917 2125 45592 149 96 45443 4942 40501 4840 1264 209
internal_count=147123 20426 12923 165 126697 38800 87897 80223 34631 10428 6606 38766 18928 124 24203 3822 3394 2135 3212 2917 2125 45592 149 96 45443 4942 40501 4840 1264 209
is_linear=0
shrinkage=0.03


Tree=126
num_leaves=31
num_cat=0
split_feature=1 18 14 4 21 11 14 19 8 8 22 22 15 11 22 1 5 20 2 9 20 7 0 22 11 0 20 2 6 18
split_gain=0.00021442 0.000171257 0.000183394 0.000129993 0.000113215 0.000204642 0.000197011 0.00014244 0.000111682 0.0001097 0.000109862 0.000145008 9.87249e-05 8.4282e-05 8.40046e-05 9.4104e-05 0.000136563 0.000108507 8.32523e-05 6.99631e-05 7.44557e-05 6.67419e-05 6.57831e-05 8.60111e-05 6.54534e-05 6.41558e-05 6.34505e-05 6.30924e-05 5.92131e-05 6.21488e-05
threshold=-0.0045111074987689284 0.43572077524528702 0.004696054687649027 0.0026127550030821127 29.133545272137905 0.0024078237317037708 0.0050357075370898166 0.010289563212782975 56602.265416666669 109269.55191666669 1.0000000180025095e-35 5.5000000000000009 1.2682703424175479 0.001270055784363367 17.500000000000004 0.0023799786546732098 101755.66600000001 0.030918206651036624 -0.0012005585687602236 0.0010102169606899249 0.40539277602843865 60767.888750000006 0.0057765535971539004 16.500000000000004 0.0019814400359587556 -0.0012450855739550291 0.015921330865123397 -0.0021693761250210493 108111.86900000002 0.57263006560637619
decision_type=2 2 2 2 2 2 2 2 2 2 2 2 2 2 2 2 2 2 2 2 2 2 2 2 2 2 2 2 2 2
left_child=4 2 21 8 5 -1 -7 -8 13 10 25 -12 24 -3 15 19 17 -17 -10 20 -4 -2 23 -15 -13 -5 -9 -23 29 -14
right_child=1 3 14 9 -6 6 7 26 18 -11 11 12 28 22 -16 16 -18 -19 -20 -21 -22 27 -24 -25 -26 -27 -28 -29 -30 -31
leaf_value=2.6479188636155871e-06 4.2760698727839294e-06 0 2.7705132254465883e-05 0 1.3836255887760366e-06 0 0 0 -4.256093572210727e-08 -3.0896574287397524e-06 -3.3548800571582548e-06 2.2510434500753156e-06 1.2613725148818835e-05 3.546035366672037e-05 0 0 0 4.5895002737988093e-05 -2.5707962543893283e-06 -3.9916803663817776e-06 0 3.0211622936249086e-06 0 0 -3.2204348909126397e-06 1.7683514000424749e-05 5.0035431406950275e-05 0 2.8968250275201108e-05 1.7875628862281637e-06
leaf_weight=1238 5057 344 170 131 2811 184 68 32 19545 4659 4226 9386 947 220 332 30 45 276 42755 145 191 7509 27 128 2146 628 331 40379 169 3014
leaf_count=1238 5057 344 170 131 2811 184 68 32 19545 4659 4226 9386 947 220 332 30 45 276 42755 145 191 7509 27 128 2146 628 331 40379 169 3014
internal_value=1.1694e-07 -6.94893e-08 1.23602e-06 -9.03596e-07 6.45439e-06 1.25273e-05 2.75337e-05 3.8639e-05 -1.64945e-06 8.35246e-07 1.86621e-06 1.27071e-06 2.71037e-06 9.45557e-06 1.30853e-05 1.80487e-05 3.20655e-05 3.97603e-05 -1.82578e-06 2.39353e-06 1.32666e-05 9.13232e-07 1.93294e-05 2.39308e-05 9.72689e-07 1.35158e-05 4.61046e-05 4.9546e-07 6.83588e-06 5.13351e-06
internal_weight=147123 142459 54134 88325 4664 1853 615 431 63019 25306 20647 19888 15662 719 1189 857 351 306 62300 506 361 52945 375 348 11532 759 363 47888 4130 3961
internal_count=147123 142459 54134 88325 4664 1853 615 431 63019 25306 20647 19888 15662 719 1189 857 351 306 62300 506 361 52945 375 348 11532 759 363 47888 4130 3961
is_linear=0
shrinkage=0.03


Tree=127
num_leaves=31
num_cat=0
split_feature=13 5 10 20 20 18 16 7 9 23 17 10 10 17 10 2 10 0 23 17 5 11 7 9 7 23 13 13 10 13
split_gain=0.000204629 0.000198983 0.000208849 0.00018053 0.000215145 0.000192918 0.000145381 0.000171066 0.000191734 0.000187107 0.000203865 0.000138902 0.000178809 0.000107766 0.000107297 9.69482e-05 0.000139762 9.41453e-05 0.000107132 9.37091e-05 0.000249081 0.000119186 0.000210761 0.00014332 0.000113162 0.000110472 0.000115662 0.000154601 0.000101536 0.000124017
threshold=364.82142857142964 78842.133000000016 -0.00097825298800613392 0.018133262740363688 0.39790057346154012 0.75973538405357921 0.63498747679184364 60767.888750000006 0.0079492010184999424 3.5000000000000004 2.9594272264847792 0.0095822734504394953 0.024736133886761217 2.132840677737271 0.008216416323855948 -0.0016970967777203414 0.00021887031688760941 -0.0009346729797480301 4.5000000000000009 3.2844584992446344 99665.898000000001 0.0028482049487802042 109279.49650000002 0.0056927218294275947 91368.974250000014 1.0000000180025095e-35 397.58464285714223 566.50642857142941 0.010019150625262043 411.77428571428601
decision_type=2 2 2 2 2 2 2 2 2 2 2 2 2 2 2 2 2 2 2 2 2 2 2 2 2 2 2 2 2 2
left_child=6 2 3 -2 5 -5 -1 8 14 10 11 -10 -13 15 -8 -9 -17 -18 -19 21 -21 22 23 24 -3 26 -23 -28 -27 -30
right_child=1 19 -4 4 -6 -7 7 13 9 -11 -12 12 -14 -15 -16 16 17 18 -20 20 -22 25 -24 -25 -26 28 27 -29 29 -31
leaf_value=-1.5048778393630732e-06 0 0 0 7.2766741082954647e-05 0 0 4.3266889661470945e-06 1.7203255882920666e-06 0 0 0 7.0835031453174031e-05 0 4.4415066775334183e-06 -8.791584826574559e-06 -2.4481372799449899e-06 -3.7815110415555044e-06 2.1788483565224718e-06 -1.4244407611811469e-06 0 0.00012910227546704682 0 -7.147630478230076e-06 0 2.2561233764733956e-05 -3.5241754981923659e-07 -3.1181908118871298e-05 0 0 2.2117494674342689e-05
leaf_weight=45861 37 409 266 194 64 43 7932 18844 30 81 26 180 32 4906 468 25508 4048 22870 9976 20 20 125 432 373 1045 2201 349 241 119 423
leaf_count=45861 37 409 266 194 64 43 7932 18844 30 81 26 180 32 4906 468 25508 4048 22870 9976 20 20 125 432 373 1045 2201 349 241 119 423
internal_value=1.16762e-07 5.38936e-06 2.26553e-05 3.83799e-05 4.68362e-05 6.00201e-05 -1.00196e-07 5.47007e-07 4.55341e-06 2.75962e-05 4.0246e-05 5.05129e-05 5.91764e-05 1.05317e-07 3.23858e-06 -1.19602e-07 -7.23295e-07 3.87926e-07 9.9312e-07 3.05643e-06 5.25751e-05 2.18431e-06 7.68794e-06 1.2838e-05 1.71988e-05 -5.43626e-07 -1.15984e-05 -1.84234e-05 1.24462e-06 1.32629e-05
internal_weight=147123 6361 604 338 301 237 140762 94901 8749 349 268 242 212 86152 8400 81246 62402 36894 32846 5757 40 5717 2259 1827 1454 3458 715 590 2743 542
internal_count=147123 6361 604 338 301 237 140762 94901 8749 349 268 242 212 86152 8400 81246 62402 36894 32846 5757 40 5717 2259 1827 1454 3458 715 590 2743 542
is_linear=0
shrinkage=0.03


Tree=128
num_leaves=31
num_cat=0
split_feature=7 23 12 19 9 8 4 19 18 17 17 10 3 13 7 14 11 11 23 7 20 13 20 19 17 5 7 23 21 13
split_gain=0.000194648 0.000227842 0.000169492 0.000160806 0.000183033 0.000123648 0.000137266 0.000112295 0.000136253 0.000111527 0.000106578 9.33241e-05 8.16927e-05 7.84023e-05 7.32231e-05 8.67781e-05 0.000107125 0.000129091 0.000428036 0.000118497 9.16354e-05 0.000107547 6.81935e-05 7.71708e-05 6.69735e-05 9.84501e-05 0.00011403 0.000832056 0.00129823 7.74754e-05
threshold=56121.878500000013 3.5000000000000004 0.0018228852173268167 0.1407342132956497 -0.002145854896275778 56602.265416666669 0.022130136364004186 0.46993460346186317 0.86277959202063326 2.19629380603687 1.076587465250497 0.0031659175183085257 0.0026704296347100924 104.31214285714201 102755.18450000002 0.0018313997132282649 0.0047647750666872527 0.0025537207728633855 2.5000000000000004 58654.62675000001 0.0062957321442171687 474.27321428571514 0.61755815752352572 0.0052643734739885083 1.076587465250497 104930.39500000003 102310.52300000003 1.0000000180025095e-35 57.18136802545596 196.53535714285891
decision_type=2 2 2 2 2 2 2 2 2 2 2 2 2 2 2 2 2 2 2 2 2 2 2 2 2 2 2 2 2 2
left_child=1 2 -1 9 10 6 7 8 22 -2 -5 12 13 -6 15 -12 17 -17 19 -19 -21 -22 23 -4 25 26 -13 28 -28 -26
right_child=3 -3 5 4 11 -7 -8 -9 -10 -11 14 24 -14 -15 -16 16 -18 18 -20 20 21 -23 -24 -25 29 -27 27 -29 -30 -31
leaf_value=0 -1.325415373824724e-06 0 0 1.0559207898830527e-06 -1.3374030923736356e-06 0 0 0 0 4.8865024219870601e-06 0 3.6315046117177234e-06 -3.5487388544506594e-06 1.4041418897155938e-06 5.3856542526886749e-07 8.4266146392780218e-06 -1.1090412467745684e-06 0 0 0 7.1904606064854723e-05 0 0 5.2609552572894712e-05 1.8118014823224661e-06 -4.2634575889096454e-07 0.00032581003759848644 2.6252638670689976e-06 0 -5.0431386891089997e-06
leaf_weight=197 66588 753 31 7127 18429 33 89 122 65 2526 1165 8089 6673 19070 2034 2549 114 25 286 23 225 71 44 406 4606 2994 20 586 36 2147
leaf_count=197 66588 753 31 7127 18429 33 89 122 65 2526 1165 8089 6673 19070 2034 2549 114 25 286 23 225 71 44 406 4606 2994 20 586 36 2147
internal_value=1.12501e-07 1.00868e-05 1.96748e-05 0 9.42878e-07 2.60131e-05 2.92089e-05 3.39371e-05 3.99261e-05 -1.05497e-06 4.10819e-06 2.06905e-07 -4.87889e-07 0 6.99684e-06 9.27048e-06 1.18348e-05 1.32426e-05 2.79627e-05 5.05108e-05 5.55468e-05 6.00303e-05 4.54352e-05 4.9118e-05 2.03017e-06 3.41118e-06 5.07072e-06 1.85289e-05 0.000131172 0
internal_weight=147123 1740 987 145383 76269 790 757 668 546 69114 13619 62650 44172 37499 6492 4458 3293 3179 630 344 319 296 481 437 18478 11725 8731 642 56 6753
internal_count=147123 1740 987 145383 76269 790 757 668 546 69114 13619 62650 44172 37499 6492 4458 3293 3179 630 344 319 296 481 437 18478 11725 8731 642 56 6753
is_linear=0
shrinkage=0.03


Tree=129
num_leaves=31
num_cat=0
split_feature=1 5 22 22 23 13 21 12 3 23 7 9 10 23 6 15 14 22 11 23 7 12 14 22 12 23 5 5 12 17
split_gain=0.000190315 0.000151744 0.000148495 0.000511115 0.00030052 0.000202502 0.000222392 0.000192361 0.000191369 0.000316992 0.000357014 0.000185978 0.000183851 0.000207703 0.000172185 0.00016361 0.000158498 0.000140746 0.00023898 0.000211245 0.00021106 0.000194868 0.000187536 0.000142872 0.000149801 0.00078737 0.000634356 0.000739053 0.000229842 0.000250948
threshold=-0.0045111074987689284 115014.36400000002 11.500000000000002 14.500000000000002 4.5000000000000009 427.49464285714259 71.996435802210499 0.002436254390022004 0.0038289210131295941 3.5000000000000004 83881.809250000006 0.0017500809472822401 0.0063290996243757789 5.5000000000000009 109814.97400000002 0.76899305166532972 0.0023674801666627391 2.5000000000000004 0.0029267413857594431 1.0000000180025095e-35 101907.23525000001 0.002436254390022004 0.002865172003171971 5.5000000000000009 0.0017508597517799419 1.0000000180025095e-35 102320.76700000004 82801.690000000017 0.002138692460298157 1.0157614187368751
decision_type=2 2 2 2 2 2 2 2 2 2 2 2 2 2 2 2 2 2 2 2 2 2 2 2 2 2 2 2 2 2
left_child=-1 2 17 4 5 8 7 -7 9 -4 11 -11 13 -5 -12 -16 -17 18 -2 -20 22 23 -21 -19 -25 26 27 28 29 -26
right_child=1 -3 3 12 -6 6 -8 -9 -10 10 14 -13 -14 -15 15 16 -18 21 19 20 -22 -23 -24 24 25 -27 -28 -29 -30 -31
leaf_value=6.0825729681830881e-06 7.9161635250798206e-07 -2.8279670662406459e-06 6.3114159987856621e-06 -1.9637228052581625e-06 0 0 0 5.4864761281709108e-05 0 5.5360533740441166e-05 1.3038013136593037e-06 0 4.435057057930999e-06 3.9377201350143736e-06 0 0.00011411602716564955 0 -3.5155949783525115e-06 0 0 0 -1.3304089921745438e-05 5.9124016151288991e-05 -4.5187771848488838e-07 0 -2.5059523292994074e-07 0.00020389804739549155 0 0 0.00018444823072517405
leaf_weight=4664 15321 16041 6922 34153 4588 35 59 258 2091 390 927 87 6470 6120 49 41 40 15606 143 69 42 1287 228 30090 52 1069 29 191 23 38
leaf_count=4664 15321 16041 6922 34153 4588 35 59 258 2091 390 927 87 6470 6120 49 41 40 15606 143 69 42 1287 228 30090 52 1069 29 191 23 38
internal_value=1.11742e-07 -6.26835e-08 2.64471e-07 1.32594e-06 6.05577e-06 8.7707e-06 3.38582e-05 4.53875e-05 7.64867e-06 9.66106e-06 2.2819e-05 4.6423e-05 -1.76983e-07 -9.92424e-07 9.32576e-06 4.34244e-05 6.95747e-05 -7.17885e-07 1.64992e-06 2.27036e-05 3.59651e-05 -1.55324e-06 4.59968e-05 -1.16841e-06 0 9.57988e-06 5.01347e-05 2.55391e-05 8.73773e-05 0.000108994
internal_weight=147123 142459 126418 62230 15487 10899 352 293 10547 8456 1534 477 46743 40273 1057 130 81 64188 15803 482 339 48385 297 47098 31492 1402 333 304 113 90
internal_count=147123 142459 126418 62230 15487 10899 352 293 10547 8456 1534 477 46743 40273 1057 130 81 64188 15803 482 339 48385 297 47098 31492 1402 333 304 113 90
is_linear=0
shrinkage=0.03


Tree=130
num_leaves=31
num_cat=0
split_feature=10 0 20 14 7 15 18 2 0 22 19 20 14 4 23 15 22 3 13 3 22 10 14 23 13 14 22 2 22 12
split_gain=0.000183842 0.000277626 0.000185215 0.00016009 0.000147231 0.000132006 0.000131165 0.000120444 0.000127976 0.000139965 0.00013751 0.000154681 0.000180289 0.000115172 9.62984e-05 9.73757e-05 0.000116415 0.000105384 8.37878e-05 8.49696e-05 9.02878e-05 0.00013397 0.000110379 9.52614e-05 9.13016e-05 8.69041e-05 8.43747e-05 7.98662e-05 7.03665e-05 7.08624e-05
threshold=-0.015308135825943868 -0.0011089408731956294 0.18802222176446573 0.010000763090932951 112555.19900000001 1.6848764878022318 0.52129235399782348 0.014388747440676199 0.0027872995724158582 18.500000000000004 0.58443709742477168 0.55950365412551861 0.0031136412138280394 0.0026671735389325328 1.0000000180025095e-35 1.8106336958637625 8.5000000000000018 0.0085437580424538879 88.788571428570734 0.0048170702997010215 12.500000000000002 0.0084984894447777144 0.0026332933882071501 3.5000000000000004 250.89071428571594 0.0012830824645824947 22.500000000000004 0.0023093181190765315 12.500000000000002 0.0011835127981454378
decision_type=2 2 2 2 2 2 2 2 2 2 2 2 2 2 2 2 2 2 2 2 2 2 2 2 2 2 2 2 2 2
left_child=1 2 3 -1 6 -5 7 18 9 10 11 12 -9 -8 15 17 27 -15 -2 26 24 -22 23 25 -21 -23 -20 -17 29 -16
right_child=4 -3 -4 5 -6 -7 13 8 -10 -11 -12 -13 -14 14 28 16 -18 -19 19 20 21 22 -24 -25 -26 -27 -28 -29 -30 -31
leaf_value=1.6637388597842086e-05 -5.9684239432762185e-07 0 0 0 -2.3059772932471046e-06 0.00010766428343666797 -1.3782213617153412e-06 0 0 0 0 0 9.3566962008057624e-05 6.0298676788778602e-06 1.940777481630578e-07 0 0 -9.7320576559890386e-06 2.8495041328393425e-06 -4.2120873819765072e-07 -2.2801159493528203e-06 0 0 0 -1.5438365386498171e-05 3.1143310203022696e-05 -3.7097329983154506e-06 5.2911014027994561e-05 2.4073662519105177e-06 -5.0803418920767702e-06
leaf_weight=793 13871 1427 620 26 21874 54 45713 20 28 36 26 40 91 2286 4831 34 243 345 35770 1873 2272 57 914 200 677 391 1467 130 7822 3192
leaf_count=793 13871 1427 620 26 21874 54 45713 20 28 36 26 40 91 2286 4831 34 243 345 35770 1873 2272 57 914 200 677 391 1467 130 7822 3192
internal_value=1.1037e-07 7.56677e-06 1.6713e-05 2.58572e-05 -1.98179e-08 7.96606e-05 3.64454e-07 1.41808e-06 2.33258e-05 3.4001e-05 4.58514e-05 5.72989e-05 7.56192e-05 -5.30786e-07 1.36186e-06 6.30815e-06 2.14651e-05 2.82253e-06 1.27402e-06 1.93771e-06 -9.33481e-07 1.37786e-06 8.61885e-06 1.82298e-05 -5.58499e-06 2.59227e-05 2.51052e-06 4.22079e-05 2.24127e-07 -1.5305e-06
internal_weight=147123 2920 1493 873 144203 80 122329 57733 241 213 177 151 111 64596 18883 3038 407 2631 57492 43621 6384 3834 1562 648 2550 448 37237 164 15845 8023
internal_count=147123 2920 1493 873 144203 80 122329 57733 241 213 177 151 111 64596 18883 3038 407 2631 57492 43621 6384 3834 1562 648 2550 448 37237 164 15845 8023
is_linear=0
shrinkage=0.03


end of trees

feature_importances:
hour=557
atr_14=372
ma_60=278
rolling_std_24=270
ma_5=251
high_low_range=243
ma_20=214
rolling_std_12=201
day_of_week=200
close_ma60_ratio=190
ma_10=176
trade_count_ratio_20=141
rsi_14=131
close_ma20_ratio=118
return_24=91
volume_ratio_20=83
return_6=81
body_ratio=68
return_12=61
quote_volume_ratio_20=51
return_3=50
upper_shadow_ratio=44
lower_shadow_ratio=32
return_1=27

parameters:
[boosting: gbdt]
[objective: regression]
[metric: l2]
[tree_learner: serial]
[device_type: cpu]
[data_sample_strategy: bagging]
[data: ]
[valid: ]
[num_iterations: 500]
[learning_rate: 0.03]
[num_leaves: 31]
[num_threads: 20]
[seed: 42]
[deterministic: 0]
[force_col_wise: 0]
[force_row_wise: 0]
[histogram_pool_size: -1]
[max_depth: -1]
[min_data_in_leaf: 20]
[min_sum_hessian_in_leaf: 0.001]
[bagging_fraction: 0.8]
[pos_bagging_fraction: 1]
[neg_bagging_fraction: 1]
[bagging_freq: 0]
[bagging_seed: 400]
[bagging_by_query: 0]
[feature_fraction: 0.8]
[feature_fraction_bynode: 1]
[feature_fraction_seed: 30056]
[extra_trees: 0]
[extra_seed: 12879]
[early_stopping_round: 0]
[early_stopping_min_delta: 0]
[first_metric_only: 0]
[max_delta_step: 0]
[lambda_l1: 0.1]
[lambda_l2: 0.1]
[linear_lambda: 0]
[min_gain_to_split: 0]
[drop_rate: 0.1]
[max_drop: 50]
[skip_drop: 0.5]
[xgboost_dart_mode: 0]
[uniform_drop: 0]
[drop_seed: 17869]
[top_rate: 0.2]
[other_rate: 0.1]
[min_data_per_group: 100]
[max_cat_threshold: 32]
[cat_l2: 10]
[cat_smooth: 10]
[max_cat_to_onehot: 4]
[top_k: 20]
[monotone_constraints: ]
[monotone_constraints_method: basic]
[monotone_penalty: 0]
[feature_contri: ]
[forcedsplits_filename: ]
[refit_decay_rate: 0.9]
[cegb_tradeoff: 1]
[cegb_penalty_split: 0]
[cegb_penalty_feature_lazy: ]
[cegb_penalty_feature_coupled: ]
[path_smooth: 0]
[interaction_constraints: ]
[verbosity: -1]
[saved_feature_importance_type: 0]
[use_quantized_grad: 0]
[num_grad_quant_bins: 4]
[quant_train_renew_leaf: 0]
[stochastic_rounding: 1]
[linear_tree: 0]
[max_bin: 255]
[max_bin_by_feature: ]
[min_data_in_bin: 3]
[bin_construct_sample_cnt: 200000]
[data_random_seed: 175]
[is_enable_sparse: 1]
[enable_bundle: 1]
[use_missing: 1]
[zero_as_missing: 0]
[feature_pre_filter: 1]
[pre_partition: 0]
[two_round: 0]
[header: 0]
[label_column: ]
[weight_column: ]
[group_column: ]
[ignore_column: ]
[categorical_feature: ]
[forcedbins_filename: ]
[precise_float_parser: 0]
[parser_config_file: ]
[objective_seed: 16083]
[num_class: 1]
[is_unbalance: 0]
[scale_pos_weight: 1]
[sigmoid: 1]
[boost_from_average: 1]
[reg_sqrt: 0]
[alpha: 0.9]
[fair_c: 1]
[poisson_max_delta_step: 0.7]
[tweedie_variance_power: 1.5]
[lambdarank_truncation_level: 30]
[lambdarank_norm: 1]
[label_gain: ]
[lambdarank_position_bias_regularization: 0]
[eval_at: ]
[multi_error_top_k: 1]
[auc_mu_weights: ]
[num_machines: 1]
[local_listen_port: 12400]
[time_out: 120]
[machine_list_filename: ]
[machines: ]
[gpu_platform_id: -1]
[gpu_device_id: -1]
[gpu_use_dp: 0]
[num_gpu: 1]

end of parameters

pandas_categorical:[]
